{"type":"FeatureCollection","features":[{"type":"Feature","id":"US-Alabama","properties":{"name":"Alabama","country":"US"},"geometry":{"type":"MultiPolygon","coordinates":[[[[-88.3310233906339,30.235387028960282],[-88.13002292702927,30.26201787936879],[-88.12643363303633,30.283494371633708],[-88.07618351713516,30.249131984009836],[-88.10848716307163,30.22507831267312],[-88.14438010300103,30.238823267722672],[-88.20898739487394,30.237105148341477],[-88.28077327473274,30.222501133601334],[-88.3310233906339,30.235387028960282]]],[[[-88.20180880688807,34.99543677455774],[-88.20180880688807,35.008322669916694],[-87.66341470794707,35.00316831177311],[-87.43728918639187,35.00316831177311],[-86.86300214752147,34.99200053579535],[-86.52919780617806,34.99028241641416],[-86.39639392843928,34.99200053579535],[-85.82569618356183,34.988564297032966],[-85.60674924999249,34.98426899857998],[-85.5529098400984,34.70851083789837],[-85.47035607826078,34.32794739496394],[-85.40574878638786,34.00236377222772],[-85.35908796447964,33.749800223192224],[-85.30524855458555,33.48263265941659],[-85.18680185281852,32.870123100021],[-85.15449820688207,32.84263318992189],[-85.16885538285382,32.8117070410604],[-85.1221945609456,32.77304935498354],[-85.1042480909809,32.645049461084604],[-85.0683551510515,32.583197163361625],[-85.00733715317153,32.52392204471044],[-84.99656927119271,32.45347915008149],[-84.96426562525625,32.42255300122001],[-85.00015856518564,32.32204301742017],[-84.93555127331273,32.297989346083455],[-84.89247974539745,32.26362695845958],[-84.92837268532685,32.21895585454854],[-84.96785491924919,32.21895585454854],[-84.96067633126331,32.19833842197421],[-85.01092644716447,32.18029816847168],[-85.05758726907268,32.13562706456064],[-85.04681938709386,32.08751972188721],[-85.05399797507975,32.01364058849588],[-85.07912303303033,31.939761455104545],[-85.12937314893149,31.877909157381566],[-85.1401410309103,31.839251471304706],[-85.11860526695267,31.732728069670692],[-85.12578385493855,31.69492944328443],[-85.05758726907268,31.620191250202495],[-85.04681938709386,31.51710408733087],[-85.07194444504445,31.46813768496684],[-85.06476585705856,31.431198118271176],[-85.09348020900208,31.362473343023424],[-85.08989091500915,31.29460762746627],[-85.11501597295972,31.276567373963736],[-85.09706950299503,31.23275532974329],[-85.10783738497385,31.18636610645106],[-85.03605150511505,31.108191674606744],[-85.01092644716447,31.053211854408538],[-85.00374785917859,31.000809213282125],[-85.24423055670556,31.000809213282125],[-85.4990704302043,30.996513914829144],[-85.8938927694277,30.993077676066754],[-86.51842992419924,30.993077676066754],[-87.00298461324613,30.999091093900937],[-87.59880741607415,30.99737297451974],[-87.58803953409534,30.964728706277057],[-87.63470035600356,30.865936841858414],[-87.62752176801767,30.846178468974685],[-87.54496800618006,30.77831275341753],[-87.53420012420123,30.743091306103054],[-87.4049855404554,30.674366530855302],[-87.39421765847658,30.615091412204116],[-87.44805706837069,30.527467323763233],[-87.43728918639187,30.480219040780405],[-87.36550330653306,30.43640699655996],[-87.43011059840597,30.406339907389068],[-87.4588249503495,30.33589701276012],[-87.49112859628596,30.323011117401165],[-87.46600353833539,30.302393684826846],[-87.51984294822948,30.280058132871325],[-87.65623611996119,30.249991043700433],[-87.7998078796788,30.229373611126107],[-88.00080834328342,30.225937372363717],[-87.9362010514105,30.261158819678194],[-87.89312952349523,30.238823267722672],[-87.76750423374233,30.26201787936879],[-87.75673635176351,30.291225908849086],[-87.81057576165762,30.332460773997738],[-87.83570081960819,30.369400340693403],[-87.90748669946699,30.409776146151458],[-87.93261175741758,30.487091518305178],[-87.90030811148111,30.55066193540935],[-87.91107599345993,30.615950471894713],[-87.9362010514105,30.657185337043366],[-88.00798693126931,30.684675247142465],[-88.06182634116341,30.645158501375008],[-88.05464775317753,30.612514233132323],[-88.08695139911399,30.5635478307683],[-88.08336210512105,30.52832638345383],[-88.10489786907868,30.50083647335473],[-88.10848716307163,30.377131877908774],[-88.13720151501515,30.32043393832938],[-88.19104092490925,30.31699769956699],[-88.1874516309163,30.34792384842848],[-88.25923751077511,30.38228623605236],[-88.3130769206692,30.368541281002805],[-88.3310233906339,30.388299653886534],[-88.39563068250682,30.369400340693403],[-88.40639856448564,30.560111592005917],[-88.41716644646446,30.86679590154901],[-88.43870221042211,31.2301781506715],[-88.4745951503515,31.894231291502912],[-88.44229150441504,32.13734518394183],[-88.3669163305633,32.74727756426564],[-88.3489698605986,32.92939821867218],[-88.23052315883159,33.891545072140715],[-88.20898739487394,34.02899462263622],[-88.14079080900808,34.58137000369003],[-88.09771928109281,34.89234961168611],[-88.15514798497985,34.922416700857],[-88.20180880688807,34.99543677455774]]]]}},{"type":"Feature","id":"US-Alaska","properties":{"name":"Alaska","country":"US"},"geometry":{"type":"MultiPolygon","coordinates":[[[[-150.24275547485473,61.13748221911219],[-150.2212197108971,61.170126487354864],[-150.15661241902419,61.16067683075829],[-150.22839829888298,61.123737264062626],[-150.24275547485473,61.13748221911219]]],[[[-150.77397098580985,59.33259780916808],[-150.66988146001458,59.4099131813218],[-150.61604205012048,59.395309166581654],[-150.61963134411343,59.3557924208142],[-150.72013157591576,59.29222200371002],[-150.77397098580985,59.308544137831376],[-150.77397098580985,59.33259780916808]]],[[[-151.52772272432725,59.147899975689754],[-151.43440108051078,59.13587314002139],[-151.44516896248962,59.104946991159906],[-151.52772272432725,59.147899975689754]]],[[[-151.71795530595304,59.132436901259],[-151.63899083810838,59.117832886518855],[-151.66411589605895,59.089483916729165],[-151.71436601196012,59.101510752397516],[-151.71795530595304,59.132436901259]]],[[[-151.86152706567066,59.16594022919229],[-151.78974118581183,59.16422210981109],[-151.80768765577653,59.13501408033079],[-151.86152706567066,59.16594022919229]]],[[[-151.89024141761416,58.21925645015449],[-151.86152706567066,58.25791413623135],[-151.78974118581183,58.246746360253596],[-151.81845553775537,58.18403500284002],[-151.87229494764946,58.169430988099876],[-151.89024141761416,58.21925645015449]]],[[[-152.0732954112541,58.924544456134555],[-152.03022388333883,58.94859812747127],[-151.9548487094871,58.914235739847385],[-152.0732954112541,58.91251762046619],[-152.0732954112541,58.924544456134555]]],[[[-152.08406329323293,60.346288244072426],[-151.97997376743766,60.41415395962959],[-151.95125941549415,60.51036864497644],[-151.839991301713,60.485455913949124],[-151.9404915335153,60.430476093750926],[-151.9727951794518,60.388382168911676],[-151.9548487094871,60.36776473633735],[-152.08406329323293,60.346288244072426]]],[[[-152.35684963669635,58.91509479953798],[-152.3065995207952,58.96234308252082],[-152.24199222892227,58.9382894111841],[-152.15943846708467,58.93485317242171],[-152.27788516885167,58.90650420263202],[-152.35684963669635,58.91509479953798]]],[[[-152.6404038621386,60.16502664935648],[-152.57938586425863,60.17018100750006],[-152.56143939429393,60.09458375472754],[-152.6404038621386,60.16502664935648]]],[[[-153.41928065860657,58.06376664615645],[-153.31519113281132,58.140222958619574],[-153.26135172291723,58.14537731676316],[-153.1680300791008,58.088679377183766],[-153.1500836091361,58.1058605709957],[-153.22545878298783,58.1616994508845],[-153.20392301903019,58.208088674176736],[-153.17161937309373,58.2166792710827],[-153.07470843528435,58.19520277881777],[-152.9993332614326,58.211524912939126],[-153.10342278722786,58.25791413623135],[-153.04599408334082,58.30602147890478],[-152.94190455754557,58.27939062849627],[-152.88806514765147,58.28282686725866],[-152.93831526355262,58.330934209932096],[-152.89524373563734,58.34553822467224],[-152.82345785577854,58.3283570308603],[-152.7732077398774,58.36701471693716],[-152.8378150317503,58.37216907508075],[-152.88447585365853,58.40051804487044],[-152.81268997379973,58.40309522394223],[-152.73372550595505,58.46065222321222],[-152.6116895101951,58.47611529764296],[-152.65476103811037,58.50618238681386],[-152.6655289200892,58.56459844577445],[-152.56861798227982,58.621296385353844],[-152.54349292432923,58.594665534945335],[-152.3532603427034,58.63847757916578],[-152.32813528475285,58.6324641613316],[-152.3712068126681,58.531095117841176],[-152.41786763457634,58.51563204341042],[-152.51118927839278,58.42714889527895],[-152.49324280842808,58.3549878812688],[-152.36402822468224,58.36443753786537],[-152.35684963669635,58.42371265651656],[-152.27788516885167,58.41598111930118],[-152.20250999499993,58.3549878812688],[-152.13072411514113,58.39622274641745],[-152.08765258722588,58.36787377662776],[-152.14867058510583,58.26736379282792],[-152.11636693916938,58.24846447963479],[-152.08406329323293,58.31031677735777],[-151.98715235542355,58.350692582815824],[-151.96202729747296,58.3292160905509],[-151.9727951794518,58.23042422613226],[-152.08047399923998,58.15396791366912],[-152.19533140701407,58.17372628655285],[-152.2348136409364,58.243310121491206],[-152.31018881478815,58.220974569535684],[-152.26352799287992,58.13592766016659],[-152.3424924607246,58.11874646635465],[-152.48247492644924,58.12991424233242],[-152.53990363033628,58.08352501904018],[-152.56861798227982,58.11445116790166],[-152.56143939429393,58.17802158500584],[-152.59733233422332,58.17973970438703],[-152.62963598015978,58.081806899658986],[-152.6583503321033,58.06118946708466],[-152.76961844588445,58.046585452344516],[-152.76243985789856,58.01480024379242],[-152.8198685617856,57.99590093059929],[-152.9813867914679,57.98473315462154],[-153.29006607486073,58.050021691106906],[-153.36544124871247,58.03885391512914],[-153.41928065860657,58.06376664615645]]],[[[-153.55926312433124,59.39101386812867],[-153.4121020706207,59.41506753946538],[-153.34749477874777,59.37812797276972],[-153.36544124871247,59.336893107621066],[-153.4121020706207,59.32314815257152],[-153.51619159641595,59.32057097349973],[-153.573620300303,59.37125549524494],[-153.55926312433124,59.39101386812867]]],[[[-154.1586752211522,56.691848320273195],[-154.04740710737107,56.730506006350055],[-154.01869275542754,56.6892711412014],[-154.15149663316632,56.681539603986025],[-154.1586752211522,56.691848320273195]]],[[[-154.36326497874978,56.542371934109326],[-154.291479098891,56.595633634926344],[-154.2232825130251,56.61281482873828],[-154.18380027910277,56.60336517214171],[-154.09406792927928,56.617969186881865],[-154.07612145931458,56.58360679925798],[-154.00792487344873,56.5518215907059],[-153.8787102897029,56.565566545755445],[-153.88588887768876,56.533781337203365],[-153.95408546355463,56.507150486794856],[-154.11919298722987,56.50199612865127],[-154.23405039500395,56.49082835267352],[-154.348907802778,56.51230484493844],[-154.36326497874978,56.542371934109326]]],[[[-154.77962308193082,57.366210177391764],[-154.707837202072,57.38081419213191],[-154.69348002610025,57.44610272861728],[-154.62887273422734,57.51053220541205],[-154.53914038440382,57.539740234892335],[-154.52119391443912,57.5775388612786],[-154.46735450454503,57.57066638375383],[-154.34531850878508,57.630800562095615],[-154.22687180701806,57.6617267109571],[-154.08688934129339,57.64884081559815],[-153.98279981549814,57.649699875288746],[-153.98279981549814,57.553485189941895],[-153.8894781716817,57.504518787577865],[-153.87512099570995,57.543176473654725],[-153.81410299782996,57.588706637256365],[-153.8787102897029,57.62994150240502],[-153.85717452574525,57.65141799466994],[-153.66694194411943,57.639391159001576],[-153.67770982609824,57.669458248172475],[-153.8643531137311,57.70725687455874],[-153.932549699597,57.70382063579635],[-153.93613899358994,57.81292121650216],[-153.8248708798088,57.86532385762857],[-153.72078135401352,57.89023658865588],[-153.64899547415473,57.87992787236871],[-153.57003100631005,57.83182052969529],[-153.5484952423524,57.717565590845894],[-153.4946558324583,57.72873336682366],[-153.46235218652185,57.79488096299963],[-153.48029865648655,57.84212924598245],[-153.35467336673366,57.80948497773977],[-153.32954830878307,57.849860783197826],[-153.46235218652185,57.88078693205931],[-153.5377273603736,57.930612394113936],[-153.512602302423,57.9684110205002],[-153.45158430454302,57.96325666235661],[-153.2685303109031,57.888518469274686],[-153.23622666496664,57.891954708037076],[-153.12854784517845,57.85673326072259],[-153.0890656112561,57.86532385762857],[-153.20033372503724,57.92975333442334],[-153.27211960489603,57.958961363903626],[-153.29724466284662,57.99675999028989],[-153.23622666496664,57.99675999028989],[-153.12854784517845,57.946934528235275],[-153.02445831938317,57.95724324452243],[-152.87729726567264,57.93233051349513],[-152.85217220772208,57.97442443833438],[-152.72295762397624,57.98731033369333],[-152.75167197591975,57.93318957318573],[-152.8916544416444,57.84212924598245],[-152.91677949959498,57.77082729166291],[-152.84858291372913,57.739901142801415],[-152.84858291372913,57.82151181340812],[-152.7911542098421,57.85845138010379],[-152.73372550595505,57.81635745526454],[-152.71577903599035,57.855874201031995],[-152.65476103811037,57.8833641111311],[-152.63681456814567,57.91858555844557],[-152.58656445224452,57.927176155351546],[-152.55067151231512,57.90054530494304],[-152.47170704447043,57.962397602666016],[-152.41068904659045,57.969270080190796],[-152.42504622256223,57.930612394113936],[-152.3245459907599,57.916867439064376],[-152.36402822468224,57.8842231708217],[-152.4035104586046,57.901404364633635],[-152.4681177504775,57.888518469274686],[-152.39992116461164,57.85759232041319],[-152.41786763457634,57.81549839557394],[-152.3496710487105,57.834397708767085],[-152.31018881478815,57.79058566454664],[-152.21327787697876,57.79144472423724],[-152.2994209328093,57.7459145606356],[-152.35684963669635,57.7742635304253],[-152.4429926925269,57.77598164980648],[-152.49683210242102,57.734746784657844],[-152.43940339853398,57.727015247442466],[-152.4681177504775,57.681485083840826],[-152.37479610666105,57.67461260631606],[-152.4681177504775,57.598156293852924],[-152.3855639886399,57.61276030859308],[-152.33890316673165,57.65313611405114],[-152.32095669676696,57.62306902488024],[-152.15225987909878,57.61963278611785],[-152.16302776107761,57.58441133880338],[-152.29224234482342,57.517404682936814],[-152.33890316673165,57.42290811697116],[-152.47529633846338,57.434075892948925],[-152.48247492644924,57.4675792208822],[-152.51836786637864,57.43235777356773],[-152.60092162821627,57.4684382805728],[-152.66193962609626,57.46328392242921],[-152.74449338793386,57.50537784726846],[-152.79833279782798,57.49421007129071],[-152.88447585365853,57.51053220541205],[-152.91319020560204,57.47101545964459],[-152.81627926779265,57.47187451933519],[-152.76243985789856,57.45727050459503],[-152.60092162821627,57.3825323115131],[-152.62963598015978,57.32239813317132],[-152.7121897419974,57.27772702926028],[-152.75167197591975,57.30865317812177],[-152.8198685617856,57.265700193591925],[-152.88806514765147,57.29147198430984],[-152.90960091160912,57.324116252552514],[-152.98497608546086,57.339579326983255],[-153.05676196531965,57.3292706106961],[-153.1177799631996,57.29748540214402],[-153.01369043740436,57.2992035215252],[-152.94190455754557,57.257109596685964],[-153.07829772927727,57.211579433084324],[-153.20033372503724,57.22188814937148],[-153.214690901009,57.204706955559544],[-153.1249585511855,57.17549892607926],[-153.07470843528435,57.18666670205701],[-152.94908314553143,57.18752576174761],[-152.87011867768678,57.15058619505194],[-152.90960091160912,57.12653252371523],[-152.99574396743967,57.11966004619045],[-153.1177799631996,57.09131107640076],[-153.14649431514314,57.100760732997315],[-153.214690901009,57.075848001970016],[-153.20392301903019,57.033754077130766],[-153.30083395683957,56.99080109260092],[-153.34749477874777,57.007982286412854],[-153.3223697207972,57.037190315893156],[-153.4049234826348,57.08014330042299],[-153.37979842468422,57.120519105881044],[-153.28288748687487,57.17378080669806],[-153.31160183881838,57.19439823927239],[-153.36544124871247,57.176357985769855],[-153.48747724447244,57.08615671825717],[-153.49824512645125,57.065539285682846],[-153.57720959429594,57.09302919578195],[-153.65617406214062,57.08443859887598],[-153.67412053210532,57.05437150970509],[-153.58079888828888,57.04921715156151],[-153.54490594835949,56.995096391053906],[-153.6023346522465,56.942693749927486],[-153.69206700207002,56.92551255611555],[-153.68847770807707,56.865378377773766],[-153.77821005790057,56.830156930459296],[-153.82128158581585,56.84132470643705],[-153.90383534765346,56.77088181180811],[-153.97203193351933,56.7451100210902],[-154.03663922539224,56.76315027459273],[-154.14790733917337,56.745969080780796],[-154.06894287132872,56.84562000489004],[-154.02946063740637,56.85506966148661],[-153.93613899358994,56.91606289951899],[-153.84999593775936,56.942693749927486],[-153.85717452574525,56.97447895847958],[-153.97562122751225,56.95472058559585],[-153.96485334553344,56.99939168950688],[-153.88588887768876,57.08701577794777],[-153.7817993518935,57.13168688185881],[-153.8069244098441,57.15745867257672],[-153.8607638197382,57.11880098649985],[-153.98279981549814,57.06639834537344],[-154.07612145931458,56.97018366002659],[-154.16226451514513,56.91949913828137],[-154.2125146310463,56.91004948168481],[-154.230461101011,56.872250855298546],[-154.29865768687685,56.846479064580635],[-154.3130148628486,56.918640078590784],[-154.40633650666507,56.9684655406454],[-154.52478320843207,56.991660152291516],[-154.51401532645326,57.07756612135121],[-154.52837250242501,57.16862644855448],[-154.57503332433322,57.239928402874014],[-154.61451555825556,57.26741831297312],[-154.6970693200932,57.28459950678506],[-154.79398025790258,57.288894805238044],[-154.7437301420014,57.314666595955956],[-154.7975695518955,57.346451804508035],[-154.77962308193082,57.366210177391764]]],[[[-154.80474813988138,56.434130413094124],[-154.707837202072,56.52089544184442],[-154.52478320843207,56.604224231832305],[-154.44940803458033,56.600787993069915],[-154.3919793306933,56.55439876977769],[-154.43505085860858,56.53464039689396],[-154.63246202822026,56.471929039480386],[-154.73655155401553,56.404063323923225],[-154.80474813988138,56.434130413094124]]],[[[-155.7487324600246,55.82591615215151],[-155.65541081620816,55.86113759946599],[-155.63746434624346,55.89378186770867],[-155.59080352433523,55.9126811809018],[-155.56208917239172,55.88519127080269],[-155.58362493634934,55.84825170410703],[-155.56567846638467,55.78983564514644],[-155.59080352433523,55.76148667535675],[-155.72001810808106,55.7726544513345],[-155.7487324600246,55.82591615215151]]],[[[-156.75014548405483,56.037244836038354],[-156.73219901409013,56.07762064149641],[-156.68194889818898,56.09909713376133],[-156.63528807628074,56.04841261201611],[-156.68194889818898,55.99429185150851],[-156.75014548405483,56.037244836038354]]],[[[-156.80398489394892,56.19702993848938],[-156.77168124801247,56.227097027660264],[-156.76091336603366,56.156654133031324],[-156.79680630596306,56.15579507334073],[-156.80398489394892,56.19702993848938]]],[[[-157.3244325229252,56.540653814728145],[-157.24905734907347,56.58188867987678],[-157.07677123741237,56.579311500805005],[-156.98703888758885,56.53292227751277],[-157.11266417734177,56.552680650396496],[-157.1700928812288,56.530345098440975],[-157.3244325229252,56.52519074029739],[-157.3244325229252,56.540653814728145]]],[[[-157.90230885578853,56.34822444403443],[-157.83411226992268,56.36970093629935],[-157.79463003600034,56.32073453393534],[-157.8269336819368,56.311284877338764],[-157.90230885578853,56.34822444403443]]],[[[-158.8965432918329,55.82591615215151],[-158.8678289398894,55.88089597234972],[-158.79963235402352,55.891204688636876],[-158.70272141621416,55.84137922658226],[-158.73143576815767,55.82591615215151],[-158.8068109420094,55.8577013607036],[-158.8965432918329,55.82591615215151]]],[[[-159.14420457734576,55.87660067389673],[-159.08677587345872,55.83450674905748],[-159.1836868112681,55.84481546534464],[-159.14420457734576,55.87660067389673]]],[[[-159.32007998299983,54.89727262661626],[-159.32366927699275,54.92819877547774],[-159.27700845508454,54.948816208052065],[-159.20522257522575,54.927339715787156],[-159.2375262211622,54.87665519404193],[-159.30572280702805,54.86376929868298],[-159.32007998299983,54.89727262661626]]],[[[-159.38468727487273,55.749459839688384],[-159.35597292292923,55.807016838958376],[-159.32007998299983,55.81560743586435],[-159.2805977490775,55.76234573504735],[-159.38468727487273,55.749459839688384]]],[[[-159.46006244872447,54.948816208052065],[-159.41699092080918,55.02183628175281],[-159.45647315473153,55.06135302752027],[-159.3452050409504,55.059634908139074],[-159.33084786497864,54.97458799876998],[-159.42775880278802,54.9419437305273],[-159.46006244872447,54.948816208052065]]],[[[-159.6036342084421,54.813943836628354],[-159.56774126851266,54.82511161260612],[-159.51031256462562,54.78903110560104],[-159.51390185861857,54.75982307612075],[-159.5964556204562,54.75638683735836],[-159.6036342084421,54.813943836628354]]],[[[-159.6610629123291,55.1902119811098],[-159.60004491444914,55.172171727607264],[-159.58209844448444,55.214265652446514],[-159.52108044660446,55.25378239821397],[-159.50313397663976,55.23488308502084],[-159.53184832858327,55.18505762296623],[-159.4995446826468,55.17388984698846],[-159.49595538865387,55.1360912206022],[-159.53184832858327,55.08368857947579],[-159.48518750667506,55.05791678875788],[-159.51031256462562,55.04159465463654],[-159.5713305625056,55.06049396782967],[-159.5785091504915,55.04245371432714],[-159.6502950303503,55.049326191851904],[-159.6610629123291,55.1902119811098]]],[[[-159.81899184801847,54.820816314153134],[-159.74361667416673,54.84229280641806],[-159.7041344402444,54.81652101570015],[-159.77592032010318,54.794185463744626],[-159.81899184801847,54.820816314153134]]],[[[-159.84770619996198,55.05533960968609],[-159.81540255402552,55.08884293761936],[-159.7328487921879,55.124064384933845],[-159.71490232222322,55.09313823607235],[-159.79745608406083,55.06049396782967],[-159.82975972999728,55.010668505775044],[-159.84770619996198,55.05533960968609]]],[[[-160.11331395543954,55.333674949439484],[-160.0630638395384,55.343124606036056],[-160.0451173695737,55.307044099030975],[-160.11331395543954,55.333674949439484]]],[[[-160.24970712717126,54.929916894858934],[-160.13126042540424,55.014104744537434],[-160.07742101551014,55.03729935618355],[-160.09536748547484,55.052762430614294],[-160.17433195331952,55.052762430614294],[-160.18868912929128,55.11805096709966],[-160.1097246614466,55.16100395162951],[-160.01281372363724,55.12320532524325],[-160.01640301763015,55.155849593485925],[-160.0630638395384,55.20052069739697],[-159.9553850197502,55.1893529214192],[-159.89077772787726,55.287285726147246],[-159.84770619996198,55.26752735326352],[-159.85488478794787,55.23058778656785],[-159.88718843388432,55.22886966718666],[-159.90513490384902,55.1644401903919],[-159.86206337593376,55.148977115961145],[-159.86206337593376,55.17732608575085],[-159.81540255402552,55.17818514544145],[-159.82975972999728,55.12664156400564],[-159.86924196391962,55.094856355453544],[-159.9482064317643,55.105165071740714],[-159.95179572575725,55.066507385663854],[-160.05229595755958,55.00551414763147],[-160.11690324943248,54.98489671505715],[-160.22817136321362,54.86376929868298],[-160.24970712717126,54.929916894858934]]],[[[-160.3179037130371,58.694316459054576],[-160.2999572430724,58.72953790636906],[-160.24970712717126,58.65823595204951],[-160.27483218512185,58.636759459784585],[-160.3179037130371,58.694316459054576]]],[[[-160.34661806498065,55.426453396023945],[-160.26765359713596,55.462533903029026],[-160.13843901339013,55.45050706736066],[-160.14202830738307,55.38350041149411],[-160.32149300703006,55.39380912778127],[-160.34661806498065,55.426453396023945]]],[[[-160.43635041480414,58.68400774276742],[-160.4076360628606,58.75015533894339],[-160.3896895928959,58.701188936579356],[-160.43635041480414,58.68400774276742]]],[[[-160.8562978119781,55.31821187500874],[-160.79886910809108,55.381782292112916],[-160.70913675826756,55.40325878437784],[-160.64452946639466,55.38350041149411],[-160.65170805438052,55.343983665726654],[-160.61581511445112,55.34827896417963],[-160.57274358653586,55.38865476963768],[-160.51890417664174,55.36116485953859],[-160.42558253282533,55.33882930758307],[-160.33226088900886,55.36030579984799],[-160.3071358310583,55.3036078602686],[-160.33943947699476,55.252064278832776],[-160.3896895928959,55.28642666645666],[-160.4686540607406,55.28900384552844],[-160.51890417664174,55.30876221841217],[-160.52967205862058,55.343124606036056],[-160.56556499854997,55.332815889748886],[-160.56556499854997,55.2735407710977],[-160.52608276462763,55.256359577285764],[-160.4866005307053,55.18162138420384],[-160.52608276462763,55.130077802768014],[-160.65529734837347,55.16014489193891],[-160.69119028830286,55.210829413684124],[-160.7557975801758,55.19536633925338],[-160.8204048720487,55.11805096709966],[-160.80604769607694,55.167876429154276],[-160.84194063600634,55.204815995849955],[-160.84194063600634,55.294158203672026],[-160.8562978119781,55.31821187500874]]],[[[-161.0824233335333,58.589511176801764],[-161.05729827558275,58.702047996269954],[-160.91731580985808,58.746719100181],[-160.84194063600634,58.75187345832457],[-160.7019581702817,58.817161994809936],[-160.684011700317,58.81544387542874],[-160.88142286992868,58.58092057989579],[-160.96038733777337,58.55343066979668],[-161.07524474554745,58.54999443103431],[-161.0824233335333,58.589511176801764]]],[[[-161.42699555685556,55.216842831518306],[-161.33008461904618,55.2194200105901],[-161.34444179501793,55.15842677255772],[-161.43776343883437,55.19880257801577],[-161.42699555685556,55.216842831518306]]],[[[-161.69260331233312,55.217701891208904],[-161.65671037240372,55.24433274161741],[-161.52749578865786,55.25120521914218],[-161.55979943459434,55.207393174921734],[-161.69260331233312,55.19880257801577],[-161.69260331233312,55.217701891208904]]],[[[-161.90437165791656,55.117191907409065],[-161.8900144819448,55.16100395162951],[-161.82899648406482,55.17818514544145],[-161.73926413424132,55.16186301132011],[-161.69619260632606,55.136950280292794],[-161.57056731657315,55.10086977328773],[-161.5490315526155,55.06564832597326],[-161.65671037240372,55.10344695235952],[-161.73926413424132,55.05448054999549],[-161.83976436604365,55.11805096709966],[-161.879246599966,55.085406698856985],[-161.90437165791656,55.117191907409065]]],[[[-162.43558716887168,54.92905783516834],[-162.3279083490835,54.985755774747744],[-162.23458670526705,54.962561163101626],[-162.23458670526705,54.891259208782074],[-162.2740689391894,54.84572904518045],[-162.3207297610976,54.827688791677915],[-162.41764069890698,54.87751425373253],[-162.43558716887168,54.92905783516834]]],[[[-162.68324845438454,63.58408421793217],[-162.61505186851866,63.621882844318435],[-162.53967669466692,63.63562779936798],[-162.45353363883638,63.62102378462784],[-162.3745691709917,63.62617814277142],[-162.34226552505524,63.59439293421933],[-162.34585481904818,63.55143994968948],[-162.61505186851866,63.54027217371173],[-162.6796591603916,63.556594307833066],[-162.68324845438454,63.58408421793217]]],[[[-162.83399880208802,54.45056158750586],[-162.83040950809507,54.494373631726305],[-162.58633751657516,54.44798440843408],[-162.5181409307093,54.41448108050079],[-162.42481928689284,54.41448108050079],[-162.36021199501994,54.39042740916409],[-162.43199787487873,54.37066903628035],[-162.46789081480813,54.34232006649066],[-162.5468552826528,54.37668245411453],[-162.6078732805328,54.368950916899166],[-162.71914139431394,54.400736125451246],[-162.78374868618684,54.37582339442393],[-162.86271315403152,54.42478979678796],[-162.83399880208802,54.45056158750586]]],[[[-163.17139243742437,55.42903057509574],[-163.1211423215232,55.42817151540514],[-163.1390887914879,55.39552724716246],[-163.17139243742437,55.42903057509574]]],[[[-164.865539202092,54.20658863537635],[-164.82246767417672,54.22548794856948],[-164.76503897028968,54.21002487413874],[-164.84041414414142,54.178239665586645],[-164.865539202092,54.20658863537635]]],[[[-165.22087930739306,54.10178335312352],[-165.14191483954838,54.130991382603824],[-165.02346813778138,54.12154172600725],[-164.9373250819508,54.13700480043799],[-164.9193786119861,54.116387367863666],[-164.95168225792256,54.077729681786806],[-165.045003901739,54.06656190580905],[-165.21370071940717,54.08975651745517],[-165.22087930739306,54.10178335312352]]],[[[-165.48289776887768,54.075152502715014],[-165.26754012930127,54.09576993528934],[-165.23523648336482,54.065702846118455],[-165.2890758932589,54.03821293601935],[-165.33573671516714,54.06999814457144],[-165.4577727109271,54.06656190580905],[-165.48289776887768,54.075152502715014]]],[[[-165.57621941269412,54.04164917478174],[-165.51520141481413,54.06656190580905],[-165.49007635686357,54.035635756947556],[-165.55468364873647,54.023608921279205],[-165.57621941269412,54.04164917478174]]],[[[-165.6838982324823,54.249541619906196],[-165.6372374105741,54.297648962579615],[-165.58698729467292,54.284763067220666],[-165.52238000280002,54.30022614165141],[-165.47930847488473,54.282185888148874],[-165.55827294272942,54.25383691835917],[-165.51161212082118,54.21260205321052],[-165.403933301033,54.21260205321052],[-165.40034400704005,54.17738060589605],[-165.48289776887768,54.17995778496784],[-165.5475050607506,54.11209206941068],[-165.6300588225882,54.132709501985005],[-165.6372374105741,54.19971615785157],[-165.57980870668706,54.22978324702247],[-165.6121123526235,54.246964440834404],[-165.66954105651055,54.22892418733187],[-165.6838982324823,54.249541619906196]]],[[[-166.10025633566335,54.14387727796277],[-166.08230986569865,54.174803426824255],[-165.98180963389632,54.22119265011649],[-165.87413081410813,54.21603829197291],[-165.86336293212932,54.166212829918294],[-165.7915770522705,54.17136718806188],[-165.74132693636935,54.158481292702916],[-165.71261258442584,54.120682666316654],[-165.6659517625176,54.13185044229441],[-165.6731303505035,54.09662899497994],[-165.76645199431994,54.065702846118455],[-165.80952352223522,54.075152502715014],[-165.87413081410813,54.036494816638154],[-165.89566657806577,54.06054848797487],[-165.98539892788926,54.06140754766547],[-166.04641692576925,54.04422635385353],[-166.11102421764215,54.12240078569785],[-166.10025633566335,54.14387727796277]]],[[[-166.19716727347273,53.984951235202345],[-166.17204221552214,53.997837130561294],[-166.07513127771276,53.969488160771604],[-166.18998868548684,53.96003850417503],[-166.19716727347273,53.984951235202345]]],[[[-167.44265228902287,60.20969775326752],[-167.31702699926998,60.23117424553244],[-167.1124372416724,60.23117424553244],[-167.03347277382773,60.21399305172051],[-166.9509190119901,60.22258364862648],[-166.91861536605364,60.201966216052156],[-166.8432401922019,60.21055681295812],[-166.8073472522725,60.23632860367603],[-166.83606160421604,60.268972871918706],[-166.71402560845607,60.327388930879295],[-166.5812217307173,60.317939274282736],[-166.5812217307173,60.349724482834816],[-166.4914893808938,60.38924122860227],[-166.37304267912677,60.3548788409784],[-166.28689962329622,60.38236875107751],[-166.2043458614586,60.39010028829287],[-166.1505064515645,60.43648951158511],[-166.08230986569865,60.32309363242632],[-165.98539892788926,60.314503035520346],[-165.88130940209402,60.34371106500065],[-165.77721987629874,60.3265298711887],[-165.68030893848936,60.292167483564825],[-165.72338046640465,60.23632860367603],[-165.6838982324823,60.198529977289766],[-165.72338046640465,60.164167589665894],[-165.67671964449644,60.15471793306932],[-165.66236246852466,60.098879053180525],[-165.7090232904329,60.06623478493783],[-165.63364811658116,60.01984556164561],[-165.62646952859527,59.97002009959098],[-165.55109435474353,59.97861069649696],[-165.59057658866587,59.949402667016656],[-165.58339800068,59.908167801868004],[-165.83823787417873,59.89012754836547],[-165.85977363813637,59.86091951888518],[-165.93155951799517,59.87724165300652],[-166.0248811618116,59.86177857857578],[-166.12538139361394,59.81195311652115],[-166.0966670416704,59.756973296322954],[-166.18998868548684,59.750100818798174],[-166.27254244732447,59.811094056830555],[-166.40893561905617,59.85146986228861],[-166.61352537665374,59.84803362352622],[-166.66377549255492,59.87810071269712],[-166.76427572435722,59.89356378712786],[-166.8611866621666,59.94338924918249],[-166.9868119519195,59.979469756187555],[-167.1303837116371,59.995791890308894],[-167.2452411194112,60.05764418803187],[-167.33497346923468,60.06623478493783],[-167.34215205722057,60.12636896327962],[-167.44265228902287,60.20969775326752]]],[[[-167.85183180421802,53.31574373622735],[-167.79081380633806,53.335502109111076],[-167.71184933849338,53.381032272712716],[-167.62211698866986,53.3853275711657],[-167.4893131109311,53.419689958789576],[-167.45700946499463,53.442884570435695],[-167.35650923319233,53.42484431693316],[-167.30625911729115,53.4411664510545],[-167.27754476534764,53.47896507744076],[-167.19858029750296,53.46264294331942],[-167.18781241552415,53.5244952410424],[-167.10166935969357,53.51504558444583],[-167.16268735757356,53.60610591164911],[-167.09090147771477,53.633595821748216],[-167.06218712577123,53.619850866698656],[-167.00834771587714,53.6353139411294],[-167.07295500775007,53.665381030300296],[-167.05859783177831,53.69888435823357],[-166.99757983389833,53.7186427311173],[-166.89349030810308,53.7177836714267],[-166.8611866621666,53.65936761246611],[-166.8073472522725,53.665381030300296],[-166.8324723102231,53.70833401483014],[-166.78581148831486,53.73496486523864],[-166.97604406994068,53.77534067069669],[-167.02629418584183,53.75730041719416],[-167.14115159361592,53.826884252132515],[-167.14115159361592,53.86640099789997],[-167.02988347983478,53.94543448943489],[-166.8791331321313,53.988387473964735],[-166.74991854838547,54.01587738406383],[-166.72838278442782,54.00299148870488],[-166.64582902259022,54.01415926468263],[-166.58840031870318,53.96003850417503],[-166.64582902259022,53.923957997169964],[-166.62070396463963,53.893890907999065],[-166.55968596675964,53.878427833568324],[-166.5094358508585,53.923957997169964],[-166.48790008690085,53.89560902738026],[-166.43406067700676,53.920521758407574],[-166.4376499709997,53.955743205722044],[-166.37304267912677,54.00986396622966],[-166.31920326923267,53.96003850417503],[-166.27972103531033,53.98237405613055],[-166.20793515545154,53.92911235531355],[-166.23664950739507,53.88100501264012],[-166.31920326923267,53.86983723666236],[-166.40534632506325,53.80970305832058],[-166.54891808478084,53.749568879978796],[-166.54173949679495,53.71606555204551],[-166.419703501035,53.762454775337744],[-166.21152444944448,53.81743459553594],[-166.19716727347273,53.836333908729074],[-166.11820280562804,53.855233221922205],[-166.09307774767746,53.83891108780087],[-166.11102421764215,53.77705879007789],[-166.1684529215292,53.73324674585746],[-166.26177456534563,53.704038716377156],[-166.28331032930328,53.68428034349343],[-166.4448285589856,53.64046829927298],[-166.55250737877378,53.623287105461046],[-166.5094358508585,53.58377035969359],[-166.56686455474554,53.58291130000299],[-166.5812217307173,53.530508658876585],[-166.63865043460433,53.54511267361673],[-166.66377549255492,53.484978495274945],[-166.7355613724137,53.50645498753987],[-166.74991854838547,53.4411664510545],[-166.8791331321313,53.429998675076746],[-166.95809759997599,53.45577046579464],[-166.99399053990538,53.42913961538615],[-167.03706206782067,53.44889798826988],[-167.1124372416724,53.41711277971778],[-167.13397300563005,53.426562436314356],[-167.2919019413194,53.36385107890078],[-167.30266982329823,53.33722022849227],[-167.38522358513583,53.34065646725466],[-167.44265228902287,53.32089809437093],[-167.4893131109311,53.269354512935124],[-167.5898133427334,53.28911288581885],[-167.62211698866986,53.25045519974199],[-167.79799239432393,53.284817587365865],[-167.85183180421802,53.31574373622735]]],[[[-168.1282074416744,65.65613619165191],[-168.10308238372383,65.6853442211322],[-167.98104638796386,65.72829720566205],[-167.53956322683226,65.8210756522465],[-167.31343770527704,65.88464606935068],[-167.14115159361592,65.94821648645485],[-166.97963336393363,65.99632382912829],[-166.82888301623015,66.05130364932648],[-166.5273823208232,66.14150491683915],[-166.3299711512115,66.18961225951259],[-165.80593422824228,66.33307522784227],[-165.1885756614566,66.46537042019419],[-164.71119956039558,66.54268579234791],[-164.39893098300982,66.58134347842477],[-163.91437629396293,66.59422937378373],[-163.72773300633006,66.58477971718716],[-163.60569701057008,66.55814886677865],[-163.75285806428064,66.5486992101821],[-163.72773300633006,66.51605494193942],[-163.76362594625945,66.45506170390703],[-163.8748940600406,66.38891410773107],[-163.87130476604764,66.32877992938928],[-163.82823323813236,66.28067258671585],[-163.9036084119841,66.22998806497064],[-164.07948381763816,66.20163909518094],[-164.09384099360992,66.184457901369],[-163.91796558795588,66.19047131920318],[-163.7672152402524,66.06075330592304],[-163.62364348053478,66.05817612685127],[-163.49442889678895,66.08566603695036],[-163.34367854908547,66.08480697725976],[-163.16780314343143,66.05903518654185],[-162.99910632576325,66.0770754400444],[-162.7514450402504,66.08996133540334],[-162.6365876324763,66.04013587334872],[-162.45712293282932,66.05817612685127],[-162.3925156409564,66.02896809737096],[-162.2058723533235,66.05645800747007],[-162.1412650614506,66.07879355942558],[-161.83976436604365,66.02295467953678],[-161.77515707417072,66.073639201282],[-161.68183543035428,66.11143782766827],[-161.5490315526155,66.2402967812578],[-161.4844242607426,66.26263233321332],[-161.34085250102498,66.25490079599795],[-161.31213814908148,66.22139746806467],[-161.1972807413074,66.21108875177751],[-161.08601262752626,66.23428336342363],[-160.99269098370982,66.23428336342363],[-161.1075483914839,66.32877992938928],[-161.36238826498263,66.37602821237212],[-161.52390649466494,66.39664564494645],[-161.69619260632606,66.39578658525585],[-161.91155024590245,66.34424300382003],[-161.8648894239942,66.44045768916688],[-161.87565730597305,66.51175964348643],[-162.09819353353532,66.60969244821447],[-162.17715800138,66.68786688005879],[-162.27047964519645,66.71793396922968],[-162.4822479907799,66.72996080489804],[-162.51096234272342,66.77806814757146],[-162.6258197504975,66.85538351972518],[-162.6006946925469,66.89833650425503],[-162.50378375473753,66.91379957868578],[-162.46789081480813,66.95073914538145],[-162.4104621109211,66.91895393682935],[-162.32431905509054,66.94300760816607],[-162.22740811728116,66.86655129570295],[-162.09819353353532,66.78837686385863],[-162.01205047770478,66.77978626695266],[-162.08024706357062,66.69302123820238],[-162.06947918159182,66.64577295521954],[-161.9689789497895,66.6028199706897],[-161.7643891921919,66.49715562874627],[-161.5741566105661,66.43873956978568],[-161.43417414484145,66.45420264421644],[-161.32649532505323,66.47825631555314],[-161.29419167911678,66.52035024039239],[-161.45570990879907,66.52206835977358],[-161.49160284872846,66.56072604585044],[-161.69260331233312,66.62086022419223],[-161.88283589395894,66.71707490953908],[-161.84694295402954,66.76174601345012],[-161.84694295402954,66.81328959488594],[-161.79669283812837,66.83304796776967],[-161.79310354413542,66.88201437013369],[-161.67465684236842,66.9619069213592],[-161.5669780225802,66.93441701126011],[-161.48801355473555,66.93699419033189],[-161.4844242607426,66.9610478616686],[-161.62081743247433,67.00829614465144],[-161.71054978229782,67.00142366712666],[-161.81105001410012,67.05039006949069],[-162.1233185914859,67.02547733846338],[-162.23817599925997,66.9936921299113],[-162.36021199501994,66.9936921299113],[-162.50019446074458,66.97736999578994],[-162.62223045650455,66.9919740105301],[-162.69401633636335,67.02891357722577],[-162.75503433424333,67.0151686221762],[-162.83040950809507,67.03492699505993],[-162.84476668406683,66.9911149508395],[-162.97398126781266,67.02461827877278],[-163.3006070211702,67.06069878577784],[-163.49442889678895,67.08732963618635],[-163.66671500845007,67.1002155315453],[-163.74567947629475,67.12598732226321],[-163.7420901823018,67.21017517194171],[-163.8210546501465,67.35020190150901],[-164.00769793777937,67.53575879467793],[-164.07948381763816,67.58558425673256],[-164.208698401384,67.63884595754956],[-164.53532415474155,67.72561098629986],[-165.05577178371783,67.92147659575595],[-165.13114695756957,67.94209402833027],[-165.3142009512095,68.0168322214122],[-165.49366565085649,68.05892614625145],[-165.68748752647525,68.09071135480353],[-165.87054152011518,68.11046972768726],[-165.97463104591046,68.14053681685816],[-166.0428276317763,68.20067099519994],[-166.23664950739507,68.27283200921008],[-166.39816773707736,68.30719439683396],[-166.68890055050548,68.34241584414843],[-166.83965089820896,68.33726148600485],[-166.7068470204702,68.37162387362872],[-166.37663197311971,68.42230839537395],[-166.30484609326092,68.4618251411414],[-166.2940782112821,68.51079154350542],[-166.22588162541624,68.57608007999079],[-166.1863993914939,68.77881816697166],[-166.21511374343743,68.8793281507715],[-165.57263011870117,68.85269730036299],[-165.32855812718125,68.85785165850658],[-164.8116997921979,68.89393216551164],[-164.52814556675565,68.91798583684836],[-164.2517699292993,68.93087173220731],[-163.97539429184292,68.98499249271492],[-163.82823323813236,69.04083137260372],[-163.7241437123371,69.06660316332162],[-163.5339111307113,69.14134135640356],[-163.24317831728317,69.30628081699815],[-163.16780314343143,69.38531430853307],[-163.14267808548084,69.45318002409023],[-163.14985667346673,69.61296512654125],[-163.00987420774206,69.81312603445033],[-162.7083735123351,69.97033395782957],[-162.47506940279402,70.12410564244641],[-162.34226552505524,70.19025323862238],[-161.879246599966,70.32942090849907],[-161.53467437664375,70.29935381932819],[-161.2870130911309,70.2967766402564],[-161.04294109961097,70.33113902788027],[-160.81322628406284,70.37666919148191],[-160.47942194271943,70.46601139930398],[-160.21381418724187,70.55878984588844],[-160.0558852515525,70.63266897927979],[-159.64670573635735,70.794172201112],[-159.52825903459035,70.8208030515205],[-159.17291892928927,70.87492381202811],[-159.1477938713387,70.83454800657006],[-158.950382701727,70.7967493801838],[-158.65606059430593,70.78644066389663],[-158.411988602786,70.79932655925558],[-158.3653277808778,70.8199439918299],[-158.25047037310372,70.81736681275811],[-158.0315234395344,70.83197082749827],[-157.76950497804978,70.87578287171871],[-157.50389722257222,70.94880294541944],[-157.24905734907347,71.05274916798167],[-157.11984276532763,71.1283464207542],[-156.8111634819348,71.28727246351463],[-156.5670914904149,71.352561],[-156.5240199624996,71.2941449410394],[-156.35532314483143,71.26150067279671],[-156.2153406791068,71.25978255341552],[-156.07535821338212,71.24260135960358],[-156.01792950949508,71.17215846497464],[-155.9210185716857,71.20737991228911],[-155.56567846638467,71.16528598744986],[-155.51183905649054,71.08109813777136],[-155.7056609321093,71.02010489973898],[-155.8312862218622,70.96598413923138],[-155.97844727557273,70.96254790046899],[-155.93537574765747,70.83712518564185],[-155.64464293422932,70.82423929028289],[-155.48671399853998,70.87492381202811],[-155.51183905649054,70.94021234851347],[-155.4544103526035,70.94708482603825],[-155.34314223882237,71.00464182530824],[-155.26058847698476,71.01495054159541],[-155.1923918911189,70.97371567644676],[-155.17803471514713,71.02783643695436],[-155.27494565295652,71.06477600365002],[-155.14932036320363,71.11202428663286],[-155.0739451893519,71.0716484811748],[-155.0847130713307,71.1274873610636],[-155.0308736614366,71.14638667425673],[-154.77603378793788,71.08281625715256],[-154.61451555825556,71.02611831757316],[-154.56785473634736,70.9900378105681],[-154.6073369702697,70.9616888407784],[-154.60374767627675,70.86805133450333],[-154.5714440303403,70.82595740966408],[-154.35249709677095,70.83454800657006],[-154.22687180701806,70.80276279801797],[-154.16944310313102,70.7684004103941],[-153.9971569914699,70.8216621112111],[-153.8894781716817,70.88609158800587],[-153.48747724447244,70.88609158800587],[-153.23981595895958,70.92217209501094],[-153.04958337733376,70.91272243841438],[-152.90601161761617,70.88351440893408],[-152.60451092220922,70.88179628955288],[-152.3855639886399,70.85430637945379],[-152.22404575895757,70.82423929028289],[-152.19174211302112,70.7950312608026],[-152.28506375683756,70.78558160420603],[-152.378385400654,70.71427964988649],[-152.47170704447043,70.68850785916858],[-152.42145692856928,70.60861530794307],[-152.33172457874576,70.61291060639606],[-152.26352799287992,70.59229317382173],[-152.10200976319763,70.58713881567814],[-152.06611682326823,70.56308514434143],[-151.81845553775537,70.54590395052949],[-151.70000883598834,70.55363548774487],[-151.76102683386833,70.5166959210492],[-151.72872318793188,70.49521942878428],[-151.91895576955767,70.47288387682876],[-151.9476701215012,70.45226644425443],[-151.8758842416424,70.43078995198951],[-151.55643707627075,70.4359443101331],[-151.29800790877908,70.40072286281861],[-151.2477577928779,70.37237389302892],[-151.1472575610756,70.37666919148191],[-150.98932862538624,70.45054832487324],[-150.78473886778866,70.46343422023219],[-150.6985958119581,70.44797114580145],[-150.66270287202872,70.47717917528175],[-150.5191311123111,70.48319259311592],[-150.41504158651585,70.4599979814698],[-150.36120217662176,70.40931345972459],[-150.21045182891828,70.4325080713707],[-150.07405865718655,70.43938054889547],[-149.86587960559604,70.51068250321502],[-149.81921878368783,70.49178319002189],[-149.65770055400554,70.50896438383383],[-149.5823253801538,70.49607848847488],[-149.46028938439383,70.5184140404304],[-149.41721785647854,70.49264224971249],[-149.18032445294452,70.48576977218771],[-148.95778822538225,70.42391747446473],[-148.85728799357992,70.42305841477413],[-148.78909140771407,70.4024409821998],[-148.69576976389763,70.42907183260832],[-148.60962670806708,70.42219935508354],[-148.4768228303283,70.35948799766996],[-148.4768228303283,70.3208303115931],[-148.35119754057538,70.30450817747176],[-148.20403648686485,70.3483202216922],[-148.2004471928719,70.2941994611846],[-148.10712554905547,70.34316586354862],[-147.81639273562735,70.27701826737267],[-147.7661426197262,70.21946126810268],[-147.67999956389562,70.19970289521895],[-147.50412415824158,70.20056195490953],[-147.34978451654516,70.18767605955058],[-147.24569499074988,70.21860220841208],[-147.16314122891228,70.1558908509985],[-146.99085511725116,70.14730025409253],[-146.8867655914559,70.18595794016939],[-146.7324259497595,70.17564922388223],[-146.50988972219722,70.18595794016939],[-146.27299631866316,70.17736734326343],[-146.09712091300912,70.14472307502074],[-145.91765621336214,70.14214589594894],[-145.85663821548215,70.16619956728566],[-145.62333410594104,70.08458889667895],[-145.52283387413874,70.07771641915419],[-145.40797646636466,70.03132719586195],[-145.24645823668237,70.0175822408124],[-145.17467235682355,69.99181045009449],[-145.01315412714126,69.98150173380732],[-144.95213612926128,69.95916618185181],[-144.8552251914519,69.9866560919509],[-144.61833178791787,69.96947489813897],[-144.45681355823558,70.03562249431494],[-144.28452744657446,70.04077685245852],[-144.252223800638,70.05795804627046],[-143.95072310523105,70.1000519711097],[-143.88611581335812,70.12066940368402],[-143.5774365299653,70.14644119440193],[-143.42668618226182,70.124964702137],[-143.2544000706007,70.15245461223611],[-143.22209642466424,70.13699153780537],[-142.93854219922198,70.0742801803918],[-142.74830961759616,70.0424949718397],[-142.49705903809036,69.97377019659196],[-142.40373739427395,69.91621319732197],[-142.27093351653514,69.9067635407254],[-141.95866493914937,69.82343475073749],[-141.71459294762946,69.78907236311362],[-141.52794965999658,69.73581066229661],[-141.43103872218722,69.69543485683856],[-141.21209178861787,69.68426708086079],[-141.00391273702735,69.64560939478393],[-141.00391273702735,61.90376346312462],[-140.9967341490415,61.069616503555025],[-141.0003234430344,60.30591243861437],[-140.53371522395224,60.22430176800768],[-140.47269722607226,60.31020773706736],[-139.98814253702537,60.1856440819308],[-139.69740972359722,60.34027482623826],[-139.08722974479744,60.35745602005019],[-139.0836404508045,60.32395269211692],[-139.20208715257152,60.09028845627455],[-139.03339033490334,59.9940737709277],[-138.7964969313693,59.92878523444233],[-138.70317528755288,59.9098859212492],[-138.66369305363054,59.81023499713996],[-138.55960352783526,59.74151022189221],[-137.60485132571324,59.24325560134601],[-137.49717250592505,58.986396753857534],[-137.52588685786856,58.90650420263202],[-137.4469223900239,58.90994044139441],[-137.26386839638394,59.00271888797887],[-136.86545676316763,59.13845031909318],[-136.8259745292453,59.15820869197691],[-136.58190253772537,59.16508116950169],[-136.4670451299513,59.28449046649466],[-136.47422371793718,59.46403394182941],[-136.36654489814896,59.447711807708075],[-136.30193760627606,59.46403394182941],[-136.2337410204102,59.525027179861794],[-136.23733031440315,59.55853050779507],[-136.3521877221772,59.598906313253124],[-136.19066949249492,59.64014117840178],[-135.946597500975,59.66419484973849],[-135.47639998789987,59.7999262808528],[-135.2538637603376,59.70113441643416],[-135.15336352853527,59.62553716366163],[-135.11388129461295,59.62381904428044],[-135.02773823878238,59.563684865938654],[-135.02773823878238,59.47434265811657],[-135.07080976669766,59.45372522554224],[-135.06722047270472,59.42194001699016],[-135.00979176881768,59.38156421153211],[-135.02773823878238,59.34548370452704],[-134.96313094690947,59.28019516804167],[-134.70111248542486,59.247550899798995],[-134.68316601546013,59.19085296021959],[-134.56830860768608,59.128141602806025],[-134.4821655518555,59.128141602806025],[-134.37807602606026,59.03536315622155],[-134.3996117900179,58.976088037570364],[-134.30629014620146,58.95890684375843],[-134.3278259101591,58.91939009799097],[-134.24886144231442,58.85839685995859],[-133.83968192711927,58.727819786987865],[-133.7248245193452,58.62559168380683],[-133.55971699566993,58.5225045209352],[-133.38025229602295,58.428007954969544],[-133.46280605786058,58.385914030130294],[-133.34435935609355,58.27080003159031],[-133.17566253842537,58.150531674906745],[-133.07516230662304,57.99933716936168],[-132.8705725490255,57.842988305673046],[-132.75571514125141,57.704679695486945],[-132.64803632146322,57.60932406983069],[-132.5583039716397,57.50365972788727],[-132.36807139001388,57.34902898357983],[-132.2532139822398,57.21587473153731],[-132.37166068400683,57.095606374853745],[-132.05221351863517,57.0509352709427],[-132.1275886924869,56.87482803437034],[-131.87274881898819,56.80524419943198],[-131.9014631709317,56.752841558305576],[-131.86198093700938,56.703875155941546],[-131.8368558790588,56.60164705276051],[-131.58201600556004,56.61367388842888],[-131.46356930379304,56.54752629225291],[-131.16924719637194,56.44873442783427],[-131.08669343453434,56.407499562685615],[-130.78160344513444,56.36712375722756],[-130.6236745094451,56.26833189280892],[-130.46574557375573,56.23998292301923],[-130.42626333983338,56.140331998909986],[-130.34370957799578,56.12744610355102],[-130.2467986401864,56.09651995468954],[-130.1032268804688,56.11627832757327],[-130.00272664866648,55.99343279181791],[-130.0134945306453,55.91611741966419],[-130.08528041050408,55.82419803277031],[-130.14988770237701,55.76664103350032],[-130.14629840838407,55.71509745206451],[-130.11040546845467,55.682453183821835],[-130.12835193841937,55.5810841403314],[-130.08528041050408,55.49174193250931],[-130.04579817658174,55.452225186741856],[-130.02426241262413,55.33797024789247],[-129.98119088470884,55.28384948738487],[-130.09604829248292,55.197943518325175],[-130.18219134831347,55.09313823607235],[-130.1857806423064,55.06478926628266],[-130.2575665221652,54.98747389412894],[-130.34012028400284,54.92132629795297],[-130.47292416174162,54.83799750796507],[-130.56983509955097,54.790749224982235],[-130.63803168541685,54.778722389313884],[-130.62726380343804,54.73920564354643],[-130.6954603893039,54.7194472706627],[-130.73853191721918,54.75380965828657],[-130.7421212112121,54.80191700096],[-130.78878203312033,54.82253443353433],[-130.79237132711327,54.78473580714807],[-130.83544285502853,54.765836493954936],[-130.90005014690146,54.78129956838568],[-130.94671096880967,54.82597067229672],[-130.96106814478145,54.91874911888118],[-130.9503002628026,54.96771552124521],[-131.0113182606826,54.9960644910349],[-130.98260390873907,55.08454763916639],[-131.01490755467555,55.08970199730996],[-131.0723362585626,55.13780933998339],[-131.0938720225202,55.19278916018159],[-130.986193202732,55.24690992068919],[-130.92517520485205,55.301030681196806],[-130.87133579495793,55.294158203672026],[-130.88210367693677,55.3585876804668],[-130.9215859108591,55.42903057509574],[-130.87133579495793,55.53383585734856],[-130.9036394408944,55.69705719856198],[-130.9395323808238,55.75461419783197],[-131.0938720225202,55.89549998708986],[-131.1728364903649,55.9427482700727],[-131.21590801828017,55.98398313522134],[-131.24103307623076,55.95477510574105],[-131.15847931439313,55.901513404924046],[-131.06874696456964,55.8284933312233],[-131.04362190661905,55.76664103350032],[-130.9646574387744,55.6893256613466],[-130.92876449884497,55.57678884187841],[-130.986193202732,55.539849275182746],[-130.9933717907179,55.471983559625585],[-130.9682467327673,55.39295006809067],[-130.92876449884497,55.339688367273666],[-130.96106814478145,55.31563469593695],[-131.0005503787038,55.398104426234255],[-131.0292647306473,55.40841314252141],[-131.01849684866846,55.34827896417963],[-131.03285402464024,55.28470854707547],[-131.16206860838608,55.19708445863458],[-131.21231872428723,55.19278916018159],[-131.2984617801178,55.23488308502084],[-131.23026519425193,55.297594442434416],[-131.19078296032959,55.36030579984799],[-131.20155084230842,55.39295006809067],[-131.2912831921319,55.38435947118471],[-131.25539025220252,55.32250717346173],[-131.28410460414602,55.28642666645666],[-131.40255130591305,55.23831932378323],[-131.42767636386364,55.23917838347383],[-131.51023012570124,55.33195683005829],[-131.54971235962358,55.29329914398143],[-131.63944470944708,55.339688367273666],[-131.70046270732706,55.35515144170441],[-131.74353423524235,55.398104426234255],[-131.84403446704465,55.456520485194844],[-131.84403446704465,55.52180902168021],[-131.73276635326351,55.54843987208871],[-131.65380188541883,55.59225191630915],[-131.72558776527765,55.63262772176721],[-131.70046270732706,55.69705719856198],[-131.73276635326351,55.73056052649525],[-131.6502125914259,55.768359152881516],[-131.63944470944708,55.78897658545584],[-131.70405200132,55.78983564514644],[-131.71481988329882,55.85340606225061],[-131.68969482534825,55.89034562894628],[-131.8368558790588,55.875741614206134],[-131.81532011510114,55.837083928129275],[-131.7758378811788,55.82333897307973],[-131.77942717517175,55.791553764527634],[-131.82608799707995,55.7185336908269],[-131.8296772910729,55.66699010939108],[-131.89787387693877,55.60427875197752],[-131.96248116881168,55.61544652795527],[-131.93735611086112,55.53555397672976],[-131.9732490507905,55.498614410034094],[-132.05939210662106,55.543285513945136],[-132.14912445644455,55.56218482713827],[-132.181428102381,55.587956617856165],[-132.2244996302963,55.701352497014966],[-132.28192833418333,55.76148667535675],[-132.2065531603316,55.736573944329436],[-132.181428102381,55.80100342112421],[-132.08451716457165,55.83278862967629],[-132.04144563665636,55.95907040419404],[-132.07015998859987,56.04669449263491],[-132.03426704867047,56.09566089499894],[-132.01273128471283,56.07762064149641],[-131.96965975679757,56.11370114850148],[-131.94453469884698,56.19273464003639],[-132.01990987269872,56.18328498343982],[-132.03426704867047,56.133459521385205],[-132.10246363453632,56.107687730667294],[-132.17783880838806,56.05528508954089],[-132.13117798647986,55.95821134450344],[-132.1598923384234,55.92213083749837],[-132.2783390401904,55.92470801657015],[-132.32141056810568,55.887768449874486],[-132.31064268612687,55.86199665915659],[-132.37166068400683,55.84996982348822],[-132.39678574195742,55.879177852968525],[-132.38242856598566,55.936734852238516],[-132.4506251518515,55.956493225122244],[-132.4936966797668,56.06645286551864],[-132.60855408754088,56.0518488507785],[-132.60855408754088,56.010613985629846],[-132.70905431934318,56.11198302912028],[-132.71982220132202,56.217647371063705],[-132.69110784937848,56.23912386332863],[-132.601375499555,56.23998292301923],[-132.5762504416044,56.29668086259862],[-132.5295896196962,56.33877478743787],[-132.421910799908,56.349083503725026],[-132.36448209602094,56.28723120600205],[-132.33935703807037,56.34135196650966],[-132.39319644796447,56.48567399452993],[-132.36089280202802,56.488251173601725],[-132.2532139822398,56.449593487524865],[-132.23885680626805,56.398908965779654],[-132.19937457234573,56.37141905568055],[-132.17783880838806,56.391177428564276],[-132.21014245432454,56.45732502474024],[-132.2891069221692,56.48739211391113],[-132.35730350803507,56.52862697905978],[-132.36807139001388,56.57415714266142],[-132.40755362393622,56.585324918639174],[-132.4506251518515,56.56384842637425],[-132.4865180917809,56.6059423512135],[-132.56907185361854,56.633432261312606],[-132.58701832358324,56.68239866367662],[-132.54394679566795,56.70215703656035],[-132.5583039716397,56.757136856758564],[-132.6372684394844,56.781190528095266],[-132.77007231722317,56.837888467674674],[-132.81673313913137,56.89716358632586],[-132.8705725490255,56.92551255611555],[-132.9172333709337,56.99337827167271],[-132.81314384513843,57.030317838368376],[-132.85262607906077,57.08014330042299],[-132.9172333709337,57.039767494964934],[-132.98542995679955,57.05523056939569],[-132.99260854478544,57.03203595774957],[-133.07516230662304,57.081861419804184],[-133.18643042040418,57.088733897328964],[-133.22591265432652,57.1368412400024],[-133.3228235921359,57.11278756866568],[-133.51664546775467,57.17807610515105],[-133.5453598196982,57.24250558194581],[-133.49152040980408,57.30521693935938],[-133.42691311793118,57.28631762616625],[-133.30846641616415,57.28975386492864],[-133.2761627702277,57.330988730077294],[-133.35512723807238,57.33356590914909],[-133.46998464584647,57.36449205801057],[-133.46280605786058,57.39455914718147],[-133.52741334973348,57.50194160850607],[-133.48075252782527,57.57152544344443],[-133.56689558365582,57.562934846538454],[-133.62073499354992,57.57925698065979],[-133.67816369743696,57.62478714426143],[-133.6530386394864,57.71327029239292],[-133.5812527596276,57.714988411774115],[-133.52382405574053,57.68406226291262],[-133.40537735397353,57.66344483033829],[-133.17925183241832,57.58698851787517],[-133.16130536245362,57.59987441323412],[-133.2510377122771,57.649699875288746],[-133.3228235921359,57.666022009410085],[-133.55971699566993,57.77769976918768],[-133.57048487764877,57.859310439794385],[-133.63150287552875,57.846424544435436],[-133.63868146351462,57.79058566454664],[-133.7104673433734,57.79316284361843],[-133.85044980909808,57.93576675225751],[-134.04786097870976,58.06204852677526],[-134.0873432126321,58.182316883458824],[-134.05503956669565,58.23815576334762],[-134.06221815468155,58.28282686725866],[-133.96530721687216,58.31804831457313],[-134.01196803878037,58.40395428363283],[-134.0406823907239,58.40223616425163],[-134.07298603666035,58.3292160905509],[-134.14477191651915,58.30344429983299],[-134.14477191651915,58.26736379282792],[-134.1017003886039,58.24846447963479],[-134.1483612105121,58.19949807727076],[-134.1842541504415,58.208088674176736],[-134.26321861828617,58.1909074803648],[-134.35295096810967,58.20035713696136],[-134.4821655518555,58.22956516644166],[-134.5072906098061,58.2166792710827],[-134.63291589955898,58.24760541994419],[-134.7764876592766,58.39708180610805],[-134.79084483524835,58.49157837207372],[-134.94159518295183,58.61184672875727],[-134.98825600486003,58.67971244431443],[-134.92005941899419,58.68057150400503],[-134.95954165291653,58.8300478901689],[-135.02773823878238,58.781940547495466],[-135.02414894478943,58.73211508544084],[-135.14977423454235,58.84551096459964],[-135.17848858648586,58.99756452983529],[-135.20720293842936,59.0765980213702],[-135.2825781122811,59.19257107960078],[-135.39743552005518,59.29222200371002],[-135.52665010380105,59.32400721226212],[-135.54459657376572,59.31026225721256],[-135.44409634196342,59.27761798896988],[-135.42973916599163,59.24239654165541],[-135.36872116811168,59.208893213722135],[-135.29693528825288,59.09635639425393],[-135.35077469814698,59.105806050850504],[-135.47281069390692,59.22607440753407],[-135.5517751617516,59.25700055639555],[-135.6307396295963,59.26559115330153],[-135.48357857588576,59.186557661766614],[-135.43691775397753,59.11353758806587],[-135.37589975609757,59.08862485703857],[-135.40102481404813,59.005296067050665],[-135.36872116811168,58.92969881427814],[-135.32206034620344,58.90994044139441],[-135.34000681616817,58.889323008820085],[-135.24309587835876,58.782799607186064],[-135.23232799637995,58.73555132420323],[-135.14259564655646,58.61614202721026],[-135.13541705857057,58.58865211711117],[-135.18566717447175,58.598101773707725],[-135.08875623666236,58.42285359682596],[-135.05645259072588,58.34983352312523],[-135.05286329673297,58.29055840447404],[-135.09593482464823,58.29743088199881],[-135.09952411864117,58.2450282408724],[-135.05645259072588,58.1900484206742],[-135.16054211652116,58.20980679355793],[-135.228738702387,58.23729670365702],[-135.27898881828818,58.23386046489463],[-135.3435961101611,58.27080003159031],[-135.39743552005518,58.327497971169706],[-135.43332845998458,58.39965898517984],[-135.51229292782926,58.385914030130294],[-135.6307396295963,58.42886701466014],[-135.72765056740568,58.39708180610805],[-135.90711526705266,58.38075967198671],[-135.89634738507385,58.450343506925066],[-135.98607973489734,58.46408846197461],[-136.0004369108691,58.48041059609595],[-135.8927580910809,58.513913924029225],[-135.9286510310103,58.57318904268041],[-135.9107045610456,58.61871920628205],[-136.01120479284793,58.71235671255711],[-136.01120479284793,58.743282861418606],[-136.0901692606926,58.81544387542874],[-136.0435084387844,58.83606130800307],[-136.05068702677025,58.91337668015679],[-136.11888361263613,58.968356500355],[-136.1619551405514,58.97694709726096],[-136.1081157306573,58.86441027779277],[-136.15118725857258,58.75702781646815],[-136.24809819638196,58.752732518015165],[-136.39884854408544,58.81286669635695],[-136.49217018790188,58.83863848707486],[-136.54600959779597,58.9674974406644],[-136.58549183171831,58.909081381703814],[-136.63215265362652,58.89018206851068],[-136.7900815893159,58.936571291802906],[-136.84033170521704,58.91939009799097],[-136.87622464514644,58.96234308252082],[-136.91929617306172,58.946880008090076],[-136.93006405504053,58.90049078479784],[-136.76854582535825,58.870423695626954],[-136.74342076740766,58.87643711346112],[-136.58190253772537,58.83863848707486],[-136.46345583595834,58.781940547495466],[-136.35577701617015,58.69259833967338],[-136.3952592500925,58.65479971328712],[-136.48140230592304,58.617001086900856],[-136.45986654196543,58.6075514303043],[-136.3414198401984,58.64535005669056],[-136.3162947822478,58.67112184740847],[-136.21938384443843,58.671980907099055],[-136.19425878648786,58.58177963958639],[-136.10093714267143,58.51477298371982],[-136.0435084387844,58.37990061229611],[-136.11170502465023,58.34210198590985],[-136.26604466634666,58.31461207581074],[-136.305526900269,58.32320267271672],[-136.27322325433255,58.36357847817477],[-136.33783054620545,58.37732343322432],[-136.38090207412074,58.362719418484176],[-136.35577701617015,58.3292160905509],[-136.39166995609955,58.29743088199881],[-136.54600959779597,58.31633019519194],[-136.58549183171831,58.29657182230821],[-136.56754536175362,58.2450282408724],[-136.59625971369712,58.2149611517015],[-136.70034923949237,58.21925645015449],[-136.7290635914359,58.28626310602105],[-136.85827817518174,58.31633019519194],[-136.84751029320293,58.3292160905509],[-136.94801052500523,58.39278650765506],[-137.00902852288522,58.40910864177641],[-137.11311804868046,58.39278650765506],[-137.23874333843338,58.452920685996844],[-137.29617204232042,58.46580658135581],[-137.49717250592505,58.55772596824967],[-137.68022649956498,58.62215544504444],[-137.68740508755087,58.66510842957429],[-137.79508390733906,58.72524260791607],[-137.92788778507784,58.78022242811427],[-137.94583425504254,58.80427609945099],[-137.9314770790708,58.86870557624576],[-137.98531648896488,58.90994044139441],[-138.18272765857657,59.013886663956626],[-138.2904064783648,59.05426246941468],[-138.634978701687,59.1307187818778],[-138.76419328543284,59.191712019910184],[-138.91853292712926,59.24840995948959],[-139.27028373843737,59.33775216731166],[-139.42103408614085,59.37984609215091],[-139.7476598394984,59.50355068759687],[-139.8553386592866,59.537054015530146],[-139.8373921893219,59.56196674655746],[-139.72612407554075,59.63842305902058],[-139.63998101971018,59.62639622335223],[-139.67228466564666,59.60320161170611],[-139.58614160981608,59.605778790777904],[-139.58614160981608,59.64271835747357],[-139.51076643596434,59.70285253581535],[-139.58973090380903,59.70886595364952],[-139.58255231582314,59.77501354982549],[-139.63280243172431,59.87466447393473],[-139.60767737377373,59.90473156310563],[-139.52871290592904,59.9399530104201],[-139.54665937589374,59.969161039900385],[-139.48923067200673,59.994932830618296],[-139.53589149391493,60.04304017329173],[-139.60408807978078,59.999228129071284],[-139.61126666776667,59.94854360732606],[-139.70099901759016,59.930503353823525],[-139.7763741914419,59.868651056100546],[-139.77996348543485,59.826557131261296],[-140.1640179426794,59.740651162201615],[-140.2070894705947,59.7165974908649],[-140.30758970239702,59.69254381952818],[-140.64857263172632,59.711443132721314],[-140.88905532925327,59.74236928158281],[-140.98237697306973,59.7698591916819],[-141.42386013420133,59.87724165300652],[-141.48487813208132,59.925348995679954],[-141.4202708402084,59.91675839877398],[-141.29823484444844,59.937375831348305],[-141.2587526105261,59.998369069380686],[-141.3771993122931,60.110905888848876],[-141.3664314303143,60.14698639585394],[-141.4382173101731,60.1323823811138],[-141.54948542395422,60.17018100750006],[-141.52794965999658,60.127228022970215],[-141.3664314303143,60.0241408600986],[-141.4023243702437,60.00610060659605],[-141.59614624586246,59.96228856237562],[-141.7361287115871,59.96228856237562],[-141.91200411724117,60.00953684535844],[-142.1309510508105,60.030154277932766],[-142.24580845858458,60.049912650816495],[-142.5365412720127,60.08427503844038],[-142.698059501695,60.09372469503694],[-142.90982784727845,60.09028845627455],[-143.13595336883367,60.06193948648486],[-143.41232900629007,60.05163077019769],[-143.69947252572524,60.027577098860974],[-143.893294401344,59.98634223371232],[-144.03327686706865,60.01984556164561],[-144.19479509675097,59.99751000969009],[-144.42450991229913,59.89442284681846],[-144.58961743597433,59.795630982399814],[-144.56808167201672,59.85146986228861],[-144.43886708827088,59.9399530104201],[-144.21633086070858,60.040462994219936],[-144.05122333703338,60.04218111360113],[-144.1086520409204,60.098879053180525],[-144.28452744657446,60.14011391832918],[-144.31324179851796,60.1615904105941],[-144.3491347384474,60.09114751596515],[-144.4424563822638,60.163308529975296],[-144.53577802608027,60.18908032069319],[-144.59679602396022,60.18134878347783],[-144.65422472784726,60.20454339512395],[-144.90906460134602,60.22086552924529],[-144.87676095540954,60.24491920058199],[-144.7403677836778,60.26467757346572],[-144.8911181313813,60.29302654325542],[-144.95931471724717,60.28787218511184],[-144.96649330523303,60.30934867737676],[-144.83368942749428,60.44336198910989],[-144.88752883738837,60.45624788446884],[-144.93418965929658,60.42532173560734],[-145.03827918509182,60.40642242241421],[-145.04186847908477,60.35745602005019],[-145.11365435894356,60.3007580804708],[-145.25363682466823,60.311066796757956],[-145.50488740417404,60.39439558674586],[-145.5012981101811,60.42102643715437],[-145.59461975399753,60.45195258601585],[-145.73460221972218,60.47428813797137],[-145.88176327343274,60.44422104880047],[-145.9607277412774,60.46741566044659],[-145.9140669193692,60.492328391473905],[-145.80279880558805,60.51981830157301],[-145.71306645576453,60.58338871867717],[-145.7633165716657,60.591979315583146],[-145.82792386353862,60.549885390743896],[-146.11147808898087,60.46999283951838],[-146.21556761477615,60.450234466634654],[-146.35196078650785,60.45452976508764],[-146.3483714925149,60.408140541795404],[-146.13301385293852,60.43133515344152],[-146.09353161901618,60.4107177208672],[-146.08635303103028,60.36518755726556],[-146.14737102891027,60.36690567664675],[-146.2478712607126,60.33512046809467],[-146.3124785525855,60.34027482623826],[-146.45963960629604,60.307630557995566],[-146.6068006600066,60.241482961819614],[-146.64987218792186,60.24320108120081],[-146.69294371583715,60.28443594634945],[-146.52424689816897,60.35058354252541],[-146.65705077590775,60.34027482623826],[-146.71806877378773,60.349724482834816],[-146.72165806778065,60.39611370612705],[-146.63910430594305,60.46741566044659],[-146.59244348403485,60.49061027209271],[-146.5278361921619,60.492328391473905],[-146.45605031230312,60.465697541065396],[-146.36990725647254,60.48030155580555],[-146.2909427886279,60.51552300312002],[-146.15454961689616,60.52669077909778],[-145.9499598592986,60.576516241152405],[-145.7992095115951,60.59369743496434],[-145.83151315753156,60.615173927229264],[-145.8997097433974,60.61345580784807],[-145.8961204494045,60.67444904588045],[-145.9356026833268,60.6323551210412],[-146.00379926919268,60.615173927229264],[-146.00020997519974,60.640945717947176],[-145.91047762537625,60.69678459783597],[-145.9068883313833,60.714824851338506],[-146.02533503315033,60.66499938928388],[-146.1868532628326,60.62462358382582],[-146.2550498486985,60.622046404754045],[-146.26940702467024,60.64781819547194],[-146.04328150311503,60.74403288081879],[-146.06481726707267,60.776677149061484],[-146.16890679286792,60.72513356762566],[-146.30529996459964,60.71310673195731],[-146.3483714925149,60.73544228391283],[-146.40221090240902,60.69334835907358],[-146.47399678226782,60.68132152340523],[-146.66781865788658,60.692489299382984],[-146.70371159781598,60.7423147614376],[-146.6068006600066,60.75863689555895],[-146.56731842608426,60.75090535834357],[-146.50271113421132,60.7723818506085],[-146.35913937449374,60.78612680565804],[-146.2550498486985,60.81018047699476],[-146.17249608686086,60.866019356883555],[-146.26222843668435,60.86773747626475],[-146.3124785525855,60.82822073049729],[-146.39503231442313,60.811898596375954],[-146.55655054410542,60.81018047699476],[-146.62115783597835,60.86859653595535],[-146.66422936389364,60.87117371502714],[-146.7252473617736,60.811898596375954],[-146.80062253562534,60.805026118851174],[-146.81497971159712,60.8557106405964],[-146.75755100771005,60.87804619255192],[-146.6965330098301,60.872891834408335],[-146.73601524375243,60.9106904607946],[-146.74678312573124,60.95793874377743],[-146.70012230382304,60.98714677325772],[-146.6068006600066,61.085079577985766],[-146.26222843668435,61.09023393612935],[-146.28735349463494,61.12287820437203],[-146.61397924799246,61.118582905919055],[-146.6893544218442,61.06446214541144],[-146.78626535965358,61.04212659345592],[-146.86164053350532,60.97597899727997],[-146.97290864728646,60.934744132131314],[-147.0554624091241,60.94505284841847],[-146.98367652926527,60.97597899727997],[-147.01956946919466,61.073052742317415],[-147.06264099710995,61.118582905919055],[-146.99803370523705,61.14435469663695],[-147.07699817308173,61.15294529354293],[-147.12724828898288,61.1331869206592],[-147.13083758297583,61.089374876438754],[-147.08776605506054,61.03525411593115],[-147.1380161709617,60.98113335542355],[-147.13442687696875,60.94591190810907],[-147.18108769887698,60.93302601275012],[-147.27440934269342,60.97426087789877],[-147.2815879306793,60.91670387862878],[-147.37849886848866,60.87804619255192],[-147.4538740423404,60.89694550574505],[-147.4538740423404,60.94161660965608],[-147.49335627626274,60.95793874377743],[-147.51848133421333,60.89522738636386],[-147.55078498014979,60.908113281722805],[-147.53642780417803,61.018931981809814],[-147.50412415824158,61.07219368262682],[-147.55796356813568,61.081643339223376],[-147.61898156601563,60.969965579445784],[-147.58667792007918,60.87460995378953],[-147.60103509605096,60.84969722276222],[-147.6692316819168,60.84196568554684],[-147.66564238792387,60.88405961038609],[-147.76255332573325,60.91326763986639],[-147.78767838368384,60.87375089409893],[-147.7302496797968,60.81791201421014],[-147.776910501705,60.81103953668536],[-147.91330367343673,60.8247844917349],[-148.03533966919667,60.78354962658625],[-148.135839900999,60.79128116380163],[-148.1537863709637,60.81791201421014],[-148.10353625506255,60.899522684816844],[-147.95278590735907,61.02924069809697],[-147.94919661336613,61.07477086169861],[-147.77332120771206,61.18043520364202],[-147.71589250382502,61.250019038580376],[-147.73742826778266,61.26548211301112],[-147.99944672926728,61.08422051829517],[-148.00303602326022,61.054153429124284],[-148.06764331513313,61.004327967069656],[-148.09635766707666,61.01120044459444],[-148.1250720190202,61.07047556324562],[-148.16814354693545,61.069616503555025],[-148.1789114289143,61.00003266861668],[-148.2183936628366,60.953643445324445],[-148.28300095470954,60.91756293831938],[-148.29376883668834,60.862583118121165],[-148.35119754057538,60.80416705916058],[-148.42657271442712,60.827361670806695],[-148.4516977723777,60.78956304442043],[-148.36555471654717,60.76550937308372],[-148.38350118651186,60.6873349412394],[-148.34760824658247,60.68046246371463],[-148.2794116607166,60.753482537415366],[-148.1466077829778,60.75863689555895],[-148.10712554905547,60.73973758236582],[-148.09276837308371,60.6615631505215],[-148.14301848898486,60.62290546444463],[-148.254286602766,60.595415554345536],[-148.3332510706107,60.53012701786017],[-148.32966177661774,60.476006257352566],[-148.254286602766,60.4931874511645],[-148.19326860488604,60.55761692795927],[-148.08558978509785,60.595415554345536],[-147.97791096530963,60.51895924188241],[-147.97791096530963,60.48116061549615],[-147.94201802538024,60.44422104880047],[-148.02457178721787,60.279281588205876],[-148.1178934310343,60.279281588205876],[-148.15019707697076,60.32395269211692],[-148.2183936628366,60.33168422933228],[-148.2148043688437,60.3007580804708],[-148.31171530665307,60.26295945408454],[-148.31171530665307,60.24835543934438],[-148.21121507485074,60.260382275012745],[-148.1286613130131,60.237187663366626],[-147.90971437944378,60.130664261732605],[-147.81639273562735,60.05764418803187],[-147.87023214552144,59.991496591855906],[-147.91689296742967,59.969161039900385],[-148.03892896318962,59.9390939507295],[-148.0999469610696,59.952838905779046],[-148.15019707697076,59.937375831348305],[-148.254286602766,59.93222147320472],[-148.22198295682955,59.976033517425165],[-148.315304600646,60.033590516695156],[-148.28300095470954,60.08513409813098],[-148.34401895258952,60.13925485863858],[-148.40144765647656,60.031013337623364],[-148.40144765647656,59.97775163680636],[-148.44451918439182,59.94253018949189],[-148.5127157702577,60.001805308143076],[-148.54501941619415,59.994932830618296],[-148.57014447414474,59.944248308873085],[-148.63475176601764,59.91589933908338],[-148.75678776177762,59.95885232361323],[-148.86087728757286,59.92448993598936],[-148.91471669746696,59.969161039900385],[-149.01162763527634,59.95112078639785],[-149.09059210312103,59.95541608485084],[-149.12289574905748,59.979469756187555],[-149.03675269322693,60.04304017329173],[-149.06905633916338,60.05506700896008],[-149.16596727697276,60.0224227407174],[-149.270056802768,59.872087294862936],[-149.3777356225562,59.83600678785787],[-149.41003926849268,59.85146986228861],[-149.3597891525915,59.898718145271445],[-149.3131283306833,59.97087915928158],[-149.3669677405774,60.118637426064254],[-149.42439644446443,60.12293272451724],[-149.44234291442913,60.098879053180525],[-149.4387536204362,60.02929521824217],[-149.39209279852798,59.98376505464054],[-149.42798573845738,59.98032881587815],[-149.46387867838678,59.918476518155174],[-149.52489667626676,59.92792617475173],[-149.55361102821027,59.910744980939796],[-149.57155749817497,59.85232892197921],[-149.6110397320973,59.837724907239064],[-149.59668255612556,59.79734910178101],[-149.50695020630206,59.7707182513725],[-149.52848597025968,59.707147834268326],[-149.62539690806906,59.73463774436743],[-149.66846843598435,59.84373832507325],[-149.63975408404082,59.875523533625326],[-149.67923631796316,59.94253018949189],[-149.74025431584315,59.94768454763546],[-149.7187185518855,59.90301344372443],[-149.74743290382904,59.86091951888518],[-149.72948643386434,59.69254381952818],[-149.74743290382904,59.637563999329984],[-149.84434384163842,59.70113441643416],[-149.84793313563134,59.73807398312982],[-149.90536183951838,59.76212765446654],[-150.02739783527835,59.788758504875034],[-150.0166299532995,59.75439611725116],[-149.93048689746897,59.72346996838968],[-149.9340761914619,59.669349207882064],[-150.18173747697477,59.533617776767755],[-150.29659488474883,59.45544334492344],[-150.29659488474883,59.424517196061956],[-150.35402358863587,59.41592659915598],[-150.38632723457232,59.34204746576465],[-150.4293987624876,59.343765585145846],[-150.44016664446644,59.40389976348763],[-150.31813064870647,59.58516135820358],[-150.31813064870647,59.61007408923088],[-150.4114522925229,59.55423520934208],[-150.4796488783888,59.45887958368583],[-150.52272040630405,59.46832924028239],[-150.55502405224053,59.59031571634715],[-150.60168487414873,59.54564461243612],[-150.64116710807107,59.547362731817316],[-150.58373840418403,59.4941010310003],[-150.60168487414873,59.42537625575255],[-150.7416673398734,59.42537625575255],[-150.7703816918169,59.37297361462613],[-150.8349889836898,59.35235618205181],[-150.9139534515345,59.305107899068986],[-150.88882839358394,59.26816833237332],[-150.94266780347803,59.23294688505884],[-151.00009650736507,59.224356288152876],[-151.00009650736507,59.2707455114451],[-151.0575252112521,59.301671660306596],[-151.10418603316032,59.263013974229736],[-151.10777532715326,59.217483810628096],[-151.18673979499795,59.20287979588795],[-151.2728828508285,59.22951064629645],[-151.30518649676495,59.20975227341272],[-151.3805616706167,59.24239654165541],[-151.40568672856728,59.279336108351075],[-151.44875825648256,59.24840995948959],[-151.5241334303343,59.22521534784347],[-151.50259766637666,59.195148258672575],[-151.57438354623545,59.195148258672575],[-151.59233001620015,59.1616449307393],[-151.73949106991068,59.15563151290512],[-151.76102683386833,59.220920049390486],[-151.839991301713,59.208893213722135],[-151.91536647556475,59.227792526915266],[-151.90459859358592,59.2466918401084],[-151.97997376743766,59.25356431763316],[-151.9907416494165,59.31369849597495],[-151.96202729747296,59.34462464483644],[-151.90459859358592,59.360087719267185],[-151.88665212362122,59.421080957299566],[-151.77179471584714,59.447711807708075],[-151.73949106991068,59.4382621511115],[-151.63540154411544,59.48207419533195],[-151.5169548423484,59.48465137440374],[-151.5169548423484,59.5233090604806],[-151.39850814058138,59.54134931398313],[-151.27647214482144,59.59461101480014],[-151.1652040310403,59.58687947758477],[-151.20468626496265,59.64615459623596],[-151.12572179711796,59.66849014819147],[-151.11495391513915,59.69598005829057],[-150.98215003740037,59.78360414673146],[-151.02881085930858,59.79649004209041],[-151.11495391513915,59.77759072889728],[-151.33031155471554,59.68395322262222],[-151.43799037450373,59.666772028810286],[-151.50259766637666,59.633268700877],[-151.6425801321013,59.64701365592656],[-151.79691977379773,59.70457065519655],[-151.85075918369182,59.73893304282042],[-151.86870565365652,59.77844978858788],[-151.80409836178362,59.87895977238772],[-151.75743753987538,59.917617458464576],[-151.7035981299813,60.03187239731396],[-151.6066871921719,60.09973811287112],[-151.54566919429192,60.12808708266081],[-151.42004390453903,60.21313399202991],[-151.3805616706167,60.29732184170841],[-151.3805616706167,60.35831507974079],[-151.29800790877908,60.38580498983988],[-151.28006143881439,60.51981830157301],[-151.26570426284263,60.54301291321913],[-151.33031155471554,60.58081153960539],[-151.40927602256022,60.72083826917269],[-151.26929355683555,60.75090535834357],[-151.25134708687085,60.77409996998969],[-151.02522156531563,60.79729458163581],[-150.70577439994398,60.938180370893704],[-150.3755593525935,61.03954941438414],[-150.19250535895358,60.90124080419804],[-150.04534430524305,60.88749584914848],[-149.99868348333482,60.86430123750236],[-149.87664748757487,60.960515922849225],[-149.76896866778668,60.96738840037399],[-149.63975408404082,60.92873071429713],[-149.57155749817497,60.93732131120311],[-149.34543197661975,60.896086446054454],[-149.11212786707867,60.87890525224252],[-149.00444904729045,60.83165696925968],[-149.0080383412834,60.8548515809058],[-149.08700280912808,60.9089723414134],[-149.19109233492333,60.9398984902749],[-149.32748550665505,60.927871654606534],[-149.51053950029498,60.981992415114135],[-149.59668255612556,60.98113335542355],[-149.74025431584315,61.01721386242862],[-149.82998666566664,61.07562992138921],[-149.9699691313913,61.1323278609686],[-150.07405865718655,61.15638153230532],[-150.00945136531365,61.20362981528814],[-149.92330830948308,61.211361352503516],[-149.81204019570194,61.31788475413754],[-149.72948643386434,61.33334782856828],[-149.7007720819208,61.38489141000409],[-149.53566455824557,61.408086021650206],[-149.42798573845738,61.446743707727066],[-149.54284314623146,61.48969669225691],[-149.61462902609026,61.493132931019304],[-149.76896866778668,61.438153110821105],[-149.808450901709,61.396059185981855],[-149.87664748757487,61.38403235031349],[-149.91971901549016,61.323898171971706],[-149.91971901549016,61.26376399362992],[-149.98432630736306,61.23713314322143],[-150.07405865718655,61.253455277342766],[-150.2032732409324,61.25946869517695],[-150.46888099640995,61.24486468043679],[-150.5622026402264,61.281804247132456],[-150.66270287202872,61.295549202182016],[-150.71295298792987,61.250878098270974],[-151.02522156531563,61.17871708426084],[-151.1652040310403,61.046421891908906],[-151.29441861478614,61.03611317562175],[-151.362615200652,61.00948232521324],[-151.48106190241901,61.01120044459444],[-151.62104436814366,60.957079684086835],[-151.79333047980478,60.86344217781176],[-151.79691977379773,60.83852944678446],[-151.7035981299813,60.73200604515044],[-151.71077671796718,60.71224767226671],[-151.84716988969888,60.73372416453164],[-151.91536647556475,60.718261090100896],[-152.02304529535294,60.67358998618985],[-152.09842046920468,60.59455649465494],[-152.19533140701407,60.569643763627624],[-152.31018881478815,60.50607334652345],[-152.33172457874576,60.44336198910989],[-152.30301022680226,60.41415395962959],[-152.2348136409364,60.39353652705526],[-152.378385400654,60.34542918438183],[-152.41068904659045,60.28787218511184],[-152.45734986849868,60.28443594634945],[-152.55785010030098,60.22430176800768],[-152.62604668616686,60.218288350173495],[-152.6583503321033,60.24234202151021],[-152.7480826819268,60.23289236491364],[-152.73372550595505,60.17447630595305],[-152.676296802068,60.163308529975296],[-152.68706468404682,60.137536739257385],[-152.59733233422332,60.10145623225232],[-152.56861798227982,60.07138914308142],[-152.6116895101951,60.00867778566784],[-152.67988609606095,59.96830198020979],[-152.70501115401152,59.915040279392784],[-152.79474350383504,59.89700002589025],[-152.8091006798068,59.87810071269712],[-152.94908314553143,59.876382593315924],[-153.00292255542553,59.88669130960308],[-153.14649431514314,59.860060459194585],[-153.21110160701605,59.86263763826638],[-153.27929819288192,59.811094056830555],[-153.1967444310443,59.824839011880115],[-153.1429050211502,59.807657818068165],[-153.0890656112561,59.833429608786076],[-153.02086902539025,59.834288668476674],[-152.99574396743967,59.791335683946826],[-153.0531726713267,59.691684759837585],[-153.12136925719255,59.67793980478804],[-153.214690901009,59.634127760567594],[-153.31519113281132,59.66591296911969],[-153.29724466284662,59.63670493963939],[-153.34390548475483,59.621241865208646],[-153.40851277662776,59.63670493963939],[-153.38338771867717,59.666772028810286],[-153.3762091306913,59.73120150560504],[-153.45517359853596,59.792194743637424],[-153.44440571655716,59.68996664045639],[-153.4767093624936,59.64271835747357],[-153.54131665436654,59.62983246211461],[-153.58797747627474,59.65130895437953],[-153.6095132402324,59.621241865208646],[-153.55208453634535,59.59718819387193],[-153.5843881822818,59.55165803027029],[-153.76026358793587,59.54306743336433],[-153.69924559005588,59.463174882138816],[-153.72795994199942,59.43568497203971],[-153.8248708798088,59.417644718537176],[-153.8607638197382,59.424517196061956],[-153.94690687556874,59.385859509985096],[-153.98997840348403,59.39702728596285],[-154.11919298722987,59.36524207741077],[-154.10124651726517,59.34290652545525],[-154.02946063740637,59.32744345102451],[-154.11201439924398,59.2999535409254],[-154.13713945719456,59.263013974229736],[-154.12996086920867,59.210611333103316],[-154.17303239712396,59.17281270671705],[-154.2591754529545,59.14274561754617],[-154.17303239712396,59.12041006559065],[-154.1945681610816,59.06972554384542],[-154.1586752211522,59.018181962409614],[-154.06176428334282,59.072302722917215],[-153.84999593775936,59.052544350033486],[-153.79256723387232,59.07144366322662],[-153.74949570595706,59.052544350033486],[-153.69565629606296,59.07402084229841],[-153.61669182821828,59.00701418643186],[-153.5484952423524,58.98381957478574],[-153.48029865648655,58.994987350763495],[-153.39774489464892,58.96577932128321],[-153.33313760277602,58.92024915768157],[-153.30442325083249,58.87471899407993],[-153.2505838409384,58.855819680886796],[-153.35108407274072,58.843792845218445],[-153.40133418864187,58.74242380172801],[-153.44440571655716,58.708920473794734],[-153.55208453634535,58.68744398152981],[-153.5915667702677,58.640195698546975],[-153.67770982609824,58.61184672875727],[-153.84999593775936,58.61184672875727],[-153.90383534765346,58.59724271401713],[-153.91819252362524,58.51649110310102],[-153.9612640515405,58.48814213331133],[-154.05817498934988,58.489001193001926],[-154.07612145931458,58.47181999918999],[-154.04022851938518,58.40395428363283],[-154.00074628546284,58.37646437353372],[-154.09765722327222,58.34553822467224],[-154.16944310313102,58.35842412003119],[-154.1766216911169,58.31976643395433],[-154.1048358112581,58.28024968818687],[-154.14431804518046,58.21066585324853],[-154.2196932190322,58.18489406253062],[-154.2412289829898,58.15654509274091],[-154.20892533705336,58.13592766016659],[-154.291479098891,58.13592766016659],[-154.34172921479214,58.09125655625556],[-154.43505085860858,58.14795449583495],[-154.46735450454503,58.14194107800077],[-154.44940803458033,58.09297467563675],[-154.46376521055208,58.05861228801287],[-154.53914038440382,58.056035108941074],[-154.5822119123191,58.01909554224541],[-154.6432299101991,58.03284049729497],[-154.6432299101991,58.056035108941074],[-154.7150157900579,58.05517604925048],[-154.72937296602964,58.0216727213172],[-154.80833743387433,58.001055288742876],[-154.89089119571196,58.027686139151385],[-154.99139142751426,58.01308212441124],[-155.11701671726718,57.953807005760055],[-155.06317730737305,57.90913590184901],[-155.09548095330953,57.86532385762857],[-155.23905271302712,57.827525231242305],[-155.33955294482945,57.82580711186111],[-155.3359636508365,57.78027694825947],[-155.28571353493533,57.758800455994546],[-155.30724929889297,57.724438068370674],[-155.37903517875176,57.71069311332113],[-155.5082497624976,57.76137763506634],[-155.54414270242702,57.78714942578425],[-155.61592858228582,57.769968231972314],[-155.63387505225052,57.7158474714647],[-155.63028575825757,57.65657235281351],[-155.723607402074,57.63337774116741],[-155.73437528405282,57.550048951179505],[-155.96767939359393,57.54403553334532],[-156.04305456744567,57.56465296591965],[-156.05023315543156,57.501082548815475],[-156.02151880348802,57.440089310783094],[-156.09330468334682,57.440089310783094],[-156.1363762112621,57.47187451933519],[-156.21175138511384,57.47445169840698],[-156.2261085610856,57.44094837047369],[-156.34096596885968,57.41775375882757],[-156.48094843458432,57.33872026729266],[-156.53478784447844,57.3284115510055],[-156.55273431444314,57.29061292461924],[-156.5060734925349,57.28116326802267],[-156.33737667486673,57.33614308822088],[-156.32301949889498,57.29319010369103],[-156.34455526285262,57.24765994008939],[-156.39839467274672,57.24164652225521],[-156.39839467274672,57.215015671846714],[-156.3337873808738,57.18237140360402],[-156.36968032080318,57.149727135361346],[-156.43428761267612,57.127391583405824],[-156.441466200662,57.085297658566574],[-156.53478784447844,57.04749903218031],[-156.56350219642195,57.020009122081206],[-156.55632360843606,56.98392861507614],[-156.67118101621014,56.9959554507445],[-156.78244912999128,56.97190177940779],[-156.79680630596306,56.911767601066],[-156.83987783387832,56.90145888477883],[-156.9080744197442,56.965888361573604],[-156.9367887716877,56.920358197971964],[-157.03369970949709,56.8842776909669],[-157.07318194341943,56.83874752736527],[-157.15932499924998,56.833593169221686],[-157.14137852928528,56.79064018469184],[-157.20239652716526,56.76744557304572],[-157.29212887698876,56.804385139741385],[-157.3782719328193,56.861942139011376],[-157.457236400664,56.84819718396183],[-157.457236400664,56.804385139741385],[-157.41775416674164,56.8000898412884],[-157.41416487274873,56.769163692426915],[-157.51825439854397,56.76057309552094],[-157.56491522045218,56.70301609625095],[-157.54337945649456,56.675526186151856],[-157.47877216462163,56.67037182800827],[-157.46082569465693,56.62570072409723],[-157.59004027840277,56.62226448533484],[-157.67618333423331,56.60937858997589],[-157.7372013321133,56.675526186151856],[-157.92025532575326,56.642881917909165],[-157.98486261762616,56.599069873688734],[-158.0422913215132,56.59649269461694],[-158.07459496744966,56.55439876977769],[-158.0063983815838,56.553539710087094],[-157.90948744377442,56.57501620235202],[-157.83770156391563,56.560412187611874],[-157.816165799958,56.514022964319636],[-157.87359450384503,56.47364715886158],[-158.02793414554145,56.511445785247844],[-158.11048790737905,56.52089544184442],[-158.12843437734375,56.46076126350263],[-158.24688107911078,56.465915621646204],[-158.3294348409484,56.48395587514874],[-158.4012207208072,56.45560690535905],[-158.4981316586166,56.38000965258652],[-158.4909530706307,56.342211026200246],[-158.32225625296252,56.32502983238831],[-158.20739884518844,56.29410368352683],[-158.21816672716727,56.269190952499514],[-158.33302413494133,56.23311044549445],[-158.3294348409484,56.21335207261072],[-158.26482754907548,56.20991583384833],[-158.17509519925198,56.23654668425684],[-158.11766649536494,56.230533266422654],[-158.31507766497663,56.16352661055609],[-158.39763142681426,56.10940585004849],[-158.3940421328213,56.06473474613745],[-158.44070295472955,56.107687730667294],[-158.47659589465894,56.09308371592715],[-158.4191671907719,56.03638577634776],[-158.44070295472955,55.99343279181791],[-158.4658280126801,56.026936119751184],[-158.5017209526095,56.02521800036999],[-158.5088995405954,55.97968783676836],[-158.5986318904189,56.04841261201611],[-158.5986318904189,56.130023282622815],[-158.66682847628476,56.07847970118701],[-158.63811412434123,56.01576834377343],[-158.65247130031298,55.95821134450344],[-158.73861435614356,55.953056986359854],[-158.72784647416472,56.00288244841448],[-158.85347176391764,56.003741508105065],[-158.91090046780465,55.93501673285732],[-159.00063281762817,55.92728519564194],[-159.26982986709865,55.89034562894628],[-159.37391939289392,55.87144631575315],[-159.39904445084449,55.852547002560016],[-159.40981233282332,55.78897658545584],[-159.47083033070328,55.8284933312233],[-159.4528838607386,55.89721810647106],[-159.5354376225762,55.88089597234972],[-159.4995446826468,55.85512418163181],[-159.49595538865387,55.76578197380972],[-159.5533840925409,55.70478873577734],[-159.53184832858327,55.665271990009884],[-159.61799138441384,55.59568815507154],[-159.7328487921879,55.56991636435363],[-159.72567020420203,55.61458746826467],[-159.63952714837149,55.61802370702706],[-159.6431164423644,55.652386094650936],[-159.6790093822938,55.655822333413326],[-159.67183079430794,55.75117795906958],[-159.607223502435,55.81303025679256],[-159.71131302823028,55.84653358472583],[-159.81181326003258,55.856842301013],[-159.8584740819408,55.84137922658226],[-159.84770619996198,55.8027215405054],[-159.89077772787726,55.784681287002854],[-159.9374385497855,55.803580600196],[-160.027170899609,55.79241282421823],[-160.05947454554544,55.72196992958929],[-160.18509983529833,55.65839951248512],[-160.27842147911477,55.64121831867318],[-160.41122535685355,55.665271990009884],[-160.4327611208112,55.640359258982585],[-160.39327888688885,55.60256063259632],[-160.46506476674764,55.532976797657966],[-160.46147547275473,55.50634594724946],[-160.53685064660647,55.47456073869738],[-160.57992217452173,55.56476200621006],[-160.61581511445112,55.57592978218781],[-160.6660652303523,55.544144573635734],[-160.70554746427462,55.556171409304085],[-160.77015475614755,55.529540558895576],[-160.6588866423664,55.51837278291782],[-160.6660652303523,55.459956723957234],[-160.78092263812636,55.45136612705126],[-160.8383513420134,55.47284261931618],[-160.8204048720487,55.50634594724946],[-160.86706569395693,55.52696337982378],[-160.94603016180162,55.50806406663065],[-161.01422674766746,55.43074869447693],[-161.2331736812368,55.3577286207762],[-161.32649532505323,55.359446740157395],[-161.36597755897557,55.38435947118471],[-161.459299202792,55.359446740157395],[-161.50596002470024,55.362882978919785],[-161.47006708477085,55.4968962906529],[-161.36597755897557,55.579366020950204],[-161.36238826498263,55.61888276671766],[-161.41622767487672,55.63262772176721],[-161.52749578865786,55.63090960238601],[-161.61363884448843,55.6059968713587],[-161.69978190031898,55.51923184260842],[-161.68542472434723,55.40841314252141],[-161.82899648406482,55.288144785837844],[-161.8541215420154,55.27783606955069],[-161.90437165791656,55.204815995849955],[-161.9797468317683,55.23574214471144],[-162.04794341763417,55.22543342842428],[-162.00128259572594,55.16959454853547],[-161.96538965579654,55.15499053379533],[-161.9618003618036,55.10688319112191],[-162.0515327116271,55.07423892287922],[-162.11972929749297,55.10258789266892],[-162.11972929749297,55.14124557874578],[-162.17715800138,55.15413147410473],[-162.2238188232882,55.10258789266892],[-162.18792588335882,55.06049396782967],[-162.2489438812388,55.02011816237162],[-162.29919399713995,55.043312774017735],[-162.41405140491403,55.036440296492955],[-162.47148010880107,55.0519033709237],[-162.52173022470222,55.11547378802787],[-162.40687281692817,55.120628146171455],[-162.4822479907799,55.16100395162951],[-162.51096234272342,55.25034615945158],[-162.58633751657516,55.298453502125014],[-162.6258197504975,55.3044669199592],[-162.68324845438454,55.27611795016949],[-162.71914139431394,55.2202790702807],[-162.69401633636335,55.19708445863458],[-162.6437662204622,55.19708445863458],[-162.57915892858927,55.136950280292794],[-162.6186411625116,55.09743353452534],[-162.56839104661046,55.01582286391863],[-162.56839104661046,54.97115176000759],[-162.64735551445514,54.9969235507255],[-162.71914139431394,54.98060141660416],[-162.7083735123351,54.95826586464864],[-162.7693915102151,54.93249407393073],[-162.83399880208802,54.92648065609656],[-162.91296326993267,54.95053432743326],[-162.97039197381972,55.001218849178485],[-162.95603479784796,55.03214499803997],[-163.0026956197562,55.0802523407134],[-163.07807079360794,55.11203754926548],[-163.18933890738907,55.090561057000556],[-163.22523184731847,55.04245371432714],[-163.0493564416644,54.96943364062639],[-163.03499926569265,54.9428027902179],[-163.21446396533963,54.84744716456164],[-163.3006070211702,54.829406911059095],[-163.372392901029,54.801057941269406],[-163.31496419714196,54.75295059859597],[-163.21805325933258,54.75466871797717],[-163.18574961339613,54.775286150551494],[-163.10678514555144,54.73233316602165],[-163.0601243236432,54.66103121170211],[-163.15344596745967,54.666185569845695],[-163.12473161551614,54.69539359932598],[-163.18574961339613,54.70054795746957],[-163.22164255332552,54.67649428613285],[-163.27907125721256,54.69539359932598],[-163.34008925509255,54.748655300143],[-163.42982160491604,54.71515197220971],[-163.42264301693015,54.655876853558524],[-163.48725030880308,54.65501779386793],[-163.58775054060538,54.61206480933808],[-163.67030430244301,54.627527883768835],[-163.8031081801818,54.636118480674796],[-163.96462640986408,54.63182318222181],[-164.08666240562405,54.61979634655346],[-164.2338234593346,54.585433958929585],[-164.33791298512983,54.5244407208972],[-164.3522701611016,54.46516560224602],[-164.45635968689686,54.41963543864438],[-164.6394136805368,54.39128646885467],[-164.74350320633204,54.393863647926466],[-164.84400343813437,54.41791731926318],[-164.87630708407082,54.443689109981094],[-164.9086107300073,54.50725952708527],[-164.9445036699367,54.533031317803164],[-164.94809296392964,54.580279600786],[-164.9193786119861,54.60519233181331],[-164.76144967629676,54.64041377912778],[-164.71119956039558,54.66189027139271],[-164.62864579855798,54.75638683735836],[-164.5604492126921,54.85088340332402],[-164.56403850668505,54.87579613435133],[-164.48507403884037,54.92218535764357],[-164.43482392293922,54.933353133621324],[-164.34509157311572,54.89383638785387],[-164.208698401384,54.927339715787156],[-164.1189660515605,54.96943364062639],[-164.029233701737,54.96943364062639],[-163.89642982399823,55.03901747556475],[-163.77439382823826,55.056198669376684],[-163.64517924449243,55.04417183370833],[-163.5339111307113,55.048467132161306],[-163.53032183671834,55.01668192360923],[-163.42982160491604,54.95482962588625],[-163.39751795897956,54.90242698475984],[-163.4154644289443,54.859474000229994],[-163.3185534911349,54.88009143280432],[-163.3472678430784,54.92476253671536],[-163.34008925509255,54.95654774526744],[-163.23241043530433,54.93077595454953],[-163.28624984519843,54.96685646155461],[-163.27907125721256,55.033004057730565],[-163.31496419714196,55.12664156400564],[-163.20010678936788,55.166158309773095],[-163.10678514555144,55.18419856327563],[-162.95603479784796,55.171312667916666],[-162.88065962399622,55.18333950358503],[-162.84476668406683,55.24261462223622],[-162.90219538795387,55.24605086099861],[-162.8878382119821,55.27010453233531],[-162.82323092010918,55.278695129241285],[-162.79810586215862,55.31133939748396],[-162.7334985702857,55.30790315872157],[-162.64017692646925,55.39295006809067],[-162.62940904449044,55.36546015799158],[-162.57556963459632,55.34827896417963],[-162.50019446074458,55.38951382932828],[-162.5181409307093,55.46081578364783],[-162.5899268105681,55.453084246432454],[-162.49301587275872,55.51150030539304],[-162.26330105721055,55.688466601656],[-162.14485435544356,55.733137705567046],[-162.06230059360593,55.78639940638405],[-161.99410400774008,55.79756718236182],[-161.8971930699307,55.833647689366884],[-161.8074607201072,55.89206374832747],[-161.71054978229782,55.904090583995824],[-161.58492449254493,55.93759391192911],[-161.45212061480615,55.95477510574105],[-161.1326734494345,56.01490928408283],[-161.02499462964627,56.007177746867455],[-160.98910168971688,56.02264082129821],[-160.8275834600346,56.026936119751184],[-160.7916905201052,56.01834552284522],[-160.863476399964,55.995150911199104],[-160.86706569395693,55.95477510574105],[-160.81681557805575,55.953056986359854],[-160.8275834600346,55.910963061520604],[-160.93167298582983,55.89549998708986],[-160.94244086780867,55.82247991338913],[-160.80604769607694,55.73829206371063],[-160.7665654621546,55.75719137690376],[-160.66965452434522,55.72368804897049],[-160.65529734837347,55.740010183091826],[-160.75938687416874,55.78554034669345],[-160.77015475614755,55.8585604203942],[-160.7916905201052,55.88605033049329],[-160.69836887628875,55.86199665915659],[-160.49377911869118,55.86457383822837],[-160.4686540607406,55.79069470483704],[-160.386100298903,55.79670812267122],[-160.29277865508655,55.76578197380972],[-160.26765359713596,55.784681287002854],[-160.3179037130371,55.81904367462674],[-160.22099277522773,55.83192956998569],[-160.42199323883239,55.90838588244881],[-160.53685064660647,55.93931203131031],[-160.53326135261352,55.98913749336492],[-160.59069005650056,55.98312407553075],[-160.4507075907759,56.12572798416983],[-160.3968681808818,56.23139232611325],[-160.35738594695945,56.279499668786684],[-160.27483218512185,56.31729829517295],[-160.145617601376,56.39976802547025],[-160.08101030950309,56.410935801448005],[-159.9374385497855,56.47450621855218],[-159.82975972999728,56.54409005349052],[-159.5354376225762,56.626559783787826],[-159.38827656886568,56.690130200892],[-159.2626512791128,56.723633528825275],[-159.01857928759287,56.814693856028555],[-158.95756128971288,56.85077436303362],[-158.85347176391764,56.79235830407303],[-158.78527517805176,56.78033146840467],[-158.67400706427063,56.79665360252602],[-158.64529271232712,56.84733812427123],[-158.69195353423532,56.88771392972929],[-158.69913212222122,56.927230675496745],[-158.64529271232712,57.03203595774957],[-158.54120318653185,57.12481440433403],[-158.3940421328213,57.23649216411164],[-158.30789907699076,57.28975386492864],[-158.22893460914608,57.32153907348072],[-158.0853628494285,57.356760520795206],[-158.00998767557675,57.401431624706234],[-157.93102320773207,57.476169817788175],[-157.88077309183092,57.489055713147124],[-157.78745144801448,57.54231741396413],[-157.67977262822626,57.56379390622905],[-157.65105827628275,57.50022348912488],[-157.58645098440982,57.48733759376593],[-157.57209380843807,57.5225590410804],[-157.60798674836747,57.61276030859308],[-157.6905405102051,57.61104218921189],[-157.71207627416274,57.640250218692174],[-157.70489768617685,57.72186088929888],[-157.6725940402404,57.772545411044106],[-157.5828616904169,58.123900824498236],[-157.53261157451573,58.1599813315033],[-157.39621840278403,58.17372628655285],[-157.35314687486874,58.21925645015449],[-157.42493275472754,58.211524912939126],[-157.5469687504875,58.27767250911508],[-157.55773663246632,58.330934209932096],[-157.52543298652986,58.414262999919984],[-157.45364710667104,58.505323327123264],[-157.3567361688617,58.533672296912954],[-157.2526466430664,58.62043732566325],[-157.07677123741237,58.70806141410414],[-157.0624140614406,58.75702781646815],[-156.99421747557474,58.836920367693665],[-157.01216394553944,58.875578053770525],[-156.96550312363124,58.90392702356023],[-156.97627100561004,58.940866590255894],[-156.9296101837018,58.97351085849857],[-157.00139606356063,58.97351085849857],[-157.04087829748295,58.94602094839948],[-157.04087829748295,58.91337668015679],[-157.1162534713347,58.86784651655516],[-157.21675370313702,58.84121566614665],[-157.35314687486874,58.818021054500534],[-157.42852204872048,58.791390204092025],[-157.53261157451573,58.772490890898894],[-157.55055804448043,58.75445063739636],[-157.69771909819096,58.73039696605966],[-157.85564803388033,58.67799432493324],[-158.1392022593226,58.61528296751966],[-158.23252390313903,58.61957826597265],[-158.33302413494133,58.66510842957429],[-158.35097060490602,58.727819786987865],[-158.42275648476485,58.769913711827115],[-158.56632824448243,58.80255798006979],[-158.55914965649654,58.84207472583725],[-158.5196674225742,58.856678740577394],[-158.48736377663775,59.00014170890708],[-158.53043530455304,58.99756452983529],[-158.62016765437653,58.910799501084995],[-158.76732870808706,58.86441027779277],[-158.7888644720447,58.814584815738144],[-158.77091800208,58.76475935368353],[-158.79963235402352,58.732974145131436],[-158.8498824699247,58.72266542884428],[-158.8606503519035,58.695175518745174],[-158.82834670596705,58.62645074349743],[-158.77091800208,58.54827631165311],[-158.70272141621416,58.48298777516774],[-158.7960430600306,58.408249582085816],[-158.8965432918329,58.39020932858328],[-159.04729363953638,58.417699238682374],[-159.18727610526105,58.556007848868475],[-159.35597292292923,58.73469226451263],[-159.44929456674566,58.79740362192621],[-159.53184832858327,58.833484128931275],[-159.6431164423644,58.84465190490904],[-159.58568773847736,58.90049078479784],[-159.6431164423644,58.9382894111841],[-159.7328487921879,58.93055787396872],[-159.75438455614554,58.855819680886796],[-159.80822396603963,58.86183309872098],[-159.80463467204672,58.80599421883218],[-159.90872419784196,58.78022242811427],[-159.9948672536725,58.84808814367143],[-159.9840993716937,58.870423695626954],[-160.05229595755958,58.88674582974829],[-160.0917781914819,58.86097403903038],[-160.14920689536893,58.866128397173966],[-160.15279618936188,58.91681291891918],[-160.23176065720656,58.901349844488436],[-160.32149300703006,58.95375248561484],[-160.25688571515713,58.9941282910729],[-160.3179037130371,59.07058460353602],[-160.47583264872648,59.02591349962499],[-160.6409401724017,58.96406120190201],[-160.75220828618285,58.910799501084995],[-160.82399416604164,58.8291888304783],[-160.87065498794988,58.87815523284232],[-160.9998695716957,58.84980626305263],[-161.33726320703207,58.743282861418606],[-161.37315614696146,58.70806141410414],[-161.37315614696146,58.66596748926489],[-161.520317200672,58.633323221022195],[-161.5490315526155,58.61098766906669],[-161.6279960204602,58.60239707216071],[-161.68183543035428,58.56459844577445],[-161.75362131021308,58.5517125504155],[-161.76797848618486,58.59896083339832],[-161.8720680119801,58.63761851947518],[-162.06588988759887,58.62043732566325],[-162.16997941339412,58.64878629545295],[-161.99410400774008,58.689162100911005],[-161.94026459784595,58.655658772977716],[-161.87565730597305,58.66596748926489],[-161.85771083600835,58.708920473794734],[-161.76797848618486,58.775068069970686],[-161.75721060420602,58.82661165140651],[-161.78592495614956,58.89963172510724],[-161.7823356621566,58.9692155600456],[-161.83976436604365,59.03278597714976],[-161.82181789607895,59.05082623065229],[-161.879246599966,59.06800742446424],[-161.98333612576124,59.15133621445213],[-162.05512200562003,59.2707455114451],[-161.9510324798248,59.38070515184151],[-161.87565730597305,59.40046352472524],[-161.78951425014247,59.46832924028239],[-161.70337119431193,59.49066479223791],[-161.75721060420602,59.556812388413874],[-161.82181789607895,59.59461101480014],[-161.87565730597305,59.649590834998335],[-161.91155024590245,59.74151022189221],[-162.09101494554943,59.88067789176891],[-162.10178282752827,59.944248308873085],[-162.19151517735176,60.001805308143076],[-162.22740811728116,60.05592606865068],[-162.33508693706935,60.12894614235141],[-162.37097987699875,60.16674476873767],[-162.44994434484343,60.17447630595305],[-162.48942657876577,60.14269109740097],[-162.49660516675166,60.079120680296796],[-162.47506940279402,60.0473354717447],[-162.50378375473753,59.999228129071284],[-162.5468552826528,59.98118787556875],[-162.6437662204622,59.972597278662775],[-162.7083735123351,59.99063753216531],[-162.77657009820098,59.944248308873085],[-162.9057846819468,59.91933557784577],[-163.0852493815938,59.86091951888518],[-163.3472678430784,59.81968465373653],[-163.66312571445712,59.795630982399814],[-163.93232276392763,59.80422157930579],[-164.11537675756756,59.83686584754847],[-164.1620375794758,59.86435575764757],[-164.208698401384,59.949402667016656],[-164.1261446395464,59.96486574144741],[-164.1907519314193,60.0241408600986],[-164.38457380703807,60.0774025609156],[-164.49943121481215,60.17018100750006],[-164.51737768477685,60.199389036980364],[-164.63582438654385,60.24320108120081],[-164.70043167841678,60.29646278201781],[-164.85118202612026,60.30333525954259],[-164.9624501399014,60.33941576654766],[-165.13114695756957,60.433912332513316],[-165.04859319573194,60.46140224261242],[-164.9624501399014,60.50865052559524],[-164.96962872788725,60.53957667445674],[-165.05577178371783,60.54473103260031],[-165.19216495544953,60.49834180930809],[-165.36445106711065,60.50693240621405],[-165.4218797709977,60.55074445043449],[-165.38239753707535,60.5782343605336],[-165.26754012930127,60.5790934202242],[-165.0629503717037,60.689053060620594],[-165.0270574317743,60.685616821858204],[-164.96603943389434,60.724274507935064],[-165.02346813778138,60.753482537415366],[-165.03782531375313,60.788703984729835],[-164.92296790597905,60.80932141730416],[-165.01987884378843,60.815334835138344],[-165.00193237382373,60.87546901348013],[-164.90502143601435,60.94247566934668],[-164.96603943389434,60.94505284841847],[-165.03064672576724,60.90381798326982],[-165.17421848548483,60.9398984902749],[-165.19575424944247,60.97426087789877],[-165.11678978159782,61.01635480273802],[-165.01987884378843,61.01120044459444],[-164.95168225792256,61.030958817478165],[-164.95168225792256,61.069616503555025],[-165.01270025580254,61.05157625005249],[-165.12037907559073,61.0790661601516],[-165.17780777947777,61.12545538344382],[-165.1706291914919,61.14521375632755],[-165.2424150713507,61.15122717416173],[-165.2890758932589,61.18129426333262],[-165.3249688331883,61.169267427664266],[-165.3680403611036,61.08422051829517],[-165.41829047700475,61.0790661601516],[-165.55468364873647,61.092811115201144],[-165.59057658866587,61.11085136870368],[-165.62646952859527,61.16754930828307],[-165.62288023460232,61.27836800837008],[-165.66236246852466,61.29469014249142],[-165.8167021102211,61.30328073939738],[-165.88130940209402,61.335065947949474],[-165.91720234202342,61.41925379762796],[-165.76645199431994,61.457052424014236],[-165.7449162303623,61.48969669225691],[-165.80593422824228,61.52921343802437],[-165.91361304803047,61.55584428843288],[-166.07513127771276,61.53264967678676],[-166.07513127771276,61.493132931019304],[-166.1505064515645,61.51289130390303],[-166.18281009750098,61.58848855667556],[-166.15409574555744,61.71477033119331],[-166.1325599815998,61.724219987789866],[-166.1397385695857,61.632300600896],[-165.80952352223522,61.67267640635406],[-165.80952352223522,61.688998540475396],[-165.9351488119881,61.70617973428733],[-166.0069346918469,61.73023340562405],[-166.09307774767746,61.80067630025299],[-166.0858991596916,61.81613937468374],[-165.95668457594576,61.83246150880508],[-165.75927340633405,61.8255890312803],[-165.64082670456702,61.847065523545226],[-165.7449162303623,61.96217952208521],[-165.75927340633405,62.001696267852665],[-165.74850552435524,62.073857281862814],[-165.6731303505035,62.140004878038766],[-165.31061165721655,62.378823472024706],[-165.2962544812448,62.40373620305202],[-165.19934354343542,62.469883799227986],[-165.09525401764017,62.52228644035439],[-165.07730754767547,62.582420618696176],[-165.01270025580254,62.63997761796617],[-164.9373250819508,62.66918564744647],[-164.86912849608495,62.66574940868408],[-164.8368248501485,62.68550778156781],[-164.87630708407082,62.78429964598645],[-164.78298544025438,62.94580286781867],[-164.71837814838148,63.005937046160454],[-164.58198497664975,63.05833968728686],[-164.64659226852268,63.07895711986119],[-164.6322350925509,63.09785643305432],[-164.4240560409604,63.2121113719037],[-164.208698401384,63.25162811767116],[-164.03641228972288,63.26107777426773],[-163.8856619420194,63.22242008819087],[-163.731322300323,63.2129704315943],[-163.61646489254892,63.140809417584165],[-163.53032183671834,63.13565505944058],[-163.50878607276073,63.11331950748506],[-163.31496419714196,63.037722254712534],[-163.05294573565735,63.05833968728686],[-162.83399880208802,63.16486308892088],[-162.81964162611624,63.20523889437894],[-162.6617126904269,63.23015162540625],[-162.43558716887168,63.37790989218891],[-162.35303340703405,63.45436620465203],[-162.27047964519645,63.48786953258532],[-162.3027832911329,63.537694994639935],[-162.25253317523175,63.54199029309292],[-162.15203294342942,63.517936621756206],[-162.07306847558473,63.51364132330322],[-162.02640765367653,63.44749372712727],[-161.83976436604365,63.44749372712727],[-161.67824613636134,63.4646749209392],[-161.58492449254493,63.44749372712727],[-161.30854885508853,63.47154739846397],[-161.13626274342744,63.50419166670666],[-161.10395909749096,63.548003710927105],[-160.90295863388633,63.6579633513235],[-160.7665654621546,63.77393640955408],[-160.7665654621546,63.83492964758646],[-160.8096369900699,63.90451348252482],[-160.8921907519075,63.98612415313153],[-160.95320874978748,64.09007037569374],[-160.95679804378042,64.19143941918418],[-160.97474451374512,64.23611052309522],[-161.22958438724385,64.37098289451893],[-161.26188803318033,64.39847280461804],[-161.40904908689086,64.42252647595475],[-161.50596002470024,64.42338553564535],[-161.47006708477085,64.50671432563324],[-161.37315614696146,64.53506329542294],[-161.3229060310603,64.51358680315802],[-161.1972807413074,64.49640560934608],[-161.01422674766746,64.50241902718027],[-161.05011968759686,64.54107671325713],[-160.93885157381573,64.54966731016309],[-160.7916905201052,64.61925114510144],[-160.7845119321193,64.71718394982949],[-160.93526227982278,64.82198923208232],[-161.10395909749096,64.8804052910429],[-161.19369144731445,64.92164015619156],[-161.1972807413074,64.89415024609245],[-161.29419167911678,64.8529153809438],[-161.36597755897557,64.77903624755247],[-161.51672790667905,64.75326445683456],[-161.66747825438253,64.78934496383962],[-161.879246599966,64.70945241261411],[-162.16997941339412,64.68024438313383],[-162.23458670526705,64.61925114510144],[-162.53967669466692,64.53076799696996],[-162.61505186851866,64.47063381862817],[-162.63299833848336,64.38558690925909],[-162.79092727417273,64.3254527309173],[-162.80528445014448,64.40534528214282],[-162.85912386003858,64.49984184810847],[-162.9416776218762,64.54279483263832],[-163.04217785367854,64.54021765356653],[-163.02782067770676,64.56942568304682],[-163.14267808548084,64.60894242881427],[-163.1749817314173,64.63986857767577],[-163.31137490314902,64.58832499623995],[-163.25394619926197,64.54966731016309],[-163.17857102541024,64.54365389232892],[-163.1211423215232,64.51015056439563],[-163.03499926569265,64.5196002209922],[-163.02782067770676,64.47836535584355],[-163.10678514555144,64.4087815209052],[-163.1749817314173,64.39933186430864],[-163.25394619926197,64.46977475893758],[-163.4513573688737,64.53506329542294],[-163.59851842258422,64.56341226521265],[-163.82823323813236,64.5745800411904],[-163.97539429184292,64.55138542954428],[-164.07230522965227,64.56169414583145],[-164.25894851728515,64.56427132490325],[-164.42046674696746,64.5453720117101],[-164.80811049820497,64.44915732636325],[-165.0162895497955,64.4345533116231],[-165.41470118301183,64.49812372872728],[-165.75209481834818,64.53678141480414],[-165.92079163601636,64.54880825047249],[-166.23664950739507,64.58317063809638],[-166.4125249130491,64.65103635365352],[-166.4843107929079,64.73350608395083],[-166.480721498915,64.797076501055],[-166.40893561905617,64.82800264991648],[-166.4304713830138,64.8829824701147],[-166.53097161481614,64.9371032306223],[-166.69248984449843,64.98521057329572],[-166.69607913849137,65.03589509504094],[-166.8611866621666,65.09087491523914],[-166.897079602096,65.13898225791257],[-166.75709713637136,65.11063328812287],[-166.63865043460433,65.11321046719466],[-166.60634678866788,65.13640507884078],[-166.5202037328373,65.14929097419973],[-166.4627750289503,65.17678088429884],[-166.4735429109291,65.22402916728166],[-166.3479176211762,65.27643180840808],[-166.4843107929079,65.33055256891568],[-166.55250737877378,65.33828410613106],[-166.65659690456903,65.3245391510815],[-166.7965793702937,65.33742504644046],[-167.02629418584183,65.38209615035149],[-167.3995807611076,65.40013640385403],[-167.57545616676165,65.44480750776506],[-167.71184933849338,65.49892826827268],[-167.90926050810506,65.55047184970849],[-168.0743680317803,65.5762436404264],[-168.1282074416744,65.65613619165191]]],[[[-169.0542452918529,52.86301927928278],[-168.95733435404352,52.8862138909289],[-168.96092364803647,52.936898412674125],[-168.89631635616354,52.936898412674125],[-168.86042341623414,52.96782456153561],[-168.86042341623414,53.01679096389962],[-168.7850482423824,53.04513993368933],[-168.7671017724177,53.09410633605336],[-168.8029947123471,53.107851291102904],[-168.76351247842476,53.18258948418483],[-168.59840495474953,53.27364981138811],[-168.54097625086249,53.25131425943259],[-168.44406531305313,53.265059214482136],[-168.3435650812508,53.26248203541034],[-168.37586872718725,53.31832091529914],[-168.41894025510254,53.32261621375213],[-168.3866366091661,53.38876380992809],[-168.4081723731237,53.411099361883615],[-168.3435650812508,53.47638789836897],[-168.1999933215332,53.533944897638975],[-168.00617144591445,53.565730106191054],[-167.9020819201192,53.520199942589414],[-167.79081380633806,53.52105900228001],[-167.78363521835217,53.50130062939628],[-167.8590103922039,53.43773021229211],[-167.84106392223921,53.3861866308563],[-168.0384750918509,53.30457596024959],[-168.271779201392,53.242723662526615],[-168.33997578725786,53.18602572294722],[-168.3435650812508,53.15509957408574],[-168.44406531305313,53.08551573914738],[-168.49790472294723,53.03569027709277],[-168.58763707277072,53.027099680186794],[-168.68813730457305,52.96610644215441],[-168.74197671446714,52.95150242741427],[-168.7563338904389,52.907690383193824],[-168.810173300333,52.92573063669636],[-168.90708423814237,52.88363671185711],[-169.1009061137611,52.82436159320592],[-169.0542452918529,52.86301927928278]]],[[[-169.2696029314293,52.77281801177011],[-169.16551340563404,52.81491193660936],[-169.169102699627,52.7762542505325],[-169.26242434344343,52.75477775826758],[-169.2696029314293,52.77281801177011]]],[[[-169.76133620846207,52.978133277822764],[-169.74697903249032,53.02108626235261],[-169.67878244662444,53.03483121740217],[-169.66442527065269,52.997032591015895],[-169.69672891658917,52.958374904939035],[-169.73980044450443,52.95150242741427],[-169.76133620846207,52.978133277822764]]],[[[-169.7900505604056,56.617969186881865],[-169.6105858607586,56.6068014109041],[-169.50649633496334,56.611096709357085],[-169.47060339503395,56.599069873688734],[-169.5675143328433,56.540653814728145],[-169.65006809468093,56.54409005349052],[-169.68237174061738,56.58360679925798],[-169.75415762047618,56.592197396163954],[-169.7900505604056,56.617969186881865]]],[[[-169.77569338443382,53.0795023213132],[-169.74697903249032,53.045998993379925],[-169.8008184423844,53.05716676935768],[-169.77569338443382,53.0795023213132]]],[[[-170.00540819998199,52.84669714516144],[-169.944390202102,52.861301159901586],[-169.8618364402644,52.858723980829794],[-169.86901502825026,52.87504611495115],[-169.7721040904409,52.894804487834875],[-169.70390750457503,52.8862138909289],[-169.66801456464563,52.864737398663976],[-169.72903256252562,52.77453613115131],[-169.8367113823138,52.817489115681155],[-169.9264437321373,52.79257638465384],[-169.99464031800318,52.80460322032219],[-170.00540819998199,52.84669714516144]]],[[[-170.11308701977018,52.90167696535964],[-170.08437266782667,52.92401251731516],[-170.00181890598904,52.91026756226562],[-169.9982296119961,52.88363671185711],[-170.04847972789727,52.85700586144861],[-170.09514054980548,52.87075081649816],[-170.11308701977018,52.90167696535964]]],[[[-170.18487289962897,52.722992549715485],[-170.17051572365722,52.784844847438464],[-170.05206902189022,52.76938177300772],[-170.07719407984078,52.72041537064369],[-170.18487289962897,52.722992549715485]]],[[[-170.42176630316303,57.169485508245074],[-170.38946265722655,57.20642507494074],[-170.3104981893819,57.21931097029969],[-170.2674266614666,57.21072037339373],[-170.16333713567136,57.22961968658686],[-170.17051572365722,57.181512343913425],[-170.2853731314313,57.12825064309642],[-170.303319601396,57.15488149350493],[-170.42176630316303,57.169485508245074]]],[[[-170.83453511235112,52.600147013960125],[-170.81658864238642,52.63622752096521],[-170.6730168826688,52.69807981868817],[-170.56174876888767,52.67488520704207],[-170.55815947489472,52.65169059539595],[-170.60482029680296,52.60186513334132],[-170.6730168826688,52.603583252722515],[-170.7340348805488,52.581247700766994],[-170.7878742904429,52.54001283561834],[-170.84171370033698,52.55805308912089],[-170.83453511235112,52.600147013960125]]],[[[-171.15039298372983,52.584683939529384],[-171.11808933779338,52.55719402943029],[-171.1755180416804,52.55891214881147],[-171.15039298372983,52.584683939529384]]],[[[-171.31191121341212,52.49362361232612],[-171.25089321553213,52.529704119331186],[-171.1934645116451,52.497918910779106],[-171.23653603956038,52.45067062779627],[-171.30473262542625,52.44981156810567],[-171.31191121341212,52.49362361232612]]],[[[-171.8395374303743,63.548003710927105],[-171.8323588423884,63.579788919479185],[-171.7426264925649,63.65452711256111],[-171.75339437454375,63.718956589355884],[-171.7246800226002,63.734419663786625],[-171.7426264925649,63.783386066150655],[-171.66725131871317,63.78596324522245],[-171.63853696676966,63.749882738217366],[-171.65289414274142,63.70864787306873],[-171.60982261482613,63.679439843588426],[-171.380107799278,63.630473441224396],[-171.1037321618216,63.58923857607576],[-170.9063209922099,63.57205738226381],[-170.6981419406194,63.64679557534575],[-170.48996288902887,63.69662103740036],[-170.28178383743835,63.68459420173201],[-170.1776943116431,63.625319083080825],[-170.09514054980548,63.61243318772186],[-170.04130113991138,63.52309097989979],[-170.04847972789727,63.4904467116571],[-169.85824714627145,63.44233936898368],[-169.65724668266682,63.430312533315316],[-169.57828221482214,63.402822623216224],[-169.5459785688857,63.372755534045325],[-169.41676398513982,63.35557434023339],[-169.1009061137611,63.33839314642145],[-169.05065599785996,63.34354750456504],[-168.6845480105801,63.2962992215822],[-168.78145894838946,63.18376240211401],[-168.86042341623414,63.14682283541835],[-169.04347740987407,63.17688992458923],[-169.1978170515705,63.176030864898635],[-169.3772817512175,63.151118133871336],[-169.53521068690685,63.0746618214082],[-169.57110362683625,63.02225918028179],[-169.5675143328433,62.97672901668015],[-169.63930021270212,62.937212270912696],[-169.74697903249032,62.95611158410583],[-169.73621115051148,62.97672901668015],[-169.82953279432792,63.07895711986119],[-169.944390202102,63.13221882067819],[-170.123854901749,63.18376240211401],[-170.26383736747366,63.179467103661025],[-170.303319601396,63.23874222231221],[-170.36433759927598,63.28599050529505],[-170.55815947489472,63.35471528054279],[-170.86683875828757,63.41399039919398],[-171.10014286782865,63.42344005579055],[-171.26883968549683,63.38564142940429],[-171.33344697736976,63.33581596734966],[-171.4626615611156,63.30660793786937],[-171.56316179291792,63.33495690765906],[-171.73903719857196,63.36588305652056],[-171.82518025440254,63.437185010840096],[-171.8503053123531,63.48529235351353],[-171.8395374303743,63.548003710927105]]],[[[-172.6220035208352,52.29861706256062],[-172.5681641109411,52.349301584305834],[-172.44971740917407,52.391395509145084],[-172.4066458812588,52.38967738976389],[-172.30973494344943,52.356174061830615],[-172.31332423744237,52.32095261451613],[-172.41382446924467,52.2771405702957],[-172.52868187701876,52.25394595864958],[-172.60764634486344,52.25308689895898],[-172.6220035208352,52.29861706256062]]],[[[-173.0634866819668,60.502637107761075],[-173.04195091800918,60.56191222641226],[-172.95221856818566,60.60658333032329],[-172.91273633426334,60.6040061512515],[-172.9270935102351,60.55418068919688],[-172.8840219823198,60.507791465904646],[-172.76557528055278,60.44765728756286],[-172.5932891688917,60.39353652705526],[-172.514324701047,60.38150969138691],[-172.4245923512235,60.39267746736466],[-172.22000259362594,60.31192585644855],[-172.29537776747767,60.295603722327215],[-172.32768141341413,60.327388930879295],[-172.51073540705406,60.334261408404075],[-172.6040570508705,60.31965739366393],[-172.72250375263752,60.35917413943139],[-172.93068280422804,60.476006257352566],[-173.0634866819668,60.502637107761075]]],[[[-173.09220103391033,60.699361776907764],[-173.0634866819668,60.69506647845478],[-173.0455402120021,60.62290546444463],[-173.11732609186092,60.65898597144971],[-173.09220103391033,60.699361776907764]]],[[[-174.04695323603235,52.132818542275416],[-173.92132794627946,52.132818542275416],[-173.80288124451243,52.10618769186691],[-173.77057759857598,52.13195948258482],[-173.7203274826748,52.13024136320362],[-173.6018807809078,52.15343597484974],[-173.51214843108428,52.152576915159145],[-173.53368419504193,52.12852324382243],[-173.49779125511253,52.103610512795115],[-173.46907690316903,52.11649640815408],[-173.3578087893879,52.09587897557975],[-173.27525502755026,52.1096239306293],[-173.23936208762086,52.10017427403274],[-173.12450467984678,52.1096239306293],[-173.10655820988208,52.09931521434214],[-172.95939715617155,52.09330179650796],[-173.04912950599504,52.07354342362423],[-173.10655820988208,52.078697781767815],[-173.15680832578323,52.059798468574684],[-173.3147372614726,52.058939408884086],[-173.39370172931729,52.02887231971319],[-173.4224160812608,52.04261727476273],[-173.47984478514783,52.026295140641395],[-173.5480413710137,52.029731379403785],[-173.6126486628866,52.05120787166871],[-173.7992919505195,52.0537850507405],[-173.83159559645594,52.04089915538155],[-173.93568512225121,52.05722128950289],[-173.9715780621806,52.09931521434214],[-174.01106029610295,52.098456154651544],[-174.04695323603235,52.132818542275416]]],[[[-175.3283311915119,52.02715420033199],[-175.1309200219002,52.058939408884086],[-175.09143778797787,52.03488573754737],[-175.00170543815437,52.07783872207722],[-174.99093755617554,52.058939408884086],[-174.9227409703097,52.09158367712676],[-174.904794500345,52.11649640815408],[-174.84018720847206,52.09158367712676],[-174.7432762706627,52.098456154651544],[-174.71456191871917,52.12766418413183],[-174.69302615476153,52.107046751557505],[-174.56740086500864,52.1388319601096],[-174.5638115710157,52.174912467114666],[-174.40588263532635,52.18350306402063],[-174.45254345723455,52.21872451133511],[-174.29820381553813,52.21442921288212],[-174.25154299362993,52.24363724236241],[-174.25513228762287,52.27456339122391],[-174.36998969539695,52.280576809058076],[-174.45254345723455,52.30548954008539],[-174.43459698726986,52.32782509204091],[-174.35922181341812,52.314080136991365],[-174.31615028550283,52.34500628585285],[-174.32332887348872,52.378509613786136],[-174.186935701757,52.41802635955359],[-174.06848899999,52.39053644945449],[-173.9895245321453,52.32524791296912],[-173.98593523815236,52.29861706256062],[-174.0613104120041,52.22559698885988],[-174.18334640776408,52.23246946638466],[-174.19770358373583,52.19552989968899],[-174.0792568819688,52.12766418413183],[-174.09002476394764,52.107046751557505],[-174.14386417384173,52.12508700506004],[-174.2048821717217,52.11649640815408],[-174.21923934769347,52.09330179650796],[-174.27666805158051,52.08986555774557],[-174.3484539314393,52.1096239306293],[-174.41665051730516,52.02801326002259],[-174.50638286712865,52.0546441104311],[-174.7360976826768,52.00739582744826],[-174.78275850458502,52.03230855847558],[-174.8868480303803,52.04261727476273],[-174.96940179221792,52.03746291661916],[-175.01606261412613,52.00739582744826],[-175.0950270819708,52.0005233499235],[-175.2134737837378,52.00567770806707],[-175.3283311915119,52.02715420033199]]],[[[-175.51138518515182,51.98248309642095],[-175.45036718727187,51.99708711116111],[-175.42524212932128,51.972174380133794],[-175.50420659716596,51.968738141371404],[-175.51138518515182,51.98248309642095]]],[[[-175.54009953709536,52.18350306402063],[-175.48267083320832,52.16718092989929],[-175.52215306713066,52.15687221361213],[-175.54009953709536,52.18350306402063]]],[[[-175.7411000007,51.96702002199021],[-175.7231535307353,51.974751559205586],[-175.5795817710177,51.972174380133794],[-175.57599247702476,51.94983882817827],[-175.6441890628906,51.952416007250065],[-175.7231535307353,51.93179857467574],[-175.7411000007,51.96702002199021]]],[[[-175.95286834628345,51.98334215611155],[-175.9133861123611,51.99536899177991],[-175.81288588055878,51.994509932089315],[-175.75904647066469,51.917194559935595],[-175.81647517455173,51.92148985838857],[-175.8774931724317,51.96358378322782],[-175.95286834628345,51.98334215611155]]],[[[-176.20052963179631,52.078697781767815],[-176.15027951589514,52.117355467844675],[-176.0569578720787,52.1096239306293],[-175.9744041102411,52.04089915538155],[-176.0461899900999,52.00825488713886],[-175.9923505802058,51.96014754446544],[-176.039011402114,51.93093951498514],[-176.10361869398693,51.929221395603946],[-176.16822598585983,51.94812070879708],[-176.15745810388103,51.99708711116111],[-176.18258316183162,51.9988052305423],[-176.21129751377512,52.064952826718255],[-176.20052963179631,52.078697781767815]]],[[[-176.2364225717257,51.826134232732315],[-176.218476101761,51.87424157540575],[-176.17540457384573,51.88283217231171],[-176.13951163391633,51.859637560665604],[-176.07131504805048,51.868228157571565],[-176.11438657596574,51.887127470764696],[-175.9923505802058,51.91289926148261],[-175.9564576402764,51.89314088859888],[-175.96363622826226,51.845892605616044],[-176.0461899900999,51.845892605616044],[-175.99952916819166,51.801221501705015],[-176.10361869398693,51.826134232732315],[-176.09644010600104,51.79177184510844],[-176.13951163391633,51.8020805613956],[-176.15745810388103,51.768577233462324],[-176.18258316183162,51.807234919539184],[-176.2364225717257,51.826134232732315]]],[[[-176.99017431024308,51.629409563585625],[-176.95069207632076,51.686966562855616],[-176.89685266642664,51.70071151790518],[-176.87172760847608,51.73163766676666],[-176.91838843038428,51.78833560634605],[-176.90403125441253,51.81153021799217],[-176.78917384663845,51.817543635826354],[-176.76404878868786,51.868228157571565],[-176.8107096105961,51.92750327622275],[-176.7748166706667,51.96616096229961],[-176.7209772607726,51.969597201062],[-176.65636996889967,51.952416007250065],[-176.58817338303382,52.003100528995276],[-176.55586973709737,51.991073693326925],[-176.54510185511853,51.92750327622275],[-176.61688773497733,51.90259054519544],[-176.62406632296322,51.859637560665604],[-176.57740550105498,51.84245636685365],[-176.50920891518913,51.845892605616044],[-176.397940801408,51.868228157571565],[-176.2902619816198,51.87252345602455],[-176.26513692366922,51.817543635826354],[-176.2902619816198,51.74194638305383],[-176.3441013915139,51.73163766676666],[-176.47331597525974,51.7471007411974],[-176.51997679716797,51.70242963728637],[-176.58458408904087,51.6921209209992],[-176.6312449109491,51.65689947368473],[-176.7137986727867,51.683530324093226],[-176.73533443674435,51.66205383182832],[-176.7137986727867,51.620818966679664],[-176.75328090670905,51.63542298141981],[-176.79994172861728,51.61308742946429],[-176.81429890458904,51.66033571244712],[-176.8645490204902,51.68524844347442],[-176.93274560635604,51.59246999688996],[-176.98299572225721,51.60191965348653],[-176.99017431024308,51.629409563585625]]],[[[-177.46396111731116,51.913758321173205],[-177.41730029540295,51.92148985838857],[-177.41012170741706,51.89915430643306],[-177.4603718233182,51.884550291692904],[-177.46396111731116,51.913758321173205]]],[[[-177.70444381483813,51.70758399542994],[-177.63983652296523,51.73593296521965],[-177.55369346713465,51.7213289504795],[-177.4603718233182,51.75053697995979],[-177.28090712367123,51.784040307893065],[-177.2055319498195,51.820979874588744],[-177.1983533618336,51.93093951498514],[-177.15528183391834,51.94468447003469],[-177.0978531300313,51.936093873128726],[-177.0440137201372,51.898295246742464],[-177.13733536395364,51.814107397063964],[-177.1193888939889,51.740228263672634],[-177.1445139519395,51.70758399542994],[-177.26296065370653,51.68095314502145],[-177.39217523745236,51.733355786147854],[-177.48908617526175,51.70500681635815],[-177.63265793497933,51.69641621945219],[-177.63624722897228,51.659476652756524],[-177.67214016890168,51.6637719512095],[-177.70444381483813,51.70758399542994]]],[[[-178.2248914438144,51.88025499323993],[-178.1961770918709,51.90516772426723],[-178.09208756607563,51.91977173900739],[-177.952105100351,51.9154764405544],[-177.91262286642865,51.87939593354933],[-177.91980145441454,51.85362414283142],[-177.85160486854866,51.826134232732315],[-177.79776545865457,51.84073824747247],[-177.73315816678166,51.826134232732315],[-177.61471146501464,51.855342262212616],[-177.65060440494403,51.820979874588744],[-177.79776545865457,51.79348996448964],[-177.84083698656985,51.732496726457256],[-177.8264798105981,51.70586587604875],[-177.86955133851336,51.67923502564025],[-177.8982656904569,51.6929799806898],[-177.93056933639335,51.65518135430354],[-177.90185498444984,51.606214951939506],[-177.93056933639335,51.60191965348653],[-177.9628729823298,51.65002699615995],[-178.01312309823098,51.629409563585625],[-178.07055180211802,51.67064442873428],[-178.11721262402622,51.67751690625906],[-178.10285544805447,51.701570577595774],[-177.95569439434394,51.723047069860684],[-177.96646227632274,51.7780268900589],[-178.03824815618154,51.778885949749494],[-178.08490897808977,51.80809397922978],[-178.2248914438144,51.864791918809175],[-178.2248914438144,51.88025499323993]]],[[[-178.6807317809178,51.6087921310113],[-178.5658743731437,51.59848341472414],[-178.57664225512255,51.58302034029339],[-178.6735531929319,51.58903375812757],[-178.6807317809178,51.6087921310113]]],[[[-178.85660718657186,51.57700692245922],[-178.75969624876248,51.562402907719076],[-178.7345711908119,51.54264453483535],[-178.82430354063538,51.54693983328832],[-178.85660718657186,51.57700692245922]]],[[[-178.87096436254362,51.79520808387083],[-178.82071424664244,51.839879187781875],[-178.74892836678364,51.809812098610976],[-178.74892836678364,51.75740945748457],[-178.81712495264952,51.748818860578595],[-178.87096436254362,51.79520808387083]]],[[[-178.99300035830356,51.38114131300313],[-178.96428600636006,51.40261780526805],[-178.92839306643066,51.38371849207492],[-178.91044659646596,51.34076550754507],[-178.95351812438122,51.33904738816388],[-178.98941106431062,51.31155747806477],[-178.99300035830356,51.38114131300313]]],[[[-179.13657211802118,51.28578568734686],[-179.0935005901059,51.301248761777615],[-179.07196482614825,51.25056424003239],[-179.13657211802118,51.229087747767466],[-179.13657211802118,51.28578568734686]]],[[[179.4841478925789,51.98248309642095],[179.5272194204942,51.98076497703977],[179.57029094840948,52.010832066210654],[179.6636125922259,52.022858901879005],[179.77488070600702,51.9704562607526],[179.74257706007057,51.91204020179201],[179.65643400424,51.87595969478694],[179.6133624763247,51.871664396333955],[179.52363012650125,51.89657712736127],[179.4841478925789,51.92148985838857],[179.4841478925789,51.98248309642095]]],[[[178.62630662826626,51.637141100801],[178.64425309823093,51.65775853337533],[178.7375747420474,51.632845802348015],[178.80577132791325,51.63542298141981],[178.9026822657226,51.61480554884548],[178.91703944169439,51.58817469843697],[179.00318249752496,51.552094191431905],[179.10009343533432,51.48508753556534],[179.18982578515784,51.462751983609834],[179.22930801908018,51.413785581245804],[179.3872369547695,51.40433592464923],[179.46261212862123,51.37598695485954],[179.39800483674833,51.3596648207382],[179.36570119081188,51.371691656406554],[179.26161166501663,51.35794670135701],[179.2077722551225,51.39316814867148],[179.06061120141197,51.45502044639446],[178.95293238162378,51.54178547514475],[178.8452535618356,51.578725041840414],[178.78423556395563,51.571852564315634],[178.70527109611095,51.59332905658056],[178.62630662826626,51.637141100801]]],[[[178.44684192861928,51.978187797967976],[178.47914557455573,51.987637454564535],[178.55093145441452,51.97389249951499],[178.59041368833687,51.945543529725285],[178.5401635724357,51.903449604886035],[178.5042706325063,51.90001336612366],[178.44684192861928,51.978187797967976]]],[[[178.23866287702873,51.82785235211351],[178.30685946289458,51.82183893427934],[178.38223463674632,51.764281935009336],[178.30327016890163,51.7771678303683],[178.23866287702873,51.82785235211351]]],[[[178.09509111731114,52.033167618166175],[178.1202161752617,52.052066931359306],[178.18123417314172,52.033167618166175],[178.1920020551205,52.00395958868587],[178.13098405724054,51.98677839487394],[178.09509111731114,52.033167618166175]]],[[[177.20494620706205,51.89657712736127],[177.29108926289263,51.91977173900739],[177.3449286727867,51.96272472353722],[177.48491113851134,51.98506027549274],[177.506446902469,52.03918103600036],[177.56387560635602,52.12165076629765],[177.60335784027836,52.137113840728404],[177.67514372013716,52.09244273681736],[177.63207219222187,52.064952826718255],[177.60335784027836,52.01598642435424],[177.53157196041957,51.9704562607526],[177.6069471342713,51.95499318632186],[177.6069471342713,51.92492609715096],[177.56028631236308,51.916335500245],[177.4095359646596,51.93093951498514],[177.34851796677964,51.90430866457663],[177.33416079080786,51.84417448623485],[177.29467855688551,51.845892605616044],[177.20494620706205,51.88025499323993],[177.20494620706205,51.89657712736127]]],[[[175.8733181356813,52.37077807657076],[175.96663977949777,52.35961030059299],[175.90203248762487,52.336415688946886],[175.8733181356813,52.37077807657076]]],[[[174.06790325723256,52.73501938538385],[174.14686772507724,52.72814690785907],[174.15763560705602,52.70581135590355],[174.0714925512255,52.7186972512625],[174.06790325723256,52.73501938538385]]],[[[173.95304584945848,52.75134151950519],[174.0032959653596,52.74446904198041],[174.0032959653596,52.719556310953095],[173.95304584945848,52.75134151950519]]],[[[173.8669027936279,52.775395190841905],[173.9386886734867,52.75220057919579],[173.8956171455714,52.75048245981459],[173.8669027936279,52.775395190841905]]],[[[173.35722304663045,52.40514046419463],[173.37875881058807,52.43177131460314],[173.44695539645392,52.45496592624926],[173.52950915829155,52.44981156810567],[173.622830802108,52.507368567375664],[173.76999185581855,52.51166386582865],[173.70897385793853,52.47730147820478],[173.69102738797386,52.445516269652686],[173.72692032790326,52.356174061830615],[173.65154515405152,52.356174061830615],[173.59052715617156,52.40084516574164],[173.46490186641864,52.384523031620304],[173.35722304663045,52.40514046419463]]],[[[172.45989954839547,52.92744875607755],[172.62859636606362,53.00132788946888],[172.74704306783065,53.010777546065455],[173.10597246712462,52.99359635225352],[173.21006199291992,52.939475591745904],[173.29620504875044,52.926589696386955],[173.42183033850336,52.845838085470845],[173.42900892648925,52.830375011040104],[173.30338363673633,52.823502533515324],[173.2280084628846,52.856146801758015],[173.16699046500463,52.795153563725634],[173.13468681906818,52.783985787747866],[172.99829364733642,52.79687168310683],[172.90497200352002,52.761650235792345],[172.8080610657106,52.78914014589145],[172.76498953779537,52.823502533515324],[172.75422165581654,52.877623294022925],[172.63936424804245,52.92573063669636],[172.51373895828954,52.90511320412203],[172.45989954839547,52.92744875607755]]],[[[-131.24103307623076,55.09227917638175],[-131.20872943029428,55.11203754926548],[-131.1728364903649,55.087983877928764],[-131.19078296032959,55.043312774017735],[-131.24821166421663,55.07252080349802],[-131.24103307623076,55.09227917638175]]],[[[-131.48510506775068,54.95053432743326],[-131.26615813418132,54.99864167010669],[-131.24103307623076,54.929916894858934],[-131.19437225432253,54.91789005919058],[-131.26615813418132,54.859474000229994],[-131.3523011900119,54.8586149405394],[-131.4707478917789,54.912735701047],[-131.48510506775068,54.95053432743326]]],[[[-131.62149823948238,54.94623902898029],[-131.52817659566594,55.00207790886908],[-131.49946224372243,54.98060141660416],[-131.59278388753887,54.93077595454953],[-131.62149823948238,54.94623902898029]]],[[[-131.64662329743297,55.03558123680236],[-131.58919459354593,55.08884293761936],[-131.59637318153182,55.12578250431504],[-131.54971235962358,55.14296369812698],[-131.59996247552476,55.17990326482264],[-131.60714106351062,55.240037443164425],[-131.58919459354593,55.2735407710977],[-131.54971235962358,55.28127230831308],[-131.48151577375774,55.25378239821397],[-131.46356930379304,55.22371530904309],[-131.4169084818848,55.217701891208904],[-131.35589048400482,55.18333950358503],[-131.35589048400482,55.04159465463654],[-131.3881941299413,55.01238662515624],[-131.48510506775068,55.010668505775044],[-131.53176588965889,55.03815841587415],[-131.61431965149652,55.00723226701267],[-131.64662329743297,55.03558123680236]]],[[[-131.86915952499524,55.36460109830098],[-131.8548023490235,55.421299037880374],[-131.83326658506584,55.42215809757097],[-131.64662329743297,55.30618503934039],[-131.68969482534825,55.282131368003675],[-131.69328411934117,55.22371530904309],[-131.7471235292353,55.12835968338682],[-131.8296772910729,55.19193010049099],[-131.86198093700938,55.28900384552844],[-131.86915952499524,55.36460109830098]]],[[[-132.49010738577385,56.503714248032466],[-132.47575020980207,56.54494911318112],[-132.44344656386562,56.51917732246322],[-132.49010738577385,56.503714248032466]]],[[[-132.56189326563265,56.379150592895925],[-132.55471467764676,56.404063323923225],[-132.47933950379502,56.43842571154711],[-132.40396432994328,56.40578144330442],[-132.40755362393622,56.38688213011129],[-132.4936966797668,56.35509692155921],[-132.56189326563265,56.379150592895925]]],[[[-132.65162561545614,56.48309681545814],[-132.57983973559735,56.511445785247844],[-132.51882173771736,56.556116889158886],[-132.53676820768206,56.51316390462904],[-132.601375499555,56.44873442783427],[-132.65162561545614,56.48309681545814]]],[[[-132.88851901899017,54.97458799876998],[-132.82391172711726,54.97974235691356],[-132.83826890308902,54.93421219331192],[-132.88851901899017,54.97458799876998]]],[[[-133.0249121907219,56.22967420673206],[-132.9997871327713,56.2752043703337],[-132.9638941928419,56.25458693775937],[-132.88492972499725,56.17125814777147],[-132.84903678506785,56.11284208881088],[-132.89569760697606,56.09995619345193],[-132.9710727808278,56.15235883457834],[-133.00337642676425,56.15579507334073],[-133.0249121907219,56.22967420673206]]],[[[-133.06798371863718,56.356815040940404],[-133.00337642676425,56.430694174331734],[-132.9280012529125,56.456465965049645],[-132.82032243312432,56.43928477123771],[-132.73417937729377,56.45818408443084],[-132.63367914549144,56.42210357742576],[-132.6193219695197,56.391177428564276],[-132.68392926139262,56.345647264962636],[-132.66239349743495,56.2752043703337],[-132.71982220132202,56.25888223621236],[-132.87775113701136,56.23998292301923],[-132.960304898849,56.29582180290802],[-133.04644795467954,56.32073453393534],[-133.06798371863718,56.356815040940404]]],[[[-133.319234298143,55.426453396023945],[-133.24385912429125,55.44964800767006],[-133.2510377122771,55.410131261902606],[-133.30846641616415,55.40068160530605],[-133.319234298143,55.426453396023945]]],[[[-133.56330628966288,54.86892365682655],[-133.53100264372642,54.86892365682655],[-133.49510970379703,54.758964016430156],[-133.54894911369112,54.78387674745747],[-133.56330628966288,54.86892365682655]]],[[[-133.65662793347934,55.62575524424243],[-133.62432428754286,55.645513617126156],[-133.62073499354992,55.697916258252576],[-133.54894911369112,55.672144467534665],[-133.5453598196982,55.64465455743557],[-133.62432428754286,55.582802259712594],[-133.65662793347934,55.62575524424243]]],[[[-133.7104673433734,55.67472164660646],[-133.66739581545815,55.682453183821835],[-133.6709851094511,55.65152703496034],[-133.7104673433734,55.67472164660646]]],[[[-133.7894318112181,55.45823860457604],[-133.7607174592746,55.537272096110954],[-133.73200310733108,55.55874858837588],[-133.617145699557,55.5510170511605],[-133.5812527596276,55.537272096110954],[-133.58843134761347,55.507205006940055],[-133.6458600515005,55.47112449993499],[-133.617145699557,55.45737954488544],[-133.5453598196982,55.49174193250931],[-133.52741334973348,55.52868149920498],[-133.48075252782527,55.51235936508364],[-133.4125559419594,55.57077542404423],[-133.34435935609355,55.56905730466303],[-133.2869306522065,55.53555397672976],[-133.3048771221712,55.48401039529395],[-133.3587165320653,55.45394330612305],[-133.42691311793118,55.466829201482],[-133.47357393983938,55.436762112311115],[-133.4125559419594,55.417862799117984],[-133.4197345299453,55.38607759056589],[-133.49869899778997,55.368037337063356],[-133.57766346563466,55.32508435253352],[-133.6099671115711,55.24175556254562],[-133.69252087340874,55.30876221841217],[-133.63150287552875,55.36116485953859],[-133.63509216952167,55.42817151540514],[-133.73918169531694,55.471983559625585],[-133.7894318112181,55.45823860457604]]],[[[-133.81814616316163,55.96422476233761],[-133.7786639292393,55.98312407553075],[-133.69252087340874,56.07074816397163],[-133.5920206416064,56.079338760877604],[-133.55253840768407,56.09651995468954],[-133.63150287552875,56.107687730667294],[-133.63509216952167,56.14806353612535],[-133.5812527596276,56.12916422293222],[-133.54894911369112,56.15837225241252],[-133.67816369743696,56.21163395322952],[-133.6279135815358,56.23654668425684],[-133.6638065214652,56.31042581764817],[-133.5812527596276,56.35251974248742],[-133.4197345299453,56.33190230991309],[-133.16489465644656,56.31729829517295],[-133.078751600616,56.24685540054399],[-133.03926936669365,56.184144043130416],[-133.05721583665837,56.12486892447923],[-133.0069657207572,56.11971456633566],[-132.960304898849,56.06129850737507],[-132.899286900969,56.02006364222642],[-132.83826890308902,56.02435894067939],[-132.63367914549144,55.92213083749837],[-132.59060761757615,55.87745973358733],[-132.47216091580916,55.782104107931076],[-132.46139303383032,55.67386258691586],[-132.35730350803507,55.648949855888546],[-132.32858915609154,55.578506961259606],[-132.29987480414803,55.5510170511605],[-132.1886066903669,55.50806406663065],[-132.14194586845866,55.45823860457604],[-132.17783880838806,55.453084246432454],[-132.24603539425394,55.49260099219991],[-132.51523244372441,55.57678884187841],[-132.52600032570325,55.5501579914699],[-132.60855408754088,55.48658757436573],[-132.56907185361854,55.47971509684096],[-132.51882173771736,55.52009090229902],[-132.49010738577385,55.50376876817768],[-132.40755362393622,55.51235936508364],[-132.38960715397153,55.48057415653156],[-132.31782127411273,55.46940638055379],[-132.28192833418333,55.44449364952649],[-132.41832150591506,55.43246681385813],[-132.38960715397153,55.401540664996645],[-132.27474974619744,55.41958091849918],[-132.2244996302963,55.374909814588136],[-132.16707092640925,55.362882978919785],[-132.1275886924869,55.288144785837844],[-132.0988743405434,55.28041324862248],[-132.14194586845866,55.23831932378323],[-132.21373174831746,55.24605086099861],[-132.2065531603316,55.2185609508995],[-132.1275886924869,55.19966163770637],[-132.08810645856457,55.20653411523115],[-132.07733857658576,55.24605086099861],[-132.02708846068458,55.27697700986009],[-131.99478481474813,55.258936756357556],[-131.97683834478343,55.18076232451324],[-132.03067775467753,55.15155429503294],[-132.01632057870577,55.120628146171455],[-132.09528504655046,55.039876535255345],[-132.19937457234573,55.00551414763147],[-132.1347672804728,54.985755774747744],[-132.03785634266342,55.036440296492955],[-131.98401693276932,55.02784969958698],[-131.98401693276932,54.85346058239581],[-131.95889187481873,54.79160828467283],[-132.03067775467753,54.701407017160165],[-132.1634816324163,54.69367547994479],[-132.25680327623274,54.73491034509344],[-132.30705339213392,54.7185882109721],[-132.36807139001388,54.75123247921478],[-132.37166068400683,54.78301768776687],[-132.50805385573855,54.78129956838568],[-132.44703585785857,54.82682973198732],[-132.35012492004918,54.81823913508134],[-132.34653562605627,54.85174246301462],[-132.41473221192211,54.8878229700197],[-132.48292879778796,54.89899074599745],[-132.60855408754088,54.965997401864016],[-132.5762504416044,54.99864167010669],[-132.540357501675,55.09743353452534],[-132.5941969115691,55.105165071740714],[-132.63367914549144,55.05533960968609],[-132.60855408754088,55.14210463843638],[-132.57983973559735,55.166158309773095],[-132.6193219695197,55.19966163770637],[-132.6372684394844,55.152413354723535],[-132.73417937729377,55.134373101221],[-132.68392926139262,55.04588995308953],[-132.74853655326552,54.9960644910349],[-132.9172333709337,55.04417183370833],[-132.93159054690545,55.07423892287922],[-132.8705725490255,55.124064384933845],[-132.9351798408984,55.209970353993526],[-133.0069657207572,55.20567505554055],[-133.0428586606866,55.248628040070386],[-133.11823383453833,55.25120521914218],[-133.07516230662304,55.18419856327563],[-133.01055501475014,55.12835968338682],[-132.9890192507925,55.066507385663854],[-133.01414430874308,55.03558123680236],[-132.960304898849,55.020977222062214],[-132.88851901899017,54.89641356692566],[-132.80237596315962,54.87407801497014],[-132.81673313913137,54.923903477024766],[-132.73059008330083,54.93936655145551],[-132.6300898514985,54.88352767156671],[-132.61573267552674,54.77700426993269],[-132.6659827914279,54.76325931488314],[-132.73059008330083,54.82682973198732],[-132.75571514125141,54.820816314153134],[-132.67316137941378,54.674776166751656],[-132.77725090520903,54.674776166751656],[-132.8705725490255,54.70226607685076],[-132.87775113701136,54.75380965828657],[-132.94953701687015,54.78817204591046],[-133.12541242252422,54.940225611146104],[-133.16130536245362,54.959124924339235],[-133.1684839504395,55.03128593834937],[-133.21155547835477,55.039876535255345],[-133.2402698302983,55.09227917638175],[-133.13618030450303,55.09915165390653],[-133.2330912423124,55.12750062369622],[-133.2223233603336,55.229728726877255],[-133.3407700621006,55.20567505554055],[-133.37666300203,55.22801060749606],[-133.44127029390293,55.21168847337472],[-133.47357393983938,55.24776898037979],[-133.45203817588174,55.31992999438994],[-133.33359147411474,55.34570178510785],[-133.2941092401924,55.291581024600234],[-133.2330912423124,55.30876221841217],[-133.27975206422065,55.333674949439484],[-133.258216300263,55.36717827737276],[-133.20796618436185,55.38435947118471],[-133.15771606846067,55.372332635516344],[-133.078751600616,55.410131261902606],[-133.18284112641126,55.49260099219991],[-133.1325910105101,55.50290970848708],[-133.19001971439712,55.53039961858617],[-133.17566253842537,55.58709755816557],[-133.26180559425592,55.56905730466303],[-133.43768099991,55.643795497744975],[-133.45203817588174,55.66784916908168],[-133.39460947199473,55.66699010939108],[-133.42691311793118,55.70994309392093],[-133.41614523595234,55.740010183091826],[-133.51305617376173,55.75547325752257],[-133.49152040980408,55.70650685515854],[-133.52741334973348,55.69533907918078],[-133.64227075750756,55.72884240711406],[-133.6996994613946,55.778667869168686],[-133.65662793347934,55.82333897307973],[-133.556127701677,55.83536580874808],[-133.42332382393823,55.78897658545584],[-133.3228235921359,55.81904367462674],[-133.3838415900159,55.87660067389673],[-133.4484488818888,55.89034562894628],[-133.49152040980408,55.87316443513434],[-133.52382405574053,55.887768449874486],[-133.49510970379703,55.9135402405924],[-133.50228829178292,55.949620747597464],[-133.47716323383233,56.003741508105065],[-133.49510970379703,56.017486463154626],[-133.54177052570526,55.97711065769657],[-133.63868146351462,55.921271777807775],[-133.7176459313593,55.89292280801807],[-133.80019969319693,55.92556707626075],[-133.81814616316163,55.96422476233761]]],[[[-133.88275345503453,57.300921640906395],[-133.82891404514044,57.32239813317132],[-133.7786639292393,57.29404916338163],[-133.87557486704867,57.26741831297312],[-133.88275345503453,57.300921640906395]]],[[[-133.94377145291452,55.9126811809018],[-133.89352133701337,55.936734852238516],[-133.85403910309103,55.93158049409493],[-133.83968192711927,55.88690939018389],[-133.86839627906278,55.845674525035236],[-133.90428921899218,55.84825170410703],[-133.94377145291452,55.9126811809018]]],[[[-134.36730814408145,55.910963061520604],[-134.26680791227912,55.929862374713736],[-134.26321861828617,55.89292280801807],[-134.15195050450504,55.921271777807775],[-134.1232361525615,55.98570125460253],[-134.09811109461094,55.98398313522134],[-134.1304147405474,55.89721810647106],[-134.20937920839208,55.87660067389673],[-134.28116508825087,55.8284933312233],[-134.34577238012378,55.84309734596346],[-134.31705802818027,55.868869136681354],[-134.36730814408145,55.910963061520604]]],[[[-134.41396896598965,56.84819718396183],[-134.35295096810967,56.89286828787287],[-134.29552226422263,56.907472302613016],[-134.27039720627204,56.93582127240272],[-134.15195050450504,56.93496221271212],[-134.1483612105121,56.95729776466764],[-134.04786097870976,56.92293537704376],[-134.00837874478742,56.85163342272422],[-133.94377145291452,56.80524419943198],[-133.83250333913338,56.80352608005079],[-133.80019969319693,56.78548582654825],[-133.76430675326753,56.807821378503775],[-133.86839627906278,56.84562000489004],[-133.915057100971,56.914344780137796],[-133.92223568895687,56.96159306312062],[-134.04786097870976,57.02945877867778],[-134.00837874478742,57.07498894227942],[-133.88634274902748,57.09732449423494],[-133.70328875538755,57.065539285682846],[-133.61355640556405,57.05780774846748],[-133.44485958789588,57.020009122081206],[-133.33359147411474,57.00282792826927],[-133.30846641616415,57.014854763937635],[-133.10387665856658,57.00540510734106],[-132.9961978387784,56.94183469023689],[-132.94594772287724,56.87139179560795],[-132.9351798408984,56.823284452934516],[-132.90287619496195,56.80352608005079],[-132.82032243312432,56.79407642345423],[-132.76289372923728,56.752841558305576],[-132.74494725927258,56.71332481253812],[-132.62650055750555,56.668653708627076],[-132.5941969115691,56.61367388842888],[-132.540357501675,56.584465858948576],[-132.65162561545614,56.5518215907059],[-132.72341149531493,56.51574108370083],[-132.81673313913137,56.495123651126505],[-132.8741618430184,56.50886860617605],[-132.98542995679955,56.51230484493844],[-133.13976959849597,56.53292227751277],[-133.12182312853128,56.491687412364115],[-133.2043768903689,56.44787536814367],[-133.3479486500865,56.469351860408594],[-133.41614523595234,56.49426459143591],[-133.45921676386763,56.45388878597785],[-133.51305617376173,56.43670759216592],[-133.60278852358522,56.43498947278472],[-133.6638065214652,56.44787536814367],[-133.674574403444,56.5226135612256],[-133.71405663736635,56.550103471324704],[-133.82173545715455,56.495123651126505],[-133.77507463524634,56.47021092009919],[-133.78225322323223,56.39289554794547],[-133.86480698506983,56.39031836887368],[-133.87198557305572,56.36368751846517],[-133.83609263312633,56.31987547424474],[-133.87557486704867,56.276063430024294],[-133.88275345503453,56.222801729207276],[-133.94377145291452,56.17984874467744],[-133.92941427694277,56.146345416744154],[-133.96171792287922,56.091365596545955],[-133.9976108628086,56.0819159399494],[-134.0873432126321,56.094801835308346],[-134.13759332853328,56.00631868717686],[-134.19143273842738,56.02264082129821],[-134.23450426634264,56.06731192520924],[-134.25962932429323,56.121432685716854],[-134.26321861828617,56.21507019199191],[-134.29911155821557,56.28980838507384],[-134.2919329702297,56.35423786186861],[-134.24168285432853,56.395472727017264],[-134.25245073630737,56.44443912938128],[-134.19861132641324,56.53120415813157],[-134.24168285432853,56.55525782946829],[-134.32064732217322,56.55439876977769],[-134.30270085220852,56.62054636595366],[-134.3744867320673,56.668653708627076],[-134.40320108401085,56.73308318542185],[-134.39602249602495,56.77002275211751],[-134.41396896598965,56.84819718396183]]],[[[-134.95954165291653,58.40395428363283],[-134.8052020112201,58.32148455333552],[-134.7800769532695,58.28110874787747],[-134.72982683736836,58.27337721066209],[-134.70111248542486,58.1616994508845],[-134.63291589955898,58.162558510575096],[-134.55754072570724,58.19520277881777],[-134.5180584917849,58.175444405934044],[-134.4462726119261,58.17372628655285],[-134.37089743807437,58.14881355552555],[-134.17707556245563,58.1599813315033],[-134.18784344443444,58.08352501904018],[-134.09811109461094,58.01909554224541],[-134.09093250662505,57.97442443833438],[-134.0155573327733,57.92975333442334],[-133.96530721687216,57.85501514134141],[-133.90428921899218,57.807766858358576],[-133.89711063100629,57.685780382293814],[-133.82173545715455,57.634236800858005],[-133.8073782811828,57.578397920969195],[-133.83968192711927,57.576679801588],[-133.85762839708397,57.617055607046055],[-133.9940215688157,57.720142769917686],[-134.0299145087451,57.81893463433633],[-134.09811109461094,57.850719842888424],[-134.1304147405474,57.89625000649005],[-134.20578991439913,57.89625000649005],[-134.1124682705827,57.80948497773977],[-134.09811109461094,57.78027694825947],[-134.14477191651915,57.76051857537574],[-134.01914662676626,57.65657235281351],[-133.93659286492863,57.61447842797428],[-133.94377145291452,57.56121672715726],[-133.85762839708397,57.46414298211981],[-133.92582498294982,57.469297340263395],[-133.87198557305572,57.381673251822505],[-133.87198557305572,57.358478640176386],[-133.96171792287922,57.30521693935938],[-134.033503802738,57.327552491314904],[-134.094521800618,57.32669343162431],[-134.08016462464624,57.29748540214402],[-134.15553979849798,57.208143194321934],[-134.2919329702297,57.1368412400024],[-134.37807602606026,57.11536474773747],[-134.38525461404612,57.08701577794777],[-134.49652272782726,57.03117689805897],[-134.60061225362253,57.033754077130766],[-134.63291589955898,57.11021038959389],[-134.64727307553073,57.22618344782447],[-134.571897901679,57.29490822307223],[-134.5180584917849,57.314666595955956],[-134.57548719567194,57.34129744636445],[-134.57907648966489,57.400572565015636],[-134.52882637376374,57.40572692315922],[-134.48575484584845,57.37222359522595],[-134.4642190818908,57.391981968109675],[-134.6077908416084,57.51310938448384],[-134.61138013560134,57.562934846538454],[-134.67598742747427,57.61447842797428],[-134.69393389743897,57.684921322603216],[-134.7334161313613,57.72186088929888],[-134.70470177941777,57.8292433506235],[-134.74777330733306,57.89882718556184],[-134.75854118931187,57.98043785616855],[-134.7980234232342,58.05861228801287],[-134.78366624726246,58.09641091439913],[-134.85545212712125,58.17630346562464],[-134.91647012500124,58.2149611517015],[-134.9487737709377,58.28110874787747],[-134.97030953489534,58.36787377662776],[-134.95954165291653,58.40395428363283]]],[[[-135.02773823878238,58.51992734186341],[-134.9021129490295,58.48126965578655],[-134.8052020112201,58.37388719446193],[-134.8410949511495,58.369591896008956],[-134.92005941899419,58.4683837604276],[-135.00261318083182,58.48470589454894],[-135.02773823878238,58.51992734186341]]],[[[-135.35077469814698,59.01990008179081],[-135.29693528825288,58.95890684375843],[-135.29693528825288,58.91939009799097],[-135.33282822818228,58.944302829018284],[-135.35077469814698,59.01990008179081]]],[[[-135.6953469214692,57.362773938629374],[-135.63791821758218,57.37222359522595],[-135.63432892358924,57.39455914718147],[-135.5338286917869,57.450398027070264],[-135.54818586775866,57.50881408603085],[-135.41897128401283,57.56379390622905],[-135.3543639921399,57.553485189941895],[-135.26463164231643,57.48046511624115],[-135.2107922324223,57.489055713147124],[-135.1461849405494,57.439230251092496],[-135.06363117871177,57.41861281851817],[-134.92723800698008,57.42204905728056],[-134.8482735391354,57.41002222161221],[-134.8052020112201,57.34215650605505],[-134.812380599206,57.3000625812158],[-134.8841664790648,57.3301296703867],[-134.95236306493064,57.3284115510055],[-134.95595235892358,57.30951223781237],[-134.88057718507184,57.28803574554745],[-134.8410949511495,57.24851899977999],[-134.73700542535425,57.00970040579405],[-134.7405947193472,56.94870716776167],[-134.6975231914319,56.900599825088236],[-134.6975231914319,56.85077436303362],[-134.63291589955898,56.72878788696886],[-134.61496942959428,56.636868500074996],[-134.63291589955898,56.540653814728145],[-134.67239813348132,56.54151287441873],[-134.6436837815378,56.471929039480386],[-134.63291589955898,56.265754713737124],[-134.66521954549546,56.17039908808087],[-134.70470177941777,56.175553446224455],[-134.8052020112201,56.23568762456624],[-134.8410949511495,56.30956675795757],[-134.91647012500124,56.360251279702794],[-135.06004188471883,56.542371934109326],[-135.04568470874707,56.58360679925798],[-134.9667202409024,56.60336517214171],[-135.03132753277532,56.62913696285962],[-135.12464917659176,56.60250611245111],[-135.1748992924929,56.67810336522365],[-135.21438152641525,56.665217469864686],[-135.27539952429524,56.70129797686975],[-135.3184710522105,56.74854625985259],[-135.31129246422464,56.77775428933289],[-135.36154258012579,56.75885497613976],[-135.39743552005518,56.779472408714085],[-135.50511433984337,56.781190528095266],[-135.57331092570925,56.86366025839257],[-135.50511433984337,56.86623743746436],[-135.46922139991398,56.84132470643705],[-135.43332845998458,56.85249248241482],[-135.44409634196342,56.942693749927486],[-135.37589975609757,56.988223913529126],[-135.3543639921399,57.0208681817718],[-135.49434645786457,57.09474731516315],[-135.40820340203402,57.14886807567075],[-135.42256057800577,57.16776738886388],[-135.37231046210462,57.19783447803478],[-135.35795328613284,57.243364641636404],[-135.47639998789987,57.257109596685964],[-135.5517751617516,57.23305592534925],[-135.60202527765276,57.300921640906395],[-135.6953469214692,57.362773938629374]]],[[[-135.72765056740568,58.36529659755597],[-135.67022186351863,58.38075967198671],[-135.60202527765276,58.37474625415253],[-135.54459657376572,58.3300751502415],[-135.648686099561,58.32492079209791],[-135.72765056740568,58.36529659755597]]],[[[-135.85327585715856,57.24078746256461],[-135.8389186811868,57.282022327713264],[-135.84968656316562,57.33872026729266],[-135.75995421334213,57.346451804508035],[-135.63791821758218,57.29319010369103],[-135.58407880768806,57.22961968658686],[-135.54100727977277,57.21329755246552],[-135.4799892818928,57.23906934318342],[-135.39743552005518,57.230478746277456],[-135.45486422394222,57.1600358516485],[-135.54100727977277,57.14800901598015],[-135.63791821758218,57.00970040579405],[-135.68098974549744,57.014854763937635],[-135.82456150521506,56.98908297321972],[-135.8568651511515,56.9959554507445],[-135.84609726917267,57.08357953918538],[-135.75636491934918,57.123955344643434],[-135.75277562535624,57.16690832917328],[-135.83174009320092,57.17034456793567],[-135.82456150521506,57.195257298962986],[-135.87122232712326,57.22188814937148],[-135.85327585715856,57.24078746256461]]],[[[-136.15477655256552,58.59724271401713],[-136.12247290662907,58.60926954968549],[-136.09734784867848,58.55858502794027],[-136.15477655256552,58.59724271401713]]],[[[-136.15477655256552,58.28368592694926],[-136.04709773277733,58.31890737426373],[-136.0363298507985,58.27337721066209],[-136.09375855468554,58.25705507654075],[-136.15477655256552,58.28368592694926]]],[[[-136.57472394973948,57.927176155351546],[-136.55677747977478,58.0766525415154],[-136.49934877588774,58.105001511305105],[-136.47063442394423,58.09726997408973],[-136.36654489814896,58.14881355552555],[-136.35577701617015,58.192625599745995],[-136.39884854408544,58.27165909128091],[-136.28399113631136,58.269940971899715],[-136.28399113631136,58.22355174860748],[-136.24091960839607,58.17200816717167],[-136.14041937659374,58.224410808298074],[-136.0363298507985,58.21925645015449],[-135.97531185291854,58.20207525634255],[-135.91429385503855,58.2441691811818],[-135.78507927129272,58.28712216571165],[-135.73482915539154,58.239873882728816],[-135.587668101681,58.214102092010904],[-135.4979357518575,58.16857192840928],[-135.54100727977277,58.101565272542715],[-135.65227539355394,58.036276736057346],[-135.63791821758218,57.99418281121811],[-135.5948466896669,57.98988751276512],[-135.56613233772336,58.04143109420093],[-135.4512749299493,58.13420954078539],[-135.39743552005518,58.14451825707256],[-135.27539952429524,58.09726997408973],[-135.11029200062,58.088679377183766],[-135.07080976669766,58.06118946708466],[-134.9667202409024,58.04744451203511],[-134.9128808310083,57.97957879647795],[-134.92723800698008,57.92202179720796],[-135.00620247482473,57.8842231708217],[-135.1390063525635,57.92631709566095],[-135.1748992924929,57.91944461813617],[-135.13182776457762,57.885082230512296],[-135.06722047270472,57.869619156081555],[-134.9487737709377,57.805189679286784],[-135.02414894478943,57.78027694825947],[-135.11388129461295,57.778558828878275],[-135.09952411864117,57.75450515754157],[-135.02414894478943,57.743337381563805],[-134.94159518295183,57.76395481413813],[-134.91647012500124,57.682344143531424],[-134.8662200091001,57.62306902488024],[-134.8231484811848,57.50022348912488],[-134.87339859708595,57.46414298211981],[-135.02414894478943,57.45469332552325],[-135.08516694266942,57.46500204181041],[-135.24309587835876,57.546612712417115],[-135.47639998789987,57.63165962178621],[-135.57331092570925,57.67461260631606],[-135.65227539355394,57.65227705436054],[-135.6845790394904,57.67718978538784],[-135.69893621546214,57.649699875288746],[-135.59125739567395,57.60245159230591],[-135.51229292782926,57.595579114781145],[-135.587668101681,57.56894826437264],[-135.56613233772336,57.54747177210771],[-135.56613233772336,57.485619474384734],[-135.59843598365984,57.442666489854886],[-135.70970409744098,57.36792829677296],[-135.8927580910809,57.408304102231014],[-135.89634738507385,57.44094837047369],[-136.04709773277733,57.51396844417444],[-136.11888361263613,57.59128381632816],[-136.1619551405514,57.558639548085466],[-136.23015172641726,57.595579114781145],[-136.26604466634666,57.66344483033829],[-136.25168749037488,57.684921322603216],[-136.3162947822478,57.758800455994546],[-136.30911619426195,57.77941788856887],[-136.36654489814896,57.8283842909329],[-136.45986654196543,57.854156081650814],[-136.484991599916,57.89625000649005],[-136.57472394973948,57.927176155351546]]],[[[-145.65563775187752,60.36776473633735],[-145.5551375200752,60.355737900669],[-145.5120659921599,60.317939274282736],[-145.6089769299693,60.31020773706736],[-145.65563775187752,60.36776473633735]]],[[[-146.01097785717855,60.39611370612705],[-145.95354915329153,60.408140541795404],[-145.745370101701,60.38580498983988],[-145.75613798367982,60.35917413943139],[-145.83151315753156,60.35058354252541],[-146.01097785717855,60.39611370612705]]],[[[-147.32107016460162,60.88062337162371],[-147.2277485207852,60.9106904607946],[-147.13083758297583,60.91326763986639],[-147.07699817308173,60.899522684816844],[-147.14160546495464,60.853992521215204],[-147.32107016460162,60.88062337162371]]],[[[-147.50053486424864,60.653831613306124],[-147.48617768827688,60.727710746697454],[-147.38567745647455,60.741455701747014],[-147.3103022826228,60.66499938928388],[-147.34978451654516,60.627200762897616],[-147.48258839428394,60.618610165991655],[-147.50053486424864,60.653831613306124]]],[[[-147.50412415824158,60.253509797487965],[-147.4969455702557,60.265536633156316],[-147.34260592855927,60.30591243861437],[-147.33901663456635,60.27498628975289],[-147.48258839428394,60.22430176800768],[-147.50412415824158,60.253509797487965]]],[[[-147.92766084940848,59.78360414673146],[-147.89894649746498,59.801644400234],[-147.88817861548614,59.86263763826638],[-147.8056248536485,59.872946354553534],[-147.81639273562735,59.9090268615586],[-147.7410175617756,59.95541608485084],[-147.68358885788857,59.96142950268502],[-147.69435673986737,59.99665094999949],[-147.58667792007918,60.02585897947978],[-147.55437427414273,60.05163077019769],[-147.4000346324463,60.11606024699246],[-147.32107016460162,60.2174292904829],[-147.22415922679227,60.25522791686916],[-147.23492710877107,60.28959030449303],[-147.19903416884168,60.35058354252541],[-147.1021232310323,60.379791572005715],[-147.08776605506054,60.34285200531005],[-147.00162299923,60.34457012469123],[-147.06264099710995,60.3007580804708],[-147.0303373511735,60.28615406573064],[-146.94419429534295,60.31020773706736],[-146.91547994339942,60.29130842387423],[-146.95496217732176,60.25952321532215],[-147.17749840488403,60.15815417183171],[-147.3533738105381,60.0473354717447],[-147.3820881624816,59.97861069649696],[-147.50053486424864,59.927067115061135],[-147.39285604446044,59.87810071269712],[-147.4610526303263,59.84202020569205],[-147.54360639216392,59.83514772816727],[-147.62257086000858,59.84803362352622],[-147.68358885788857,59.799067221162204],[-147.71589250382502,59.80422157930579],[-147.87741073350733,59.763845773847734],[-147.92766084940848,59.78360414673146]]],[[[-147.94919661336613,60.244060140891406],[-147.79126767767676,60.476006257352566],[-147.75178544375441,60.440784810038096],[-147.70871391583916,60.45195258601585],[-147.7230710918109,60.50865052559524],[-147.56514215612154,60.58081153960539],[-147.56514215612154,60.534422316313155],[-147.60821368403683,60.50693240621405],[-147.61898156601563,60.43648951158511],[-147.69076744587446,60.404704303033014],[-147.61898156601563,60.36862379602795],[-147.7051246218462,60.285295006040045],[-147.69794603386032,60.24577826027259],[-147.7589640317403,60.156436052450516],[-147.84510708757085,60.195093738527376],[-147.8558749695497,60.2165702307923],[-147.94560731937318,60.22258364862648],[-147.94919661336613,60.244060140891406]]],[[[-148.02098249322492,60.72513356762566],[-147.96714308333082,60.75176441803417],[-147.90612508545084,60.73544228391283],[-147.84510708757085,60.69420741876418],[-147.93125014340143,60.65554973268732],[-148.02098249322492,60.72513356762566]]]]}},{"type":"Feature","id":"US-Arizona","properties":{"name":"Arizona","country":"US"},"geometry":{"type":"Polygon","coordinates":[[[-114.71951282672826,32.71892859447594],[-114.70156635676356,32.74555944488444],[-114.615423300933,32.73439166890668],[-114.52569095110951,32.7567272208622],[-114.53286953909539,32.79108960848608],[-114.46826224722247,32.84521036899368],[-114.46467295322952,32.91307608455084],[-114.51851236312362,33.02990820247202],[-114.57594106701066,33.036780679996795],[-114.60106612496125,33.025612904019034],[-114.64772694686947,33.04708939628396],[-114.65849482884828,33.03248538154381],[-114.70874494474944,33.090901440504396],[-114.68361988679887,33.148458439774394],[-114.67644129881297,33.27044491583915],[-114.73028070870708,33.30566636315363],[-114.69797706277062,33.36150524304242],[-114.72669141471414,33.40531728726287],[-114.65849482884828,33.41304882447824],[-114.55799459704596,33.53159906178061],[-114.52569095110951,33.55221649435494],[-114.54004812708126,33.591733240122394],[-114.52569095110951,33.68622980608806],[-114.49697659916599,33.69653852237522],[-114.50415518715187,33.76010893947939],[-114.52928024510244,33.81508875967759],[-114.52569095110951,33.85890080389803],[-114.50415518715187,33.864055162041616],[-114.51133377513774,33.911303445024444],[-114.53645883308832,33.92848463883638],[-114.435958601286,34.02813556294562],[-114.435958601286,34.08741068159681],[-114.40724424934248,34.111464352933524],[-114.32469048750487,34.13637708396083],[-114.28879754757547,34.17073947158471],[-114.22777954969548,34.188779725087244],[-114.22419025570255,34.20510185920859],[-114.13445790587905,34.260940739097386],[-114.13804719987199,34.303034663936636],[-114.17752943379433,34.349423887228866],[-114.22777954969548,34.365746021350205],[-114.33904766347663,34.4516519904099],[-114.38570848538485,34.457665408244075],[-114.37852989739896,34.507490870298696],[-114.4718515412154,34.71280613635136],[-114.55440530305303,34.76692689685896],[-114.5795303610036,34.82620201551015],[-114.63695906489065,34.87516841787417],[-114.6333697708977,35.00145019239192],[-114.61183400694006,35.08306086299862],[-114.64772694686947,35.10196017619175],[-114.57235177301773,35.138899742887425],[-114.57235177301773,35.2007520406104],[-114.60465541895418,35.35366466553665],[-114.62619118291182,35.40950354542545],[-114.66567341683417,35.4498793508835],[-114.68003059280592,35.49970481293812],[-114.65849482884828,35.53063096179961],[-114.65849482884828,35.61911410993109],[-114.69079847478474,35.651758378173774],[-114.68003059280592,35.685261706107056],[-114.7051556507565,35.71189255651556],[-114.69438776877769,35.755704600736],[-114.71233423874239,35.80638912248122],[-114.69797706277062,35.85449646515465],[-114.66567341683417,35.87511389772897],[-114.70156635676356,35.901744748137475],[-114.74463788467884,35.98507353812538],[-114.73028070870708,36.02201310482104],[-114.75540576665766,36.090737880068794],[-114.66567341683417,36.117368730477295],[-114.6333697708977,36.14228146150461],[-114.615423300933,36.13025462583625],[-114.57235177301773,36.151731118101175],[-114.51133377513774,36.15087205841058],[-114.50415518715187,36.129395566145654],[-114.4180121313213,36.145717700267],[-114.37135130941309,36.14314052119521],[-114.30674401754017,36.082147283162826],[-114.31392260552605,36.05809361182611],[-114.2385474316743,36.01428156760567],[-114.15240437584376,36.02373122420224],[-114.0662613200132,36.18093914758147],[-114.0483148500485,36.193825042940425],[-114.04472555605555,36.39140877177771],[-114.05190414404143,36.62507300762007],[-114.05190414404143,37.00048209241092],[-113.33404534545345,37.00048209241092],[-112.53722207902078,37.00048209241092],[-111.41377305923059,37.00134115210152],[-111.06561154191542,37.002200211792115],[-110.49132450304502,37.0039183311733],[-110.46978873908739,36.99790491333913],[-109.6263046507465,36.99790491333913],[-109.04483902389023,36.998763973029725],[-109.04483902389023,35.54609403623036],[-109.04842831788318,35.34249688955889],[-109.04483902389023,35.31672509884098],[-109.04483902389023,34.52209488503885],[-109.04842831788318,33.999786593155925],[-109.04483902389023,33.87522293801938],[-109.04842831788318,33.77814919298192],[-109.04842831788318,31.332406253852533],[-109.27814313343133,31.334124373233728],[-109.99959122601226,31.33326531354313],[-110.45902085710857,31.332406253852533],[-111.07637942389424,31.332406253852533],[-112.36493596735967,31.74131866657666],[-113.12586629386293,31.97240572334723],[-113.4919742811428,32.08923784126841],[-114.8128344705447,32.49385495553955],[-114.79488800058,32.55055289511895],[-114.8128344705447,32.56515690985909],[-114.80924517655176,32.61670049129491],[-114.78053082460823,32.63044544634446],[-114.71951282672826,32.71892859447594]]]}},{"type":"Feature","id":"US-Colorado","properties":{"name":"Colorado","country":"US"},"geometry":{"type":"Polygon","coordinates":[[[-109.04842831788318,41.00026401183011],[-108.17981917159172,41.00026401183011],[-107.62706789667897,41.00198213121131],[-106.4533687609876,41.00198213121131],[-106.21647535745358,40.99768683275832],[-105.7247420804208,40.99682777306772],[-104.85613293412933,40.99768683275832],[-104.83100787617876,40.999404952139514],[-104.05213107971079,41.00112307152071],[-103.03995017370173,41.00198213121131],[-102.55539548465484,41.00198213121131],[-102.05289432564325,41.00198213121131],[-102.05289432564325,40.0028957110471],[-102.0493050316503,39.67559396892968],[-102.0493050316503,39.30276206321062],[-102.04571573765737,39.13696354292542],[-102.04571573765737,38.045957735867354],[-102.04212644366443,37.92826655825558],[-102.04212644366443,36.99275055519555],[-102.69896724437244,36.995327734267335],[-102.77793171221711,36.99962303272032],[-103.0004679397794,37.00048209241092],[-103.73268391433913,36.99790491333913],[-104.33927459914598,36.99360961488614],[-104.99970469384694,36.99360961488614],[-105.1217406896069,36.995327734267335],[-106.20211818148181,36.99446867457674],[-106.86972686416864,36.99275055519555],[-106.87690545215452,37.00048209241092],[-107.42247813908139,36.99962303272032],[-108.24801575745757,36.998763973029725],[-109.04483902389023,36.998763973029725],[-109.04483902389023,37.49959577264772],[-109.04124972989729,37.53052192150921],[-109.04124972989729,38.16450797316973],[-109.05919619986199,38.27532667325673],[-109.05919619986199,38.719460533295326],[-109.05201761187611,38.905017426464255],[-109.05201761187611,40.50029127190271],[-109.04842831788318,40.53980801767017],[-109.04842831788318,41.00026401183011]]]}},{"type":"Feature","id":"US-Florida","properties":{"name":"Florida","country":"US"},"geometry":{"type":"MultiPolygon","coordinates":[[[[-80.75043447754477,24.85767336582365],[-80.70018436164361,24.909216947259466],[-80.68223789167891,24.88086797746977],[-80.73248800758007,24.843069351083507],[-80.75043447754477,24.85767336582365]]],[[[-80.85093470934709,24.80355260531605],[-80.81863106341063,24.83705593324933],[-80.77914882948829,24.840492172011714],[-80.79709529945299,24.812143202222018],[-80.85093470934709,24.80355260531605]]],[[[-81.12372105281052,24.7073379199692],[-80.93707776517765,24.78465329212292],[-80.91554200122,24.758881501405007],[-81.0770602309023,24.690156726157255],[-81.12372105281052,24.7073379199692]]],[[[-81.81286549945499,24.56902930978309],[-81.74466891358914,24.660089636986363],[-81.67288303373033,24.69960638275382],[-81.58315068390684,24.736545949449493],[-81.57238280192801,24.75630432233322],[-81.44316821818218,24.813002261912615],[-81.30677504645047,24.755445262642624],[-81.2924178704787,24.71077415873158],[-81.24216775457754,24.673834592035917],[-81.2565249305493,24.66438493543935],[-81.4000966902669,24.6231500702907],[-81.41086457224571,24.646344681936817],[-81.5077755100551,24.64204938348383],[-81.51854339203392,24.621431950909503],[-81.68365091570915,24.558720593495927],[-81.81286549945499,24.54583469813698],[-81.81286549945499,24.56902930978309]]],[[[-82.01386596305963,24.543257519065186],[-81.87388349733497,24.563874951639512],[-81.90977643726437,24.526935384943847],[-81.97079443514434,24.51490854927549],[-82.01745525705256,24.521781026800262],[-82.01386596305963,24.543257519065186]]],[[[-82.16461631076311,24.563015891948915],[-82.14308054680546,24.593082981119807],[-82.10000901889019,24.58449238421384],[-82.11795548885489,24.54927093689936],[-82.16461631076311,24.563015891948915]]],[[[-82.26511654256542,26.698638282772826],[-82.24717007260072,26.683175208342078],[-82.17897348673486,26.50191361362613],[-82.15025913479134,26.47785994228942],[-82.08924113691137,26.4555243903339],[-82.0641160789608,26.470128405074043],[-82.01386596305963,26.45208815157151],[-82.0641160789608,26.425457301163007],[-82.09641972489725,26.42459824147241],[-82.17179489874898,26.467551226002257],[-82.19691995669956,26.491604897338966],[-82.24358077860778,26.59039676175761],[-82.26511654256542,26.65568529824298],[-82.26511654256542,26.698638282772826]]],[[[-82.93272522525226,24.632599726887264],[-82.87888581535815,24.643767502865025],[-82.86452863938639,24.624009129981296],[-82.93631451924519,24.615418533075328],[-82.93272522525226,24.632599726887264]]],[[[-84.66994351783518,29.794689407684075],[-84.56585399203992,29.835065213142123],[-84.56585399203992,29.810152482114816],[-84.62328269592696,29.77836727356273],[-84.66276492984929,29.77321291541915],[-84.66994351783518,29.794689407684075]]],[[[-85.00374785917859,31.000809213282125],[-84.98221209522094,30.93294349772497],[-84.94272986129862,30.888272393813935],[-84.93555127331273,30.81697043949439],[-84.9140155093551,30.75254096269962],[-84.86376539345393,30.711306097550967],[-84.3756214104141,30.68982960528605],[-83.43881567825677,30.641722262612618],[-82.69942111571116,30.59791021839218],[-82.21486642666426,30.568702188911885],[-82.23281289662896,30.556675353243527],[-82.22563430864308,30.507708950879504],[-82.2005092506925,30.485373398923983],[-82.21127713267133,30.4243801608916],[-82.17179489874898,30.35909162440624],[-82.0389910210102,30.370259400384],[-82.0389910210102,30.434688877178765],[-82.01745525705256,30.47506468263682],[-82.00668737507375,30.577292785817853],[-82.04975890298903,30.65546721766217],[-82.03540172701727,30.707010799097986],[-82.0389910210102,30.749104723937236],[-82.01027666906668,30.762849678986782],[-82.02463384503845,30.78346711156111],[-81.98156231712316,30.776594634036336],[-81.94925867118671,30.827279155781554],[-81.89541926129262,30.82126573794737],[-81.87029420334203,30.792916768157674],[-81.80927620546206,30.79033958908589],[-81.74466891358914,30.766285917749173],[-81.71954385563855,30.74480942548425],[-81.60109715387154,30.72848729136291],[-81.54007915599156,30.713024216932162],[-81.4898290400904,30.725910112291118],[-81.44316821818218,30.70958797816978],[-81.42881104221041,30.69842020219202],[-81.44316821818218,30.60134645715457],[-81.43240033620336,30.522312965619648],[-81.44675751217513,30.503413652426516],[-81.41086457224571,30.4819371601616],[-81.39650739627396,30.400326489554892],[-81.39291810228102,30.303252744517437],[-81.3103643404434,29.969078524875243],[-81.26370351853518,29.85825982478824],[-81.26370351853518,29.814447780567804],[-81.16320328673287,29.555011754007538],[-81.04834587895878,29.307602563115623],[-80.94425635316352,29.110877893968933],[-80.71095224362243,28.75694530144301],[-80.57455907189072,28.585133363323628],[-80.56020189591895,28.53101260281602],[-80.52430895598955,28.459710648496483],[-80.58891624786247,28.41074424613246],[-80.60327342383424,28.364355022840222],[-80.60686271782717,28.289616829758295],[-80.58891624786247,28.177939069980695],[-80.56738048390484,28.09546933968339],[-80.5099517800178,27.970905684546842],[-80.3843264902649,27.739818627776273],[-80.3304870803708,27.597214719137185],[-80.3125406104061,27.52505370512705],[-80.2945941404414,27.500140974099736],[-80.25511190651906,27.37987261741617],[-80.19409390863909,27.249295544445438],[-80.16179026270262,27.192597604866044],[-80.14025449874498,27.111845993949935],[-80.09359367683676,27.01820848767487],[-80.03257567895679,26.796571087500872],[-80.03616497294972,26.594692060210598],[-80.06129003090031,26.44435661435614],[-80.07923650086501,26.263954079330787],[-80.09000438284383,26.2321688707787],[-80.11871873478735,25.986477799267988],[-80.11871873478735,25.841296711557113],[-80.12948661676616,25.77257193630936],[-80.15461167471675,25.702988101371012],[-80.15461167471675,25.665189474984743],[-80.17614743867438,25.68494784786847],[-80.16537955669557,25.728759892088917],[-80.18332602666027,25.745941085900853],[-80.24075473054731,25.72446459363593],[-80.2766476704767,25.636840505195046],[-80.29818343443434,25.622236490454902],[-80.30177272842728,25.567256670256697],[-80.3304870803708,25.532894282632824],[-80.33766566835668,25.46588762676626],[-80.31971919839198,25.437538656976564],[-80.32689778637786,25.398021911209106],[-80.30536202242023,25.38427695615956],[-80.33407637436375,25.33874679255792],[-80.36279072630727,25.32757901658016],[-80.3663800203002,25.28548509174091],[-80.29100484644846,25.31898841967419],[-80.20127249662497,25.48564599964999],[-80.17614743867438,25.520867446964466],[-80.17614743867438,25.48564599964999],[-80.2048617906179,25.414344045330452],[-80.32689778637786,25.223632794017938],[-80.35920143231432,25.15318989938899],[-80.44893378213781,25.07329734816348],[-80.57096977789777,24.95388805117051],[-80.65711283372833,24.897190111591108],[-80.66788071570716,24.90749882787827],[-80.5458447199472,25.012304110131097],[-80.49559460404603,25.04666649775497],[-80.47046954609546,25.09219666135661],[-80.45970166411664,25.16178049629496],[-80.44175519415194,25.18927040639406],[-80.46329095810958,25.209028779277787],[-80.49559460404603,25.19957912268122],[-80.52071966199662,25.221914674636743],[-80.54225542595425,25.206451600205995],[-80.66429142171421,25.187552287012863],[-80.71454153761537,25.152330839698394],[-80.74684518355183,25.14717648155481],[-80.81145247542476,25.18583416763167],[-80.87605976729768,25.174666391653915],[-80.90118482524825,25.139444944339438],[-80.99809576305763,25.123981869908697],[-81.08064952489525,25.11882751176511],[-81.14166752277522,25.163498615676154],[-81.17038187471874,25.221914674636743],[-81.16320328673287,25.289780390193897],[-81.14166752277522,25.341323971629713],[-81.12013175881758,25.33874679255792],[-81.12731034680347,25.38084071739717],[-81.17038187471874,25.464169507385073],[-81.20986410864109,25.50454531284312],[-81.20268552065521,25.533753342323422],[-81.23139987259873,25.587015043140426],[-81.27088210652106,25.614504953239525],[-81.28882857648576,25.687525026940264],[-81.3103643404434,25.702988101371012],[-81.34984657436574,25.690102206012057],[-81.3821502203022,25.776867234762342],[-81.46829327613275,25.803498085170844],[-81.4718825701257,25.817243040220397],[-81.54725774397744,25.84988730846308],[-81.62263291782918,25.89713559144591],[-81.66211515175152,25.88596781546815],[-81.69082950369503,25.852464487534874],[-81.74825820758207,25.960706008550083],[-81.80209761747618,26.087846842758424],[-81.82004408744088,26.236464169231688],[-81.84516914539145,26.330101675506754],[-81.87029420334203,26.379068077870777],[-81.97079443514434,26.476141822908225],[-82.01027666906668,26.483873360123596],[-82.01386596305963,26.52854446403464],[-82.0569374909749,26.548302836918367],[-82.0569374909749,26.49332301672016],[-82.10718760687607,26.483873360123596],[-82.11077690086901,26.54057129970299],[-82.13949125281252,26.637645044740445],[-82.1825627807278,26.681457088960883],[-82.17179489874898,26.70207452153521],[-82.12513407684077,26.699497342463417],[-82.0928304309043,26.665994014530142],[-82.05334819698197,26.802584505335048],[-82.06052678496785,26.876463638726385],[-82.08924113691137,26.888490474394736],[-82.08924113691137,26.922852862018615],[-82.06052678496785,26.931443458924583],[-82.0748839609396,26.958074309333085],[-82.11795548885489,26.954638070570702],[-82.13590195881959,26.926289100781005],[-82.17538419274193,26.91683944418444],[-82.14666984079841,26.789698609976092],[-82.17897348673486,26.772517416164156],[-82.25075936659367,26.76306775956759],[-82.26870583655837,26.720114775037743],[-82.26870583655837,26.784544251832514],[-82.290241600516,26.827497236362362],[-82.35125959839598,26.908248847278465],[-82.44458124221242,27.06030241251412],[-82.47688488814887,27.14105402343023],[-82.54508147401474,27.261322380113796],[-82.64199241182412,27.389322274012734],[-82.69224252772527,27.43742961668616],[-82.70659970369704,27.48725507874078],[-82.74249264362643,27.539657719867193],[-82.70659970369704,27.523335585745855],[-82.70301040970409,27.497563795027943],[-82.64917099981,27.523335585745855],[-82.6132780598806,27.585187883468826],[-82.57020653196531,27.609241554805543],[-82.52354571005709,27.693429404484043],[-82.47688488814887,27.722637433964337],[-82.48406347613476,27.742395806848066],[-82.4338133602336,27.76473135880358],[-82.39433112631126,27.836892372813722],[-82.41227759627596,27.901321849608493],[-82.49124206412064,27.919362103111027],[-82.47329559415594,27.82228835807358],[-82.55226006200061,27.848060148791483],[-82.53072429804298,27.877268178271777],[-82.53431359203591,27.93310705816058],[-82.55226006200061,27.966610386093855],[-82.68865323373234,28.027603624126236],[-82.6850639397394,27.97176474423744],[-82.72454617366174,27.947711072900724],[-82.6850639397394,27.915925864348637],[-82.62763523585235,27.91077150620506],[-82.58815300193001,27.816274940239396],[-82.62404594185942,27.78019443323433],[-82.62404594185942,27.726932732417318],[-82.63840311783117,27.703738120771206],[-82.71377829168291,27.69858376262762],[-82.72454617366174,27.67109385252852],[-82.69942111571116,27.638449584285837],[-82.73172476164761,27.612677793567933],[-82.74608193761938,27.647040181191805],[-82.73890334963349,27.71834213551135],[-82.78915346553465,27.79136220921209],[-82.8214571114711,27.81369776116761],[-82.85017146341463,27.86352322322223],[-82.828635699457,28.019872086910866],[-82.8465821694217,28.07657002649026],[-82.86093934539345,28.217455815748153],[-82.828635699457,28.21831487543875],[-82.828635699457,28.138422324213238],[-82.81427852348523,28.061966011750116],[-82.78197487754878,28.055952593915933],[-82.79633205352053,28.18738872657726],[-82.76402840758408,28.219173935129348],[-82.76043911359113,28.254395382443818],[-82.73172476164761,28.29219400883008],[-82.73172476164761,28.324838277072764],[-82.70659970369704,28.367791261602612],[-82.70659970369704,28.401294589535887],[-82.67429605776057,28.441670394993942],[-82.67070676376764,28.519844826838266],[-82.65276029380294,28.591146781157804],[-82.67429605776057,28.647844720737204],[-82.6671174697747,28.69595206341063],[-82.71377829168291,28.720864794437936],[-82.69942111571116,28.75694530144301],[-82.73172476164761,28.85058280771807],[-82.68865323373234,28.905562627916275],[-82.76402840758408,29.00005919388193],[-82.75326052560526,29.02669004429044],[-82.78197487754878,29.073938327273268],[-82.81786781747817,29.07651550634506],[-82.79992134751348,29.104864476134757],[-82.8035106415064,29.146958400974007],[-82.828635699457,29.15812617695176],[-82.99733251712517,29.17788454983549],[-83.02963616306162,29.134072505615052],[-83.05476122101221,29.13063626685266],[-83.08706486694867,29.216542235912357],[-83.07629698496984,29.255199921989217],[-83.12654710087101,29.282689832088316],[-83.16961862878628,29.290421369303687],[-83.17679721677216,29.344542129811295],[-83.20192227472275,29.394367591865915],[-83.24140450864509,29.433025277942775],[-83.29524391853919,29.438179636086353],[-83.31319038850388,29.475978262472623],[-83.39933344433445,29.517213127621268],[-83.39933344433445,29.61256875327753],[-83.4136906203062,29.67012575254752],[-83.45676214822149,29.676139170381695],[-83.49265508815088,29.70878343862438],[-83.5393159100591,29.72338745336453],[-83.58597673196732,29.775790094490937],[-83.58597673196732,29.81187060149601],[-83.61828037790377,29.841937690666903],[-83.63622684786847,29.88574973488734],[-83.68647696376964,29.92354836127361],[-83.78697719557195,29.976810062090614],[-83.93054895528955,30.038662359813593],[-84.02387059910599,30.103091836608364],[-84.06335283302833,30.10137371722717],[-84.15667447684477,30.073024747437472],[-84.2679425906259,30.09793747846478],[-84.27153188461884,30.067870389293887],[-84.36485352843528,30.0085952706427],[-84.33254988249882,29.92354836127361],[-84.34331776447765,29.899494689936894],[-84.37921070440704,29.89348127210272],[-84.43305011430114,29.906367167461667],[-84.45099658426584,29.92870271941719],[-84.5371396400964,29.909803406224057],[-84.64840775387754,29.84709204881048],[-84.88171186341863,29.733696169651694],[-84.90324762737627,29.73541428903288],[-84.87812256942568,29.77321291541915],[-84.9140155093551,29.783521631706314],[-84.93914056730567,29.750018303773032],[-84.99297997719977,29.714796856458563],[-85.1221945609456,29.715655916149153],[-85.07553373903738,29.67356199130991],[-85.0683551510515,29.640917723067226],[-85.01092644716447,29.622018409874094],[-84.90324762737627,29.667548573475727],[-84.79915810158101,29.701910961099607],[-84.70224716377163,29.77407197510975],[-84.69147928179281,29.762904199131988],[-84.77762233762337,29.69246130450304],[-84.87812256942568,29.655521737807376],[-85.00374785917859,29.598823798227976],[-85.04681938709386,29.586796962559617],[-85.08271232702327,29.61514593234932],[-85.1401410309103,29.634045245542453],[-85.22269479274793,29.67785728976289],[-85.29089137861378,29.683870707597073],[-85.35190937649377,29.659817036260357],[-85.39857019840198,29.740568647176467],[-85.41651666836668,29.8427967503575],[-85.38780231642316,29.878877257362568],[-85.38780231642316,29.788675989849892],[-85.36626655246552,29.710501558005575],[-85.34114149451494,29.691602244812444],[-85.30524855458555,29.725105572745726],[-85.3016592605926,29.80843436273362],[-85.36267725847259,29.898635630246297],[-85.4272845503455,29.950179211682112],[-85.48830254822548,29.961346987659873],[-85.54214195811957,29.995709375283745],[-85.59957066200661,30.056702613316126],[-85.696481599816,30.09707841877418],[-85.77544606766067,30.156353537425368],[-85.92260712137121,30.237964208032075],[-86.09130393903939,30.303252744517437],[-86.2994829906299,30.36338692285922],[-86.41075110441103,30.380568116671164],[-86.63328733197332,30.396031191101905],[-86.75173403374033,30.391735892648924],[-86.92043085140851,30.370259400384],[-87.1537349609496,30.32816547554475],[-87.26859236872369,30.315279580185795],[-87.29371742667426,30.323870177091763],[-87.51984294822948,30.280058132871325],[-87.46600353833539,30.302393684826846],[-87.49112859628596,30.323011117401165],[-87.4588249503495,30.33589701276012],[-87.43011059840597,30.406339907389068],[-87.36550330653306,30.43640699655996],[-87.43728918639187,30.480219040780405],[-87.44805706837069,30.527467323763233],[-87.39421765847658,30.615091412204116],[-87.4049855404554,30.674366530855302],[-87.53420012420123,30.743091306103054],[-87.54496800618006,30.77831275341753],[-87.62752176801767,30.846178468974685],[-87.63470035600356,30.865936841858414],[-87.58803953409534,30.964728706277057],[-87.59880741607415,30.99737297451974],[-87.00298461324613,30.999091093900937],[-86.51842992419924,30.993077676066754],[-85.8938927694277,30.993077676066754],[-85.4990704302043,30.996513914829144],[-85.24423055670556,31.000809213282125],[-85.00374785917859,31.000809213282125]]]]}},{"type":"Feature","id":"US-Georgia","properties":{"name":"Georgia","country":"US"},"geometry":{"type":"Polygon","coordinates":[[[-85.60674924999249,34.98426899857998],[-85.46676678426783,34.98255087919878],[-84.97862280122801,34.98770523734237],[-84.32178200052,34.988564297032966],[-83.61828037790377,34.98684617765177],[-83.62186967189672,34.99200053579535],[-83.10860063090631,35.000591132701324],[-83.11936851288513,34.938738834978345],[-83.23063662666627,34.880322776017756],[-83.3239582704827,34.79012150850508],[-83.32036897648976,34.75919535964359],[-83.34908332843328,34.73685980768807],[-83.33831544645446,34.68187998748987],[-83.23063662666627,34.611437092860925],[-83.16961862878628,34.60542367502674],[-83.08706486694867,34.516081467204664],[-83.00451110511105,34.472269422984226],[-82.90401087330874,34.48601437803377],[-82.87529652136521,34.47570566174661],[-82.8465821694217,34.42072584154841],[-82.83581428744287,34.365746021350205],[-82.7927427595276,34.3399742306323],[-82.78197487754878,34.29702124610245],[-82.74249264362643,34.25235014219142],[-82.74249264362643,34.20853809797097],[-82.71736758567586,34.150122039010384],[-82.67429605776057,34.12950460643606],[-82.64558170581705,34.07194760716607],[-82.5953315899159,34.030712742017414],[-82.55584935599356,33.94394771326713],[-82.52354571005709,33.94308865357653],[-82.45534912419124,33.88123635585355],[-82.35125959839598,33.83656525194252],[-82.24717007260072,33.75237740226402],[-82.23281289662896,33.699974761137604],[-82.2005092506925,33.664753313823134],[-82.19691995669956,33.630390926199254],[-82.15025913479134,33.59774665795658],[-82.10718760687607,33.59602853857538],[-82.04616960899608,33.564243330023295],[-81.98156231712316,33.48435077879778],[-81.92772290722907,33.46201522684226],[-81.91336573125731,33.441397794267935],[-81.93849078920789,33.40445822757227],[-81.92413361323612,33.37095489963899],[-81.93849078920789,33.34346498953989],[-81.83799055740558,33.27302209491094],[-81.85234773337733,33.24725030419304],[-81.80568691146911,33.211169797187964],[-81.76620467754677,33.21546509564095],[-81.77338326553266,33.180243648326474],[-81.74466891358914,33.141585962249614],[-81.64775797577975,33.094337679266786],[-81.6154543298433,33.095196738957384],[-81.55802562595626,33.04537127690276],[-81.4898290400904,33.0084317102071],[-81.5077755100551,32.95087471093711],[-81.46470398213982,32.8958948907389],[-81.45752539415393,32.85380096589965],[-81.42522174821748,32.8409150705407],[-81.42522174821748,32.76789499683996],[-81.41086457224571,32.740405086740864],[-81.42881104221041,32.701747400664004],[-81.40727527825278,32.694874923139224],[-81.39291810228102,32.65364005799057],[-81.41086457224571,32.6184186106761],[-81.36779304433044,32.57718374552745],[-81.27806069450695,32.55484819357193],[-81.27806069450695,32.5350898206882],[-81.19550693266932,32.46550598574985],[-81.20986410864109,32.436297956269556],[-81.15602469874699,32.34609668875688],[-81.14166752277522,32.34953292751927],[-81.12013175881758,32.2842443910339],[-81.15602469874699,32.24644576464764],[-81.11654246482465,32.18888876537765],[-81.1308996407964,32.16655321342213],[-81.1129531708317,32.11329151260512],[-81.03757799697996,32.08408348312483],[-80.99809576305763,32.09868749786497],[-80.91913129521295,32.03769425983259],[-80.88682764927648,32.03425802107021],[-80.84375612136121,32.023949304783045],[-80.86170259132591,31.96896948458484],[-80.91195270722707,31.944056753557533],[-80.94784564715647,31.95694264891648],[-80.96938141111411,31.91570778376783],[-80.9334884711847,31.908835306243056],[-80.99091717507174,31.85729172480724],[-81.06629234892348,31.87705009769097],[-81.0770602309023,31.828942755017543],[-81.03757799697996,31.819493098420978],[-81.06988164291643,31.76880857667576],[-81.1308996407964,31.72241935338353],[-81.19191763867639,31.73358712936129],[-81.20268552065521,31.719842174311736],[-81.15961399273992,31.69149320452204],[-81.1308996407964,31.695788502975027],[-81.13448893478935,31.623627488964885],[-81.15961399273992,31.570365788147875],[-81.26011422454225,31.548030236192353],[-81.26011422454225,31.529130922999222],[-81.19909622666226,31.53772151990519],[-81.17756046270462,31.51710408733087],[-81.26011422454225,31.404567267862674],[-81.28164998849988,31.326392836018357],[-81.2565249305493,31.315225060040596],[-81.274471400514,31.289453269322685],[-81.2924178704787,31.20612447933479],[-81.33907869238692,31.18722516614166],[-81.36779304433044,31.13654064439644],[-81.4000966902669,31.133963465324648],[-81.4000966902669,31.072970227292267],[-81.42522174821748,31.01369510864108],[-81.45034680616806,31.015413228022275],[-81.49341833408334,30.977614601636013],[-81.44675751217513,30.956997169061687],[-81.40727527825278,30.977614601636013],[-81.40368598425984,30.908030766697664],[-81.46111468814688,30.769722156511563],[-81.44316821818218,30.70958797816978],[-81.4898290400904,30.725910112291118],[-81.54007915599156,30.713024216932162],[-81.60109715387154,30.72848729136291],[-81.71954385563855,30.74480942548425],[-81.74466891358914,30.766285917749173],[-81.80927620546206,30.79033958908589],[-81.87029420334203,30.792916768157674],[-81.89541926129262,30.82126573794737],[-81.94925867118671,30.827279155781554],[-81.98156231712316,30.776594634036336],[-82.02463384503845,30.78346711156111],[-82.01027666906668,30.762849678986782],[-82.0389910210102,30.749104723937236],[-82.03540172701727,30.707010799097986],[-82.04975890298903,30.65546721766217],[-82.00668737507375,30.577292785817853],[-82.01745525705256,30.47506468263682],[-82.0389910210102,30.434688877178765],[-82.0389910210102,30.370259400384],[-82.17179489874898,30.35909162440624],[-82.21127713267133,30.4243801608916],[-82.2005092506925,30.485373398923983],[-82.22563430864308,30.507708950879504],[-82.23281289662896,30.556675353243527],[-82.21486642666426,30.568702188911885],[-82.69942111571116,30.59791021839218],[-83.43881567825677,30.641722262612618],[-84.3756214104141,30.68982960528605],[-84.86376539345393,30.711306097550967],[-84.9140155093551,30.75254096269962],[-84.93555127331273,30.81697043949439],[-84.94272986129862,30.888272393813935],[-84.98221209522094,30.93294349772497],[-85.00374785917859,31.000809213282125],[-85.01092644716447,31.053211854408538],[-85.03605150511505,31.108191674606744],[-85.10783738497385,31.18636610645106],[-85.09706950299503,31.23275532974329],[-85.11501597295972,31.276567373963736],[-85.08989091500915,31.29460762746627],[-85.09348020900208,31.362473343023424],[-85.06476585705856,31.431198118271176],[-85.07194444504445,31.46813768496684],[-85.04681938709386,31.51710408733087],[-85.05758726907268,31.620191250202495],[-85.12578385493855,31.69492944328443],[-85.11860526695267,31.732728069670692],[-85.1401410309103,31.839251471304706],[-85.12937314893149,31.877909157381566],[-85.07912303303033,31.939761455104545],[-85.05399797507975,32.01364058849588],[-85.04681938709386,32.08751972188721],[-85.05758726907268,32.13562706456064],[-85.01092644716447,32.18029816847168],[-84.96067633126331,32.19833842197421],[-84.96785491924919,32.21895585454854],[-84.92837268532685,32.21895585454854],[-84.89247974539745,32.26362695845958],[-84.93555127331273,32.297989346083455],[-85.00015856518564,32.32204301742017],[-84.96426562525625,32.42255300122001],[-84.99656927119271,32.45347915008149],[-85.00733715317153,32.52392204471044],[-85.0683551510515,32.583197163361625],[-85.1042480909809,32.645049461084604],[-85.1221945609456,32.77304935498354],[-85.16885538285382,32.8117070410604],[-85.15449820688207,32.84263318992189],[-85.18680185281852,32.870123100021],[-85.30524855458555,33.48263265941659],[-85.35908796447964,33.749800223192224],[-85.40574878638786,34.00236377222772],[-85.47035607826078,34.32794739496394],[-85.5529098400984,34.70851083789837],[-85.60674924999249,34.98426899857998]]]}},{"type":"Feature","id":"US-Indiana","properties":{"name":"Indiana","country":"US"},"geometry":{"type":"Polygon","coordinates":[[[-87.52343224222241,41.70812919688196],[-87.46959283232832,41.672907749567486],[-87.42652130441304,41.69008894337943],[-87.40139624646245,41.67720304802047],[-87.4229320104201,41.642840660396594],[-87.32602107261073,41.623082287512865],[-87.22193154681547,41.62394134720346],[-87.12143131501314,41.64541783946839],[-86.93478802738026,41.70984731626316],[-86.82351991359913,41.760531838008376],[-86.50048345423454,41.75967277831778],[-85.78980324363243,41.75881371862718],[-85.11860526695267,41.75967277831778],[-84.80633668956689,41.760531838008376],[-84.80633668956689,41.696102361213605],[-84.80274739557396,41.488209916089154],[-84.80274739557396,40.302707543065424],[-84.81351527755277,39.92729845827458],[-84.81351527755277,39.54845313472134],[-84.82069386553866,39.3096345407354],[-84.82069386553866,39.105178334373335],[-84.8888904514045,39.066520648296475],[-84.8960690393904,39.04933945448454],[-84.83864033550336,38.98834621645216],[-84.83146174751747,38.961715366043656],[-84.87094398143981,38.92907109780097],[-84.86017609946099,38.897285889248884],[-84.79915810158101,38.89127247141471],[-84.78480092560925,38.869795979149785],[-84.83146174751747,38.83027923338233],[-84.80992598355984,38.792480606996065],[-84.8888904514045,38.79505778606785],[-84.94631915529155,38.77529941318412],[-84.97862280122801,38.77959471163711],[-85.1042480909809,38.7254739511295],[-85.15449820688207,38.69197062319623],[-85.22269479274793,38.700561220102195],[-85.25858773267733,38.73750078679786],[-85.35190937649377,38.731487368963684],[-85.4093380803808,38.73750078679786],[-85.45240960829608,38.70915181700816],[-85.43805243232433,38.60176935568355],[-85.41651666836668,38.54077611765117],[-85.47394537225372,38.50641373002729],[-85.4990704302043,38.46861510364103],[-85.60674924999249,38.439407074160734],[-85.67494583585835,38.30109846397463],[-85.74314242172422,38.26759513604135],[-85.79339253762538,38.28821256861568],[-85.82928547755478,38.27704479263792],[-85.8508212415124,38.222924032130315],[-85.90824994539945,38.16107173440734],[-85.90466065140652,38.08633354132541],[-85.92260712137121,38.026199362983625],[-85.95132147331474,38.0055819304093],[-86.03387523515235,37.99011885597855],[-86.0482324111241,37.95919270711706],[-86.09489323303232,38.00901816917168],[-86.17385770087701,38.00987722886228],[-86.26717934469345,38.057125511845115],[-86.27076863868638,38.13787712276122],[-86.34614381253812,38.195434122031216],[-86.37485816448164,38.19371600265002],[-86.3712688704887,38.16450797316973],[-86.32460804858049,38.15419925688256],[-86.32819734257342,38.13272276461764],[-86.37485816448164,38.131004645236445],[-86.40357251642516,38.10609191420914],[-86.43228686836868,38.12585028709287],[-86.46459051430514,38.10093755606555],[-86.43228686836868,38.08633354132541],[-86.45382263232632,38.050253034320335],[-86.51842992419924,38.042521497104964],[-86.52560851218512,37.961769886188854],[-86.50766204222042,37.92912561794617],[-86.59021580405803,37.9213940807308],[-86.59739439204392,37.8672733202232],[-86.63687662596625,37.842360589195884],[-86.66200168391684,37.86297802177021],[-86.64405521395214,37.906790065990656],[-86.67994815388154,37.915380662896624],[-86.71584109381094,37.8939041706317],[-86.75173403374033,37.91280348382483],[-86.79480556165561,37.98925979628795],[-86.8558235595356,37.987541676906766],[-86.90607367543674,37.94287057299572],[-87.010163201232,37.919675961349604],[-87.04605614116142,37.8939041706317],[-87.06400261112611,37.8105753806438],[-87.08912766907669,37.787380768997686],[-87.12860990299903,37.78480358992589],[-87.15732425494255,37.838065290742904],[-87.22193154681547,37.84923306672066],[-87.30089601466014,37.89819946908469],[-87.37986048250482,37.93599809547095],[-87.45164636236362,37.94115245361453],[-87.50189647826478,37.90936724506244],[-87.55214659416593,37.92568937918379],[-87.57368235812358,37.96778330402304],[-87.6023967100671,37.972937662166615],[-87.62752176801767,37.91623972258722],[-87.58803953409534,37.861259902389016],[-87.63470035600356,37.82689751476514],[-87.67418258992589,37.82947469383693],[-87.66341470794707,37.87758203651036],[-87.68136117791178,37.903353827228266],[-87.83211152561525,37.876722976819764],[-87.87159375953759,37.9213940807308],[-87.90389740547405,37.92483031949319],[-87.93979034540345,37.89046793186931],[-87.90389740547405,37.81229350002499],[-87.94696893338933,37.77191769456694],[-88.02952269522694,37.79940760466604],[-88.06900492914929,37.80112572404723],[-88.08336210512105,37.830333753527526],[-88.04029057720577,37.822602216312156],[-88.09771928109281,37.90163570784707],[-88.01157622526225,37.8947632303223],[-88.06541563515634,37.919675961349604],[-88.01157622526225,37.9772329606196],[-88.00798693126931,38.02877654205541],[-88.03670128321284,38.05111209401093],[-87.96850469734697,38.06743422813228],[-87.9613261093611,38.100078496374955],[-88.00439763727637,38.08375636225362],[-87.92543316943168,38.14646771966719],[-87.97568328533285,38.198011301103],[-87.99004046130462,38.24869582284822],[-87.95773681536815,38.24010522594225],[-87.92543316943168,38.29852128490284],[-87.90748669946699,38.26845419573195],[-87.88236164151641,38.303675643046425],[-87.85364728957289,38.27532667325673],[-87.80698646766467,38.36295076169761],[-87.77827211572115,38.37068229891298],[-87.73161129381293,38.442843312923124],[-87.73878988179881,38.47548758116581],[-87.65264682596826,38.511568088170876],[-87.65264682596826,38.56826602775027],[-87.6203431800318,38.63956798206981],[-87.59521812208122,38.66705789216891],[-87.54496800618006,38.677366608456076],[-87.4947178902789,38.742655144941445],[-87.49830718427184,38.77873565194651],[-87.55214659416593,38.85948726286262],[-87.5126643602436,38.954842888518876],[-87.57727165211652,38.989205276142755],[-87.57368235812358,39.05707099169991],[-87.63111106201062,39.10431927468274],[-87.64187894398944,39.16703063209631],[-87.57368235812358,39.21857421353213],[-87.60598600406004,39.26152719806198],[-87.59880741607415,39.313070779497785],[-87.57727165211652,39.34056068959689],[-87.5306108302083,39.34829222681226],[-87.5306108302083,39.64638593944939],[-87.53420012420123,39.64638593944939],[-87.53420012420123,39.98743263661636],[-87.5306108302083,39.997741352903525],[-87.5306108302083,40.25030490193901],[-87.52702153621536,40.46249264551645],[-87.52702153621536,41.48992803547035],[-87.52343224222241,41.70812919688196]]]}},{"type":"Feature","id":"US-Kansas","properties":{"name":"Kansas","country":"US"},"geometry":{"type":"Polygon","coordinates":[[[-102.05289432564325,40.0028957110471],[-101.1304457694577,40.002036651356505],[-100.75715919419194,40.002036651356505],[-99.81317487404874,40.00117759166591],[-98.83329761397613,40.002036651356505],[-98.24824269312693,40.002036651356505],[-97.24682966909668,40.00117759166591],[-96.30284534895348,40.00031853197531],[-95.78598701397013,40.00031853197531],[-95.30861091290913,40.00031853197531],[-95.25118220902209,39.9487749505395],[-95.20452138711387,39.939325293942936],[-95.20093209312093,39.902385727247264],[-95.1542712712127,39.90754008539085],[-95.13632480124801,39.87661393652936],[-95.04300315743157,39.864587100861],[-95.01428880548805,39.89980854817548],[-94.92814574965749,39.88864077219772],[-94.94250292562926,39.864587100861],[-94.91737786767867,39.836238131071305],[-94.87789563375634,39.82678847447474],[-94.89225280972809,39.790707967469665],[-94.92455645566456,39.789848907779074],[-94.91378857368574,39.758922758917585],[-94.87071704577045,39.77266771396713],[-94.8743063397634,39.73057378912789],[-94.91019927969279,39.7254194309843],[-94.95686010160101,39.74603686355863],[-94.97480657156571,39.68160738676386],[-95.0286459814598,39.66528525264252],[-95.05377103941039,39.63006380532805],[-95.04659245142452,39.59484235801357],[-95.10761044930449,39.574224925439246],[-95.10402115531154,39.532990060290594],[-95.05018174541745,39.497768612976124],[-95.04659245142452,39.47285588194881],[-94.98916374753748,39.44622503154031],[-94.94609221962219,39.393822390413895],[-94.89584210372104,39.393822390413895],[-94.87789563375634,39.37578213691136],[-94.91019927969279,39.35430564464644],[-94.88866351573515,39.28643992908928],[-94.82405622386223,39.24176882517825],[-94.83482410584105,39.21771515384153],[-94.78098469594696,39.20654737786377],[-94.76303822598226,39.17991652745527],[-94.71278811008109,39.170466870858704],[-94.68048446414464,39.18421182590825],[-94.66253799417994,39.15758097549975],[-94.59075211432113,39.155003796427955],[-94.60869858428583,39.119782349113486],[-94.60869858428583,38.73835984648846],[-94.61228787827878,38.63527268361683],[-94.61228787827878,38.037367138961386],[-94.61587717227172,37.99269603505034],[-94.61587717227172,37.32348853607535],[-94.61946646626465,37.24015974608746],[-94.61946646626465,36.998763973029725],[-95.5132006705067,36.99962303272032],[-96.21670229312292,36.998763973029725],[-96.82329297792977,36.998763973029725],[-97.60575906839068,36.998763973029725],[-98.35233221892219,36.99790491333913],[-99.27837006910069,36.99962303272032],[-99.6480673503735,36.99962303272032],[-100.20081862528625,37.002200211792115],[-100.7356234302343,36.998763973029725],[-101.48578587475875,36.995327734267335],[-102.04212644366443,36.99275055519555],[-102.04212644366443,37.92826655825558],[-102.04571573765737,38.045957735867354],[-102.04571573765737,39.13696354292542],[-102.0493050316503,39.30276206321062],[-102.0493050316503,39.67559396892968],[-102.05289432564325,40.0028957110471]]]}},{"type":"Feature","id":"US-Maine","properties":{"name":"Maine","country":"US"},"geometry":{"type":"MultiPolygon","coordinates":[[[[-68.37095949589495,44.19338888177881],[-68.3207093799938,44.19940229961299],[-68.34583443794438,44.1693352104421],[-68.37095949589495,44.19338888177881]]],[[[-68.5001740796408,44.159885553845534],[-68.47504902169021,44.23118750816507],[-68.45351325773258,44.20197947868478],[-68.38531667186672,44.15473119570195],[-68.43915608176081,44.11607350962509],[-68.45710255172551,44.14528153910538],[-68.5001740796408,44.159885553845534]]],[[[-68.52888843158432,44.344583387323866],[-68.5181205496055,44.38066389432893],[-68.47863831568316,44.31967065629656],[-68.52888843158432,44.344583387323866]]],[[[-68.84115700897009,44.236341866308656],[-68.79090689306894,44.23805998568985],[-68.78013901109011,44.202838538375374],[-68.84115700897009,44.236341866308656]]],[[[-68.91294288882888,43.85320124430243],[-68.88422853688537,43.88498645285452],[-68.88063924289243,43.820556976059756],[-68.91294288882888,43.85320124430243]]],[[[-68.94524653476535,44.1126372708627],[-68.91653218282183,44.147858718177176],[-68.82679983299833,44.186516404254036],[-68.78731759907599,44.14356341972419],[-68.81962124501244,44.136690942199415],[-68.76937112911129,44.06968428633286],[-68.80885336303363,44.03618095839958],[-68.87346065490655,44.025013182421816],[-68.91653218282183,44.04563061499614],[-68.89858571285713,44.067107107261066],[-68.90935359483595,44.11006009179091],[-68.94524653476535,44.1126372708627]]],[[[-68.96678229872299,44.2518049407394],[-68.92012147681477,44.31022099969999],[-68.91294288882888,44.36520081989819],[-68.88063924289243,44.386677312163116],[-68.85910347893478,44.364341760207594],[-68.89140712487125,44.3342746710367],[-68.8878178308783,44.30334852217521],[-68.91653218282183,44.24321434383343],[-68.95242512275122,44.21830161280612],[-68.96678229872299,44.2518049407394]]],[[[-70.70400059130591,43.059430090190894],[-70.8296258810588,43.12901392512924],[-70.8296258810588,43.18828904378043],[-70.80809011710117,43.224369550785504],[-70.9552511708117,43.33432919118191],[-70.98755481674817,43.37985935478354],[-70.95884046480465,43.466624383533826],[-70.9731976407764,43.475214980439794],[-70.95166187681876,43.550812233212326],[-70.9731976407764,43.570570606096055],[-70.9911441107411,43.83945628925289],[-70.9911441107411,43.91591260171601],[-71.03062634466345,44.65556299531995],[-71.08446575455754,45.30587118110181],[-71.0090905807058,45.318757076460756],[-71.0090905807058,45.34710604625045],[-70.91935823088231,45.31188459893598],[-70.92294752487524,45.2792403306933],[-70.89782246692467,45.24230076399763],[-70.85834023300232,45.22941486863868],[-70.8116794110941,45.30243494233942],[-70.80450082310823,45.37631407573075],[-70.82603658706587,45.40036774706746],[-70.78296505915058,45.43129389592895],[-70.75425070720706,45.42871671685716],[-70.71117917929179,45.3909180904709],[-70.63580400544005,45.38318655325553],[-70.63221471144712,45.4166898811888],[-70.71835776727767,45.487991835508346],[-70.72194706127061,45.515481745607445],[-70.64298259342593,45.607401132501316],[-70.59273247752478,45.630595744147435],[-70.55325024360243,45.6675353108431],[-70.52453589165891,45.6666762511525],[-70.47069648176482,45.70189769846698],[-70.38455342593426,45.734541966709656],[-70.41685707187072,45.79553520474204],[-70.34148189801898,45.85223314432144],[-70.25892813618135,45.8908908303983],[-70.24098166621665,45.938998173071724],[-70.26610672416724,45.96305184440843],[-70.3163568400684,45.96305184440843],[-70.3163568400684,46.019749783987834],[-70.280463900139,46.05239405223052],[-70.30917825208252,46.06442088789887],[-70.25533884218842,46.108232932119314],[-70.23739237222372,46.14774967788677],[-70.29123178211782,46.185548304273034],[-70.23380307823078,46.28434016869168],[-70.20508872628726,46.299803243122426],[-70.2086780202802,46.331588451674506],[-70.14766002240022,46.35907836177361],[-70.09740990649907,46.40976288351883],[-70.05792767257672,46.4166353610436],[-69.99690967469675,46.694970700797],[-69.22521146621466,47.459533825428245],[-69.17855064430644,47.45695664635645],[-69.08163970649706,47.424312378113775],[-69.04215747257473,47.42774861687616],[-69.05292535455355,47.37792315482154],[-69.0493360605606,47.25679573844738],[-69.03497888458884,47.24133266401663],[-68.90217500685007,47.178621306603056],[-68.81244265702657,47.21556087329873],[-68.71912101321013,47.24133266401663],[-68.61862078140781,47.24305078339783],[-68.57913854748547,47.28772188730886],[-68.47145972769728,47.29717154390543],[-68.38172737787377,47.28686282761827],[-68.38172737787377,47.340124528435275],[-68.32429867398673,47.359882901319004],[-68.23456632416324,47.354728543175426],[-68.15201256232562,47.32380239431394],[-68.13765538635386,47.29631248421484],[-68.01920868458684,47.23789642525424],[-67.88999410084101,47.124500546095454],[-67.88999410084101,47.1116146507365],[-67.7894938690387,47.06780260651606],[-67.7894938690387,46.59961507514075],[-67.77872598705987,46.004286709557086],[-67.7823152810528,45.943293471524704],[-67.75001163511635,45.9175216808068],[-67.80385104501045,45.88401835287352],[-67.7536009291093,45.823884174531734],[-67.80744033900339,45.79467614505144],[-67.80385104501045,45.67784402713026],[-67.72129728317283,45.66238095269952],[-67.71052940119401,45.67956214651146],[-67.67463646126461,45.630595744147435],[-67.60643987539875,45.60654207281072],[-67.49876105561056,45.58678369992699],[-67.4485109397094,45.603105834048336],[-67.41979658776587,45.549844133231325],[-67.41620729377294,45.5017367905579],[-67.46286811568116,45.50860926808267],[-67.50235034960349,45.48970995488954],[-67.47722529165291,45.43129389592895],[-67.41979658776587,45.377173135421344],[-67.45210023370234,45.314461778007775],[-67.48799317363174,45.2792403306933],[-67.40543941179412,45.17958940658406],[-67.40543941179412,45.15983103370033],[-67.3408321199212,45.125468646076456],[-67.29417129801298,45.149522317413165],[-67.29058200402004,45.18903906318062],[-67.22597471214712,45.16326727246272],[-67.15777812628126,45.160690093390926],[-67.11111730437304,45.1125827507175],[-67.08958154041541,45.068770706497055],[-67.11829589235892,45.056743870828704],[-67.08240295242952,45.0292539607296],[-67.03933142451424,44.945066111051105],[-66.98549201462015,44.91242184280842],[-66.9819027206272,44.811052799317984],[-67.02497424854248,44.768099814788144],[-67.06086718847189,44.76981793416933],[-67.07522436444364,44.74232802407023],[-67.19008177221772,44.645254279032784],[-67.27622482804829,44.62377778676786],[-67.26186765207652,44.60487847357473],[-67.31570706197061,44.598005996049956],[-67.29417129801298,44.63408650305502],[-67.30852847398474,44.70710657675576],[-67.40543941179412,44.68133478603785],[-67.36236788387883,44.63150932398323],[-67.40543941179412,44.594569757287566],[-67.44492164571646,44.60573753326533],[-67.49158246762468,44.555912071210706],[-67.5382432895329,44.57137514564145],[-67.5741362294623,44.561066429354284],[-67.5669576414764,44.53099934018339],[-67.50952893758938,44.49663695255952],[-67.58849340543405,44.4476705501955],[-67.63515422734227,44.487187295962954],[-67.65668999129991,44.53615369832698],[-67.70335081320813,44.52756310142101],[-67.71411869518695,44.494918833178325],[-67.74283304713047,44.49749601225012],[-67.76795810508105,44.548180533995335],[-67.79308316303162,44.494918833178325],[-67.82538680896809,44.48289199750997],[-67.85410116091161,44.4193215804058],[-67.87922621886219,44.43564371452714],[-67.90076198281983,44.394408849378486],[-67.91511915879158,44.43048935638355],[-67.98690503865039,44.386677312163116],[-68.00485150861509,44.409871923809234],[-68.04792303653036,44.33083843227431],[-68.1053517404174,44.364341760207594],[-68.1053517404174,44.395267909069084],[-68.1412446803468,44.37722765556655],[-68.18072691426914,44.38495919278192],[-68.17354832628327,44.32826125320253],[-68.2309770301703,44.267268015170146],[-68.19149479624797,44.23891904538045],[-68.31712008600086,44.225174090330896],[-68.39967384783847,44.252664000429995],[-68.45710255172551,44.344583387323866],[-68.43556678776788,44.36949611835118],[-68.3566023199232,44.39269072999729],[-68.38890596585966,44.43134841607415],[-68.43556678776788,44.40128132690326],[-68.42838819978199,44.43907995328953],[-68.46428113971139,44.436502774217736],[-68.46069184571846,44.37808671525715],[-68.47863831568316,44.37808671525715],[-68.47863831568316,44.433066535455346],[-68.56478137151372,44.38495919278192],[-68.54683490154902,44.35489210361103],[-68.56837066550665,44.317952536915364],[-68.5181205496055,44.26039553764537],[-68.52888843158432,44.221737851568506],[-68.61144219342194,44.155590255392546],[-68.57913854748547,44.14614059879598],[-68.62221007540076,44.11950974838748],[-68.58272784147842,44.07140240571405],[-68.60067431144311,44.01212728706286],[-68.65810301533016,44.00353669015689],[-68.66887089730898,44.07655676385763],[-68.64733513335133,44.07999300262002],[-68.65810301533016,44.12724128560285],[-68.71912101321013,44.16589897167971],[-68.7334781891819,44.22087879187791],[-68.67963877928779,44.26469083609835],[-68.74783536515365,44.29905322372223],[-68.726299601196,44.32138877567775],[-68.76219254112542,44.32997937258372],[-68.82679983299833,44.31193911908118],[-68.82321053900539,44.40901286411864],[-68.78372830508305,44.4468114905049],[-68.78013901109011,44.48976447503474],[-68.80526406904069,44.5017913107031],[-68.83038912699126,44.46227456493564],[-68.88063924289243,44.42791217731177],[-68.92012147681477,44.456261147101465],[-68.94524653476535,44.428771237002366],[-68.99908594465944,44.425334998239975],[-68.94883582875829,44.355751163301626],[-68.9596037107371,44.314516298152974],[-69.00267523865239,44.294757925269245],[-69.03856817858178,44.233764687236864],[-69.05292535455355,44.171912389513885],[-69.09958617646177,44.10490573364733],[-69.03138959059591,44.079133942929424],[-69.07805041250413,44.05508027159271],[-69.04215747257473,44.006113869228685],[-69.07805041250413,43.973469600986],[-69.1749613503135,43.97690583974839],[-69.22162217222171,43.91505354202541],[-69.27546158211582,43.914194482334814],[-69.2826401701017,43.86436902028019],[-69.32212240402404,43.85663748306482],[-69.32212240402404,43.901308586975865],[-69.29699734607345,43.933093795527945],[-69.32930099200992,43.9459796908869],[-69.34006887398874,43.920207900169],[-69.38314040190401,43.909040124191236],[-69.36519393193932,43.96487900408003],[-69.42980122381223,43.95714746686466],[-69.4262119298193,43.91247636295362],[-69.48364063370633,43.88069115440154],[-69.50158710367104,43.83773816987169],[-69.54465863158632,43.88155021409214],[-69.55183721957219,43.84117440863408],[-69.60567662946629,43.813684498534975],[-69.64874815738158,43.8360200504905],[-69.6595160393604,43.7793221109111],[-69.70617686126862,43.82313415513154],[-69.75283768317684,43.744100663596626],[-69.83539144501445,43.720906051950514],[-69.85333791497915,43.70458391782917],[-69.87128438494385,43.77588587214871],[-69.92871308883089,43.7801811706017],[-69.98255249872498,43.744100663596626],[-70.00049896868968,43.71059733566335],[-70.07228484854848,43.714033574425734],[-70.09740990649907,43.67193964958649],[-70.16919578635786,43.675375888348874],[-70.20508872628726,43.63328196350963],[-70.21585660826608,43.590328978979784],[-70.19791013830138,43.56541624795247],[-70.2266244902449,43.53792633785337],[-70.27328531215312,43.562839068880685],[-70.3522497799978,43.536208218472176],[-70.38455342593426,43.49669147270472],[-70.36301766197661,43.43913447343473],[-70.39173201392013,43.40219490673906],[-70.42762495384953,43.38930901138011],[-70.41685707187072,43.36096004159041],[-70.46710718777187,43.34034260901608],[-70.51735730367304,43.343778847778474],[-70.55325024360243,43.32230235551355],[-70.59273247752478,43.23811450583505],[-70.57478600756008,43.22179237171371],[-70.62503612346123,43.15306759646596],[-70.6214468294683,43.13416828327283],[-70.67169694536945,43.070597866168654],[-70.70400059130591,43.059430090190894]]]]}},{"type":"Feature","id":"US-Massachusetts","properties":{"name":"Massachusetts","country":"US"},"geometry":{"type":"MultiPolygon","coordinates":[[[[-70.27687460614607,41.310384560135596],[-70.23021378423785,41.28976712756127],[-70.12612425844259,41.29406242601425],[-70.06151696656967,41.3086664407544],[-70.01844543865438,41.368800619096184],[-69.96101673476734,41.27859935158351],[-69.96460602876029,41.252827560865605],[-70.00049896868968,41.23908260581605],[-70.1189456704567,41.24251884457844],[-70.26610672416724,41.29406242601425],[-70.27687460614607,41.310384560135596]]],[[[-70.83321517505175,41.35333754466544],[-70.76860788317883,41.35333754466544],[-70.70041129731297,41.43065291681916],[-70.6035003595036,41.48219649825498],[-70.56401812558126,41.46931060289602],[-70.53889306763068,41.40917642455424],[-70.48505365773657,41.38598181290812],[-70.44916071780717,41.420344200532],[-70.45275001180012,41.34818318652186],[-70.59991106551065,41.349042246212456],[-70.71117917929179,41.341310708997085],[-70.77578647116471,41.30093490353903],[-70.83321517505175,41.35333754466544]]],[[[-73.26316720827208,42.74587330312303],[-72.45916535385354,42.726973989929895],[-71.7448958492585,42.70721561704617],[-71.29264480614806,42.696906900759004],[-71.25675186621866,42.73642364652646],[-71.18137669236692,42.73728270621706],[-71.18496598635986,42.79054440703406],[-71.13112657646576,42.82147055589555],[-71.0629299905999,42.80600748146481],[-71.03062634466345,42.859269182281814],[-70.90141176091761,42.88675909238091],[-70.84757235102352,42.86098730166301],[-70.81885799908,42.87215507764077],[-70.8116794110941,42.81030277991779],[-70.77937576515765,42.693470661996614],[-70.68964341533415,42.65309485653856],[-70.64657188741887,42.689175363543626],[-70.59632177151771,42.65996733406333],[-70.65375047540475,42.58265196190961],[-70.73630423724236,42.576638544075436],[-70.87269740897409,42.546571454904544],[-70.8296258810588,42.5036184703747],[-70.89423317293173,42.46066548584485],[-70.91935823088231,42.46839702306023],[-70.93730470084701,42.41771250131501],[-70.95166187681876,42.45293394862948],[-70.9911441107411,42.407403785027846],[-70.95166187681876,42.34383336792367],[-70.99832269872698,42.35242396482964],[-71.01626916869168,42.32837029349293],[-70.98755481674817,42.30603474153741],[-71.00550128671287,42.28284012989129],[-70.9552511708117,42.27081329422293],[-70.93371540685406,42.30173944308442],[-70.88346529095291,42.3086119206092],[-70.85116164501645,42.26823611515115],[-70.76501858918589,42.24418244381443],[-70.72194706127061,42.20810193680936],[-70.71476847328474,42.168585191041906],[-70.639393299433,42.088692639816394],[-70.64298259342593,42.045739655286546],[-70.66810765137652,42.012236327353264],[-70.71117917929179,42.007941028900284],[-70.70041129731297,41.98732359632596],[-70.62503612346123,41.94351155210551],[-70.58196459554595,41.95038402963029],[-70.55325024360243,41.929766597055966],[-70.52453589165891,41.85846464273642],[-70.54248236162361,41.815511658206574],[-70.4958215397154,41.77427679305792],[-70.41326777787778,41.74420970388703],[-70.29123178211782,41.73390098759987],[-70.25892813618135,41.71414261471614],[-70.1907315503155,41.7519412411024],[-70.12253496444964,41.75881371862718],[-70.02562402664026,41.78716268841688],[-70.00408826268263,41.8086391806818],[-70.00767755667556,41.876504896238956],[-70.0292133206332,41.92890753736537],[-70.07587414254142,41.90227668695686],[-70.07587414254142,41.98560547694476],[-70.09382061250612,42.03285375992759],[-70.14766002240022,42.062061789407885],[-70.17996366833668,42.05604837157371],[-70.19791013830138,42.02254504364043],[-70.23739237222372,42.073229565385645],[-70.1907315503155,42.08267922198221],[-70.11535637646377,42.06721614755147],[-70.03280261462615,42.01739068549685],[-69.96819532275323,41.911726343553426],[-69.93589167681677,41.8094982403724],[-69.92871308883089,41.691807062760624],[-69.98255249872498,41.58098836267362],[-69.98973108671086,41.54318973628735],[-70.01485614466145,41.55092127350273],[-69.97178461674616,41.64713595884958],[-69.99690967469675,41.66689433173331],[-70.09023131851319,41.66259903328032],[-70.2445709602096,41.62823664565645],[-70.3522497799978,41.63510912318122],[-70.37737483794838,41.611055451844514],[-70.43839283582835,41.60504203401033],[-70.49223224572246,41.55178033319333],[-70.61067894748948,41.54318973628735],[-70.73271494324943,41.48649179670796],[-70.79014364713647,41.446115991249904],[-70.86551882098821,41.422062319913195],[-70.94807258282583,41.40917642455424],[-70.92653681886819,41.43151197650976],[-70.8009115291153,41.460720005990055],[-70.74348282522826,41.50109581144811],[-70.6573397693977,41.54318973628735],[-70.639393299433,41.57755212391123],[-70.64657188741887,41.67806210771107],[-70.62503612346123,41.71328355502554],[-70.71835776727767,41.73561910698106],[-70.71835776727767,41.684934585235844],[-70.74348282522826,41.6969614209042],[-70.75784000120001,41.654008436374355],[-70.80809011710117,41.65658561544615],[-70.8009115291153,41.62909570534705],[-70.91217964289643,41.61964604875048],[-70.93730470084701,41.57755212391123],[-70.93012611286113,41.53975349752497],[-70.95166187681876,41.514840766497656],[-71.04139422664227,41.49508239361393],[-71.08446575455754,41.50968640835408],[-71.12035869448694,41.49765957268572],[-71.13112657646576,41.66002185420854],[-71.19573386833868,41.67548492863928],[-71.2244482202822,41.710706375953755],[-71.2603411602116,41.7519412411024],[-71.32853774607746,41.780290210892105],[-71.34648421604216,41.82839755356553],[-71.33930562805628,41.89798138850388],[-71.38237715597155,41.892827030360294],[-71.38237715597155,42.019108804878044],[-71.7987352591526,42.007941028900284],[-71.80232455314552,42.023404103331025],[-72.5273619397194,42.034571879308785],[-72.60632640756407,42.031135640546395],[-72.75707675526755,42.03628999868998],[-72.76784463724637,42.0027866707567],[-72.81809475314753,41.99763231261312],[-72.81450545915459,42.03628999868998],[-73.00832733477334,42.03886717776177],[-73.43186402594026,42.050894013430124],[-73.48570343583435,42.050034953739534],[-73.507239199792,42.0861154607446],[-73.38520320403204,42.42544403853038],[-73.26316720827208,42.74587330312303]]]]}},{"type":"Feature","id":"US-Minnesota","properties":{"name":"Minnesota","country":"US"},"geometry":{"type":"Polygon","coordinates":[[[-97.22888319913199,49.00068691035909],[-96.93097179771797,48.999827850668495],[-95.97621959559595,48.999827850668495],[-95.1542712712127,48.998968790977905],[-95.1542712712127,49.384686592055914],[-95.05736033340332,49.35290138350383],[-94.95686010160101,49.37008257731576],[-94.85277057580575,49.32455241371413],[-94.82405622386223,49.29448532454324],[-94.77380610796108,49.12095526704266],[-94.74868105001049,49.09947877477774],[-94.68407375813757,48.883854792437916],[-94.70560952209522,48.82457967378673],[-94.69125234612346,48.7781904504945],[-94.6410022302223,48.74125088379883],[-94.53691270442704,48.70259319772197],[-94.45076964859648,48.692284481434804],[-94.42205529665296,48.70860661555615],[-94.2641263609636,48.699156958959584],[-94.22464412704127,48.64933149690496],[-94.00569719347193,48.64331807907078],[-93.83341108181081,48.62527782556825],[-93.80469672986729,48.568579885988854],[-93.81546461184611,48.526485961149604],[-93.79392884788848,48.51617724486244],[-93.643178500185,48.517895364243635],[-93.6252320302203,48.53078125960259],[-93.54626756237562,48.529063140221396],[-93.463713800538,48.54624433403333],[-93.46730309453095,48.587479199181985],[-93.34885639276392,48.62699594494944],[-93.20887392703926,48.64245901938018],[-93.17657028110281,48.62355970618705],[-92.98633769947699,48.62355970618705],[-92.72790853198532,48.53937185650856],[-92.63458688816888,48.54280809527094],[-92.63099759417594,48.5007141704317],[-92.6991941800418,48.49470075259752],[-92.71355135601355,48.46291554404543],[-92.65612265212651,48.43628469363693],[-92.50896159841598,48.44745246961469],[-92.45512218852188,48.40106324632246],[-92.47665795247953,48.371855216842164],[-92.45512218852188,48.329761292002914],[-92.36897913269132,48.22066071129711],[-92.27924678286783,48.24385532294322],[-92.30796113481135,48.31601633695336],[-92.26130031290313,48.35467402303022],[-92.20746090300902,48.345224366433655],[-92.05671055530554,48.35896932148321],[-91.99928185141852,48.321170695096946],[-92.00646043940439,48.26533181520814],[-91.9454424415244,48.23011036789367],[-91.89519232562326,48.23784190510904],[-91.86288867968679,48.206915756247554],[-91.71572762597626,48.19918421903218],[-91.69778115601156,48.14162721976219],[-91.71213833198331,48.11499636935368],[-91.64035245212452,48.09695611585115],[-91.5577986902869,48.10812389182891],[-91.56856657226572,48.043694415034146],[-91.48960210442104,48.067748086370855],[-91.43935198851987,48.048848773177724],[-91.37115540265403,48.06946620575205],[-91.24911940689407,48.084070220492194],[-91.08401188321884,48.18114396552965],[-91.02299388533885,48.19231174150741],[-90.97633306343063,48.21980165160651],[-90.88660071360714,48.245573442324414],[-90.83635059770597,48.23440566634665],[-90.83635059770597,48.17684866707666],[-90.775332599826,48.16224465233652],[-90.79686836378363,48.139909100381],[-90.76097542385423,48.098674235232345],[-90.70354671996719,48.09609705616055],[-90.5779214302143,48.121009787187866],[-90.55638566625666,48.09609705616055],[-90.46665331643317,48.10898295151951],[-90.37333167261673,48.09351987708877],[-90.30513508675087,48.10468765306652],[-90.13284897508974,48.1115601305913],[-90.02875944929448,48.087506459254584],[-89.99645580335803,48.03080851967519],[-89.87441980759807,47.98527835607355],[-89.82058039770398,48.01534544524444],[-89.74879451784517,48.02307698245982],[-89.70213369593695,48.00589578864788],[-89.61957993409933,48.01105014679146],[-89.58009770017699,47.99558707236071],[-89.4903653503535,48.014486385553845],[-89.58727628816288,47.96637904288042],[-89.62316922809228,47.98356023669236],[-89.63752640406403,47.95435220721206],[-89.69854440194402,47.94146631185311],[-89.79186604576046,47.89164084979849],[-89.92466992349924,47.8624328203182],[-89.97492003940039,47.83064761176611],[-90.16156332703326,47.79284898537985],[-90.33384943869439,47.74645976208761],[-90.38768884858848,47.74130540394403],[-90.53843919629196,47.70264771786717],[-90.55279637226371,47.690620882198814],[-90.73585036590366,47.624473286022855],[-90.86865424364244,47.556607570465694],[-91.12708341113411,47.39939964708646],[-91.18810140901408,47.340124528435275],[-91.38551257862578,47.18721190350903],[-91.47883422244222,47.12535960578605],[-91.57215586625865,47.090138158471575],[-91.66547751007509,47.01454090569905],[-91.70495974399743,47.005091249102485],[-91.80545997579975,46.93378929478294],[-91.84135291572915,46.92519869787697],[-92.06029984929849,46.81008469933698],[-92.09260349523495,46.788608207072066],[-92.06388914329143,46.74565522254222],[-92.01363902739027,46.70613847677476],[-92.08901420124201,46.74909146130461],[-92.13926431714317,46.739641804708036],[-92.15003219912198,46.71472907368073],[-92.20746090300902,46.70270223801237],[-92.17515725707257,46.68638010389103],[-92.21463949099491,46.64944053719537],[-92.29360395883958,46.663185492244914],[-92.29360395883958,46.07472960418603],[-92.32949689876898,46.066139007280064],[-92.35103266272662,46.015454485534846],[-92.43717571855719,46.02146790336903],[-92.47306865848658,45.973360560695596],[-92.52331877438775,45.98452833667336],[-92.55203312633125,45.95188406843068],[-92.64176547615476,45.93212569554695],[-92.71355135601355,45.891749890088896],[-92.78533723587235,45.76460905588055],[-92.86430170371703,45.722515131041305],[-92.88942676166761,45.62458232631325],[-92.88583746767468,45.57905216271162],[-92.81046229382294,45.561011909209086],[-92.77456935389354,45.568743446424456],[-92.72431923799238,45.54125353632536],[-92.72790853198532,45.514622685916855],[-92.64535477014769,45.441602612216116],[-92.64894406414064,45.39864962768627],[-92.70278347403473,45.35827382222821],[-92.6991941800418,45.333361091200906],[-92.76021217792177,45.291267166361656],[-92.7530335899359,45.21309273451734],[-92.76739076590765,45.18560282441824],[-92.74585500195002,45.107428392573915],[-92.80328370583706,45.057602930519295],[-92.76380147191472,45.028394901039],[-92.7709800599006,44.972556021150204],[-92.74944429594295,44.937334573835734],[-92.77456935389354,44.90125406683066],[-92.76380147191472,44.836824590035896],[-92.80687299982999,44.768099814788144],[-92.7889265298653,44.737173665926655],[-92.73149782597825,44.713979054280536],[-92.62022971219712,44.6392408611986],[-92.62381900619006,44.61862342862428],[-92.5735688902889,44.60487847357473],[-92.54126524435245,44.56707984718847],[-92.36180054470545,44.55934830997309],[-92.31872901679016,44.544744295232945],[-92.28283607686076,44.47773763936639],[-92.23258596095961,44.445093371123704],[-92.05312126131261,44.40128132690326],[-91.97415679346793,44.367777998969984],[-91.92390667756678,44.333415611346105],[-91.92390667756678,44.28788544774447],[-91.89519232562326,44.274999552385516],[-91.87724585565856,44.202838538375374],[-91.81622785777857,44.164180852298514],[-91.7193169199692,44.128959404984045],[-91.70854903799038,44.10404667395673],[-91.57933445424455,44.02673130180301],[-91.43935198851987,44.0018185707757],[-91.38551257862578,43.95457028779287],[-91.27783375883759,43.83773816987169],[-91.24553011290112,43.77330869307692],[-91.27424446484464,43.67623494803947],[-91.26706587685877,43.61524171000709],[-91.23117293692937,43.58345650145501],[-91.24553011290112,43.54565787506874],[-91.2168157609576,43.50012771146711],[-91.94903173551735,43.50012771146711],[-92.7530335899359,43.50012771146711],[-93.16939169311692,43.49926865177651],[-93.96980425354253,43.49926865177651],[-94.61587717227172,43.50012771146711],[-95.73932619206191,43.50012771146711],[-96.45359569665696,43.50012771146711],[-96.45359569665696,44.54388523554235],[-96.45000640266402,44.63065026429263],[-96.45359569665696,44.8900862908529],[-96.45359569665696,45.30157588264882],[-96.48948863658636,45.357414762537616],[-96.6187032203322,45.408099284282834],[-96.68331051220511,45.411535523045224],[-96.73356062810628,45.45878380602805],[-96.76586427404274,45.52149516344163],[-96.85918591785918,45.60568301312012],[-96.84123944789448,45.64519975888758],[-96.75150709807097,45.69846145970459],[-96.6725426302263,45.73196478763787],[-96.62947110231102,45.78608554814547],[-96.57922098640987,45.82560229391293],[-96.5648638104381,45.935561934309334],[-96.57922098640987,46.02662226151261],[-96.55768522245222,46.058407470064694],[-96.59716745637456,46.219910691896914],[-96.6007567503675,46.330729391983915],[-96.64741757227571,46.35392400363003],[-96.71920345213452,46.43811185330853],[-96.73714992209922,46.48020577814778],[-96.75150709807097,46.582433881328804],[-96.79098933199332,46.63140028369283],[-96.79816791997919,46.66490361162611],[-96.7802214500145,46.7233196705867],[-96.80175721397214,46.81953435593355],[-96.78381074400744,46.8341383706737],[-96.7622749800498,46.93464835447354],[-96.78381074400744,46.92519869787697],[-96.82329297792977,46.96901074209741],[-96.81970368393684,47.115909949189486],[-96.83765015390154,47.1949434407244],[-96.84482874188741,47.29287624545245],[-96.83406085990859,47.335829229982295],[-96.85918591785918,47.424312378113775],[-96.85559662386623,47.6107283309733],[-96.87354309383093,47.613305510045095],[-96.89866815178151,47.68976182250822],[-96.93815038570385,47.76879531404313],[-96.96686473764737,47.78339932878328],[-97.00634697156971,47.87016435753357],[-97.01711485354853,47.91998981958819],[-97.05659708747088,47.94919784906848],[-97.07454355743558,48.05314407163071],[-97.1319722613226,48.139909100381],[-97.14274014330142,48.23440566634665],[-97.11761508535085,48.27993582994829],[-97.14632943729437,48.359828381173806],[-97.13556155531555,48.40449948508484],[-97.13915084930849,48.49641887197871],[-97.16427590725907,48.54710339372393],[-97.13915084930849,48.61239193020929],[-97.10684720337203,48.63300936278362],[-97.0960793213932,48.68627106360063],[-97.14991873128731,48.75499583884838],[-97.17863308323082,48.861519240482394],[-97.20016884718846,48.88213667305672],[-97.23965108111081,48.96632452273522],[-97.22888319913199,49.00068691035909]]]}},{"type":"Feature","id":"US-New-Jersey","properties":{"name":"New Jersey","country":"US"},"geometry":{"type":"Polygon","coordinates":[[[-75.56031536375363,39.63006380532805],[-75.51006524785248,39.685902685216845],[-75.47776160191601,39.713392595315945],[-75.45981513195132,39.76579523644236],[-75.41674360403604,39.801875743447425],[-75.35572560615606,39.839674369833695],[-75.21933243442435,39.86115086209861],[-75.12960008460084,39.89980854817548],[-75.12960008460084,39.959083666826665],[-75.07217138071381,39.98056015909158],[-75.04704632276322,40.008909128881285],[-74.92501032700326,40.07076142660426],[-74.86040303513035,40.08364732196321],[-74.81733150721507,40.12745936618366],[-74.78143856728568,40.12058688865888],[-74.72042056940569,40.15409021659216],[-74.77067068530685,40.21508345462454],[-74.84245656516565,40.25030490193901],[-74.86758162311622,40.29497600585005],[-74.94295679696796,40.34136522914228],[-74.96808185491855,40.39978128810287],[-75.05781420474204,40.41610342222422],[-75.07217138071381,40.45476110830108],[-75.06499279272792,40.536371778907785],[-75.10088573265732,40.568156987459865],[-75.1619037305373,40.563861689006885],[-75.19420737647376,40.57588852467524],[-75.20138596445965,40.64719047899478],[-75.17626090650906,40.67296226971269],[-75.20497525845258,40.69186158290582],[-75.17267161251613,40.77776755196551],[-75.13318937859378,40.77347225351253],[-75.05063561675617,40.87054599854998],[-75.13677867258673,40.97363316142161],[-75.09011785067851,41.01486802657026],[-75.02551055880559,41.03978075759757],[-74.96808185491855,41.087888100270995],[-74.9824390308903,41.10850553284532],[-74.92142103301033,41.13857262201621],[-74.88193879908799,41.18066654685546],[-74.83168868318683,41.28718994848948],[-74.75272421534216,41.34646506714066],[-74.69529551145511,41.357632843118424],[-74.3794376400764,41.20901551664516],[-73.90565083300832,40.99768683275832],[-73.8948829510295,40.98136469863698],[-73.96666883088831,40.82072053649536],[-74.00974035880358,40.76488165660656],[-74.02409753477535,40.70904277671776],[-74.04563329873298,40.69014346352463],[-74.07075835668357,40.66093543404433],[-74.20356223442234,40.63086834487344],[-74.2179194103941,40.5587073308633],[-74.25022305633055,40.54496237581375],[-74.26099093830938,40.502009391283906],[-74.26099093830938,40.46506982458824],[-74.19279435244353,40.441016153251525],[-74.13536564855649,40.45647922768227],[-74.04922259272593,40.418680601296],[-73.99897247682476,40.41094906408063],[-73.98461530085301,40.448747690466895],[-73.97025812488124,40.371432318313175],[-73.98102600686006,40.279512931419305],[-74.03127612276123,40.12316406773067],[-74.07793694466945,39.91097632415323],[-74.09588341463414,39.76235899767997],[-74.23945517435175,39.555325612246115],[-74.27893740827407,39.51409074709746],[-74.31124105421054,39.50635920988209],[-74.30047317223172,39.47886929978299],[-74.33636611216112,39.431621016800165],[-74.40815199201992,39.37750025629256],[-74.41174128601286,39.36117812217122],[-74.52300939979399,39.31392983918838],[-74.63786680756807,39.22115139260392],[-74.71324198141981,39.119782349113486],[-74.79220644926448,38.99178245521455],[-74.86399232912329,38.94023887377873],[-74.93218891498915,38.928212038110374],[-74.97167114891148,38.94023887377873],[-74.95013538495385,39.01583612655126],[-74.89629597505974,39.09916491653916],[-74.88552809308094,39.158440035190345],[-74.96090326693266,39.19022524374243],[-75.02551055880559,39.193661482504815],[-75.04704632276322,39.21513797476974],[-75.11165361463614,39.212560795697954],[-75.13677867258673,39.181634646836464],[-75.16908231852318,39.20225207941079],[-75.17626090650906,39.242627884868845],[-75.24086819838197,39.274413093420925],[-75.2516360803608,39.30018488413884],[-75.28752902029021,39.28987616785167],[-75.3413684301843,39.34829222681226],[-75.36649348813488,39.34141974928749],[-75.4311007800078,39.39124521134211],[-75.4669937199372,39.439352554015535],[-75.53519030580306,39.46082904628046],[-75.51365454184541,39.581097402964026],[-75.5567260697607,39.60601013399133],[-75.56031536375363,39.63006380532805]]]}},{"type":"Feature","id":"US-North-Carolina","properties":{"name":"North Carolina","country":"US"},"geometry":{"type":"MultiPolygon","coordinates":[[[[-75.72542288742888,35.936107135761354],[-75.66081559555596,35.91978500164001],[-75.61774406764067,35.85621458453584],[-75.61415477364774,35.81583877907779],[-75.66799418354184,35.82357031629316],[-75.66081559555596,35.86222800237002],[-75.72542288742888,35.936107135761354]]],[[[-76.01256640686407,35.06845684825848],[-75.98385205492055,35.120000429694294],[-75.95513770297703,35.120000429694294],[-75.78644088530885,35.19387956308562],[-75.73260147541475,35.20418827937279],[-75.68235135951359,35.23253724916248],[-75.63927983159832,35.23425536854368],[-75.58185112771127,35.26432245771457],[-75.53519030580306,35.27291305462054],[-75.51724383583836,35.33648347172471],[-75.47776160191601,35.55296651375513],[-75.47776160191601,35.59935573704736],[-75.50647595385954,35.68096640765407],[-75.52801171781718,35.771167675166744],[-75.51724383583836,35.76944955578555],[-75.47776160191601,35.67838922858228],[-75.45981513195132,35.596778557975576],[-75.47058301393014,35.47994644005439],[-75.52442242382423,35.23425536854368],[-75.6105654796548,35.227382891018905],[-75.7900301793018,35.1724030708207],[-75.9443698209982,35.10539641495414],[-76.01256640686407,35.06845684825848]]],[[[-81.67647232772327,36.5881334409244],[-81.37497163231632,36.574388485874856],[-81.17756046270462,36.57181130680306],[-80.83657753337533,36.55892541144411],[-80.70377365563655,36.5623616502065],[-80.2945941404414,36.544321396703964],[-80.12230802878028,36.54260327732277],[-79.5121280499805,36.540885157941574],[-78.51071502595026,36.540885157941574],[-78.2451072704727,36.544321396703964],[-77.29753365633655,36.544321396703964],[-76.91706849308493,36.543462337013366],[-76.91706849308493,36.552052933919335],[-76.80580037930379,36.55033481453814],[-76.375085100151,36.55033481453814],[-75.86540535315353,36.55033481453814],[-75.85822676516764,36.50050935248352],[-75.79720876728767,36.290039728287276],[-75.73978006340063,36.15430829717297],[-75.65722630156301,36.02029498543985],[-75.53160101181011,35.78748980928809],[-75.56390465774658,35.79951664495644],[-75.6285119496195,35.92493935978359],[-75.67876206552066,35.993664135031345],[-75.72542288742888,36.00311379162791],[-75.75772653336533,36.15259017779177],[-75.81515523725237,36.285744429834295],[-75.84386958919589,36.305502802718024],[-75.83310170721707,36.3390061306513],[-75.85104817718177,36.41546244311443],[-75.88694111711116,36.44123423383233],[-75.90129829308293,36.482469098980985],[-75.99103064290642,36.493636874958746],[-75.99461993689937,36.52799926258262],[-76.04128075880759,36.51081806877068],[-76.01974499484994,36.45841542764427],[-75.9623162909629,36.417180562495616],[-75.92283405704057,36.425771159401584],[-75.92283405704057,36.36821416013159],[-75.86899464714647,36.252241101901014],[-75.83669100121001,36.1998384607746],[-75.84028029520294,36.17750290881908],[-75.80079806128062,36.113073432024315],[-75.80079806128062,36.07269762656626],[-75.86899464714647,36.12767744676446],[-75.86540535315353,36.159462655316545],[-75.91206617506175,36.21186529644296],[-75.92283405704057,36.24450956468564],[-75.96590558495585,36.254818280972806],[-75.9443698209982,36.22217401273012],[-75.95513770297703,36.198120341393405],[-75.90488758707586,36.16461701346013],[-76.01615570085701,36.186093505725054],[-76.13101310863108,36.28746254921548],[-76.18485251852519,36.29777126550265],[-76.11665593265933,36.21444247551475],[-76.08076299272993,36.1998384607746],[-76.05922722877229,36.155167356863565],[-76.09153087470874,36.135408983979836],[-76.1776739305393,36.12338214831148],[-76.25304910439104,36.18437538634386],[-76.22792404644046,36.13025462583625],[-76.19203110651107,36.10706001419013],[-76.21715616446164,36.09503317852178],[-76.32842427824278,36.13369086459864],[-76.375085100151,36.13798616305162],[-76.3930315701157,36.162898894078936],[-76.45763886198861,36.18351632665326],[-76.375085100151,36.120804969239686],[-76.29970992629926,36.10104659635596],[-76.32483498424985,36.08472446223462],[-76.4109780400804,36.07785198470984],[-76.45763886198861,36.024590283892834],[-76.51506756587565,36.0056909706997],[-76.57608556375564,36.0065500303903],[-76.60479991569916,36.0331808807988],[-76.67658579555795,36.043489597085966],[-76.71965732347323,36.14743581964819],[-76.71965732347323,36.1998384607746],[-76.67658579555795,36.26684511664116],[-76.69453226552265,36.27801289261892],[-76.74478238142382,36.212724356133556],[-76.7519609694097,36.14743581964819],[-76.72324661746617,36.066684208732084],[-76.68376438354383,36.00053661255612],[-76.70171085350853,35.96445610555105],[-76.67299650156501,35.935248076070756],[-76.52942474184742,35.943838672976725],[-76.39662086410864,35.98421447843478],[-76.36431721817218,35.94212055359553],[-76.31765639626396,35.947274911739115],[-76.27099557435574,35.97304670245702],[-76.1776739305393,35.993664135031345],[-76.06281652276523,35.99280507534075],[-76.01256640686407,35.95758362802627],[-76.01256640686407,35.920644061330606],[-76.06281652276523,35.85363740546405],[-76.05204864078641,35.80638912248122],[-76.04487005280052,35.66550333322333],[-76.01256640686407,35.66979863167631],[-75.98744134891349,35.76859049609495],[-75.97667346693467,35.897449449684494],[-75.9264233510335,35.931811837308366],[-75.94795911499115,35.96016080709806],[-75.89770899908999,35.97734200091001],[-75.8079766492665,35.959301747407466],[-75.75054794537945,35.878550136491356],[-75.72542288742888,35.82271125660256],[-75.73978006340063,35.778040152691524],[-75.71465500545006,35.693852303013024],[-75.74336935739358,35.6723758107481],[-75.72901218142181,35.62598658745587],[-75.77567300333003,35.57959736416363],[-75.83669100121001,35.571006767257664],[-75.85822676516764,35.58646984168841],[-75.89411970509705,35.57272488663886],[-75.91565546905468,35.53836249901499],[-75.95154840898408,35.53063096179961],[-75.9623162909629,35.493691395103944],[-75.98744134891349,35.48424173850738],[-76.01256640686407,35.423248500475],[-76.05922722877229,35.41036260511604],[-76.06999511075111,35.370845859348584],[-76.13101310863108,35.34936936708367],[-76.1417809906099,35.32875193450934],[-76.23510263442634,35.350228426774265],[-76.3391921602216,35.346792188011875],[-76.43251380403804,35.362255262442616],[-76.45046027400274,35.38373175470754],[-76.48635321393213,35.37170491903918],[-76.54019262382623,35.41036260511604],[-76.58685344573445,35.50915446953469],[-76.47558533195331,35.51173164860648],[-76.45763886198861,35.55038933468334],[-76.55813909379094,35.52891284241842],[-76.60121062170622,35.53836249901499],[-76.63351426764268,35.51001352922528],[-76.60121062170622,35.46104712686126],[-76.57967485774857,35.38716799346993],[-76.60479991569916,35.38716799346993],[-76.7088894414944,35.427543798927985],[-76.75913955739557,35.41895320202202],[-76.83092543725436,35.44816123150231],[-76.9421935510355,35.473933022220216],[-77.02474731287313,35.51516788736887],[-77.02833660686606,35.490255156341554],[-76.96731860898609,35.43785251521515],[-76.89194343513435,35.43355721676216],[-76.66581791357913,35.34593312832128],[-76.5007103899039,35.32187945698456],[-76.47199603796038,35.29524860657606],[-76.46840674396744,35.26088621895218],[-76.49353180191801,35.212778876278755],[-76.54019262382623,35.166389652986524],[-76.5366033298333,35.14233598164981],[-76.56890697576975,35.096805818048175],[-76.62274638566386,35.06072531104311],[-76.80221108531084,34.96451062569625],[-76.98167578495784,35.06072531104311],[-76.97808649096491,35.004886431154304],[-76.89194343513435,34.957638148171476],[-76.76272885138852,34.92069858147581],[-76.63351426764268,34.98942335672356],[-76.58685344573445,34.99114147610476],[-76.48994250792508,35.01691326682266],[-76.47558533195331,35.07017496763967],[-76.43610309803098,35.058148131971315],[-76.42533521605216,35.00145019239192],[-76.39662086410864,34.97481934198341],[-76.33201357223572,34.97052404353043],[-76.36431721817218,35.034953520325196],[-76.29253133831338,35.01004078929789],[-76.2853527503275,34.93702071559715],[-76.34637074820748,34.87259123880238],[-76.4109780400804,34.861423462824625],[-76.4109780400804,34.83221543334433],[-76.45046027400274,34.81503423953239],[-76.5007103899039,34.74287322552225],[-76.52583544785448,34.68187998748987],[-76.58685344573445,34.69906118130181],[-76.58326415174152,34.76778595654956],[-76.61915709167091,34.7841080906709],[-76.61556779767797,34.71366519604195],[-76.67299650156501,34.707651778207776],[-76.52224615386153,34.65267195800958],[-76.43969239202391,34.758336299952994],[-76.3212456902569,34.861423462824625],[-76.23510263442634,34.92585293961939],[-76.06640581675816,35.077047445164446],[-76.03769146481464,35.05900719166191],[-76.13819169661696,34.98770523734237],[-76.23151334043341,34.90523550704506],[-76.31047780827808,34.85197380622806],[-76.38585298212982,34.784967150361496],[-76.45046027400274,34.71452425573255],[-76.52583544785448,34.615732391313905],[-76.5366033298333,34.588242481214806],[-76.55096050580505,34.6457994804848],[-76.67658579555795,34.69304776346763],[-76.81656826128261,34.69390682315822],[-77.03192590085901,34.661262554915545],[-77.13601542665427,34.63291358512585],[-77.20780130651306,34.60542367502674],[-77.32265871428714,34.53583984008839],[-77.4626411800118,34.47141036329363],[-77.55596282382824,34.41728960278602],[-77.68876670156702,34.32021585774857],[-77.73901681746817,34.272967574765744],[-77.82874916729168,34.16300793436934],[-77.87899928319283,34.06765230871308],[-77.91489222312222,33.97143762336623],[-77.94719586905869,33.91216250471504],[-77.96155304503044,33.852887386063856],[-78.00821386693866,33.85890080389803],[-78.01898174891748,33.888108833378325],[-78.09435692276922,33.906149086880866],[-78.17691068460684,33.91388062409624],[-78.27741091640917,33.91216250471504],[-78.38508973619736,33.90185378842788],[-78.51071502595026,33.86577328142281],[-78.53942937789378,33.85116926668266],[-78.87323371923719,34.13465896457964],[-79.24652029450294,34.44563857257572],[-79.35778840828408,34.54528949668496],[-79.67364627966279,34.804725523245224],[-79.89259321323213,34.80558458293582],[-80.15820096870968,34.811598000770005],[-80.79709529945299,34.82018859767597],[-80.78273812348124,34.93616165590655],[-80.9334884711847,35.10711453433534],[-81.04116729097291,35.04440317692176],[-81.0591137609376,35.062443430424295],[-81.03398870298703,35.10367829557295],[-81.04116729097291,35.14920845917459],[-81.2385784605846,35.16037623515235],[-81.6154543298433,35.174121190201895],[-82.290241600516,35.19903392122921],[-82.37279536235361,35.181852727417265],[-82.39074183231833,35.21535605535055],[-82.4338133602336,35.17068495143951],[-82.45893841818418,35.17841648865488],[-82.53072429804298,35.15522187700876],[-82.55226006200061,35.15951717546175],[-82.65634958779587,35.119141370003696],[-82.75684981959819,35.06759778856788],[-82.78197487754878,35.085638042070414],[-83.10860063090631,35.000591132701324],[-83.62186967189672,34.99200053579535],[-83.61828037790377,34.98684617765177],[-84.32178200052,34.988564297032966],[-84.28947835458354,35.22480571194711],[-84.21051388673887,35.266040577095765],[-84.19974600476004,35.243705025140244],[-84.09924577295773,35.247141263902634],[-84.02028130511304,35.301262024410235],[-84.03822777507774,35.350228426774265],[-84.00592412914129,35.37170491903918],[-84.02028130511304,35.40950354542545],[-83.95926330723307,35.462765246242455],[-83.91260248532485,35.47565114160141],[-83.88388813338133,35.51688600675006],[-83.82645942949429,35.523758484274836],[-83.7726200196002,35.562416170351696],[-83.48547650016499,35.56842958818588],[-83.44599426624266,35.61138257271572],[-83.36702979839798,35.638872482814826],[-83.34908332843328,35.66120803477034],[-83.31319038850388,35.655194616936164],[-83.25576168461684,35.69642948208482],[-83.24140450864509,35.72649657125571],[-83.18397580475805,35.72993281001809],[-83.15526145281453,35.76429519764197],[-83.07988627896279,35.78920792866928],[-82.99374322313223,35.77374485423854],[-82.90042157931579,35.87253671865718],[-82.91118946129461,35.92665747916479],[-82.87529652136521,35.95242926988269],[-82.8214571114711,35.9215031210212],[-82.74967123161231,36.0056909706997],[-82.6312245298453,36.06582514904149],[-82.5953315899159,36.03146276141761],[-82.6132780598806,35.971328583075824],[-82.5594386499865,35.95414738926389],[-82.45893841818418,36.00740909008089],[-82.40509900829008,36.087301641306404],[-82.35125959839598,36.117368730477295],[-82.290241600516,36.135408983979836],[-82.24717007260072,36.13111368552685],[-82.21486642666426,36.159462655316545],[-82.14666984079841,36.14915393902938],[-82.13231266482664,36.10620095449954],[-82.07847325493255,36.10620095449954],[-82.02822313903138,36.13025462583625],[-81.90977643726437,36.302066563955634],[-81.83440126341263,36.34759672755727],[-81.79491902949029,36.35790544384443],[-81.76620467754677,36.3381470709607],[-81.7051866796668,36.3381470709607],[-81.74107961959619,36.401717488064875],[-81.71595456164562,36.45755636795367],[-81.69441879768797,36.467865084240835],[-81.70877597365974,36.536589859488586],[-81.67647232772327,36.5881334409244]]]]}},{"type":"Feature","id":"US-North-Dakota","properties":{"name":"North Dakota","country":"US"},"geometry":{"type":"Polygon","coordinates":[[[-104.04854178571784,48.999827850668495],[-103.37375451504515,48.998968790977905],[-102.21800184931848,48.998968790977905],[-101.45707152281523,48.998968790977905],[-101.12685647546475,48.998968790977905],[-100.43412273482734,48.999827850668495],[-99.85983569595696,48.998968790977905],[-99.37528100691006,48.998968790977905],[-98.86919055390554,48.999827850668495],[-97.95033129171291,49.00068691035909],[-97.22888319913199,49.00068691035909],[-97.23965108111081,48.96632452273522],[-97.20016884718846,48.88213667305672],[-97.17863308323082,48.861519240482394],[-97.14991873128731,48.75499583884838],[-97.0960793213932,48.68627106360063],[-97.10684720337203,48.63300936278362],[-97.13915084930849,48.61239193020929],[-97.16427590725907,48.54710339372393],[-97.13915084930849,48.49641887197871],[-97.13556155531555,48.40449948508484],[-97.14632943729437,48.359828381173806],[-97.11761508535085,48.27993582994829],[-97.14274014330142,48.23440566634665],[-97.1319722613226,48.139909100381],[-97.07454355743558,48.05314407163071],[-97.05659708747088,47.94919784906848],[-97.01711485354853,47.91998981958819],[-97.00634697156971,47.87016435753357],[-96.96686473764737,47.78339932878328],[-96.93815038570385,47.76879531404313],[-96.89866815178151,47.68976182250822],[-96.87354309383093,47.613305510045095],[-96.85559662386623,47.6107283309733],[-96.85918591785918,47.424312378113775],[-96.83406085990859,47.335829229982295],[-96.84482874188741,47.29287624545245],[-96.83765015390154,47.1949434407244],[-96.81970368393684,47.115909949189486],[-96.82329297792977,46.96901074209741],[-96.78381074400744,46.92519869787697],[-96.7622749800498,46.93464835447354],[-96.78381074400744,46.8341383706737],[-96.80175721397214,46.81953435593355],[-96.7802214500145,46.7233196705867],[-96.79816791997919,46.66490361162611],[-96.79098933199332,46.63140028369283],[-96.75150709807097,46.582433881328804],[-96.73714992209922,46.48020577814778],[-96.71920345213452,46.43811185330853],[-96.64741757227571,46.35392400363003],[-96.6007567503675,46.330729391983915],[-96.59716745637456,46.219910691896914],[-96.55768522245222,46.058407470064694],[-96.57922098640987,46.02662226151261],[-96.5648638104381,45.935561934309334],[-97.31861554895548,45.934702874618736],[-97.98622423164231,45.935561934309334],[-98.41335021680216,45.93642099399993],[-99.31785230302303,45.93985723276232],[-100.0069967496675,45.941575352143516],[-100.64948037440374,45.943293471524704],[-101.55757175461754,45.9441525312153],[-101.99905491574916,45.9441525312153],[-103.04712876168762,45.9450115909059],[-103.66807662246622,45.9450115909059],[-104.04495249172491,45.9450115909059],[-104.04495249172491,48.37443239591395],[-104.04854178571784,48.3890364106541],[-104.04854178571784,48.999827850668495]]]}},{"type":"Feature","id":"US-Oklahoma","properties":{"name":"Oklahoma","country":"US"},"geometry":{"type":"Polygon","coordinates":[[[-103.0004679397794,37.00048209241092],[-102.77793171221711,36.99962303272032],[-102.69896724437244,36.995327734267335],[-102.04212644366443,36.99275055519555],[-101.48578587475875,36.995327734267335],[-100.7356234302343,36.998763973029725],[-100.20081862528625,37.002200211792115],[-99.6480673503735,36.99962303272032],[-99.27837006910069,36.99962303272032],[-98.35233221892219,36.99790491333913],[-97.60575906839068,36.998763973029725],[-96.82329297792977,36.998763973029725],[-96.21670229312292,36.998763973029725],[-95.5132006705067,36.99962303272032],[-94.61946646626465,36.998763973029725],[-94.61946646626465,36.49965029279292],[-94.59793070230702,36.38797253301532],[-94.57280564435644,36.21100623675236],[-94.5512698803988,36.101905656046554],[-94.50101976449764,35.796939465884655],[-94.48666258852587,35.72649657125571],[-94.43282317863178,35.3940404709947],[-94.44000176661766,35.120000429694294],[-94.45076964859648,34.8957858504485],[-94.45435894258942,34.69390682315822],[-94.4615375305753,34.54786667575675],[-94.46871611856118,34.18963878477784],[-94.48666258852587,33.638122463414625],[-94.51896623446234,33.61664597114971],[-94.5871628203282,33.67935732856328],[-94.64459152421524,33.66818955258552],[-94.64818081820817,33.687947925469246],[-94.70919881608816,33.687088865778655],[-94.77380610796108,33.75495458133581],[-94.82764551785517,33.741209626286256],[-94.87071704577045,33.745504924739244],[-94.94609221962219,33.8125115806058],[-94.97121727757278,33.86233704266042],[-95.05018174541745,33.864055162041616],[-95.13273550725506,33.93707523574235],[-95.22964644506445,33.961128907079065],[-95.25477150301502,33.902712848118476],[-95.29425373693736,33.87522293801938],[-95.34091455884558,33.869209520185194],[-95.46295055460554,33.872645758947584],[-95.46295055460554,33.88553165430654],[-95.53832572845728,33.87951823647236],[-95.56345078640786,33.93192087759877],[-95.59934372633725,33.93449805667056],[-95.68548678216781,33.88982695275952],[-95.75727266202662,33.89240413183131],[-95.75368336803368,33.85374644575445],[-95.8003441899419,33.861477982969824],[-95.83264783587835,33.83484713256132],[-95.93673736167361,33.88724977368773],[-95.94032665566655,33.861477982969824],[-96.04800547545474,33.83656525194252],[-96.10184488534885,33.84773302792027],[-96.09825559135591,33.830551834108334],[-96.14850570725707,33.83742431163311],[-96.1772200592006,33.76010893947939],[-96.22747017510174,33.74808210381103],[-96.2956667609676,33.764404237932375],[-96.32079181891818,33.694820402994026],[-96.36386334683347,33.69224322392223],[-96.3674526408264,33.711142537115364],[-96.42847063870639,33.77900825267252],[-96.50384581255813,33.77385389452894],[-96.53256016450165,33.822820296892964],[-96.57204239842397,33.819384058130574],[-96.62947110231102,33.845155848848485],[-96.58639957439574,33.894981310903106],[-96.67613192421923,33.90872626595265],[-96.70484627616275,33.83484713256132],[-96.76945356803567,33.827115595345944],[-96.78381074400744,33.86319610235102],[-96.83047156591566,33.87522293801938],[-96.85200732987329,33.84687396822968],[-96.88431097580975,33.8683504604946],[-96.9058467397674,33.949961131101304],[-96.9237932097321,33.95941078769787],[-96.97404332563325,33.93621617605176],[-96.99557908959089,33.94910207141071],[-96.98481120761207,33.88639071399714],[-97.04223991149911,33.83742431163311],[-97.08890073340733,33.85374644575445],[-97.04941849948499,33.81766593874938],[-97.0960793213932,33.79876662555625],[-97.08531143941438,33.74378680535805],[-97.12479367333673,33.71715595494955],[-97.16427590725907,33.7291827906179],[-97.20734743517434,33.80993440153401],[-97.17145449524494,33.83570619225192],[-97.17863308323082,33.89240413183131],[-97.21093672916729,33.91645780316803],[-97.24682966909668,33.90013566904668],[-97.25400825708256,33.864055162041616],[-97.30066907899078,33.880377296162955],[-97.33297272492725,33.87436387832878],[-97.37245495884959,33.819384058130574],[-97.44424083870838,33.82367935658356],[-97.46218730867308,33.849451147301465],[-97.45859801468015,33.903571907809074],[-97.50166954259542,33.91989404193041],[-97.55909824648246,33.8966994302843],[-97.5985804804048,33.91817592254922],[-97.58781259842598,33.953397369863694],[-97.65600918429183,33.98947787686876],[-97.6883128302283,33.98690069779697],[-97.73138435814357,33.93707523574235],[-97.83547388393883,33.85804174420743],[-97.87854541185412,33.85031020699206],[-97.93597411574115,33.87951823647236],[-97.96827776167761,33.88209541554415],[-97.95392058570586,33.937934295432946],[-97.97186705567056,33.93707523574235],[-97.94674199771997,33.988618817178164],[-97.97186705567056,34.00580001099011],[-98.01852787757878,33.99377317532175],[-98.08672446344463,34.003222831918315],[-98.12261740337402,34.08139726376263],[-98.09390305143052,34.111464352933524],[-98.10826022740227,34.15441733746337],[-98.16927822528224,34.11404153200532],[-98.24106410514105,34.13294084519845],[-98.29490351503514,34.13294084519845],[-98.36310010090101,34.15699451653516],[-98.40258233482335,34.122632128911285],[-98.41335021680216,34.08483350252502],[-98.48513609666097,34.0624979505695],[-98.57127915249151,34.144967680866806],[-98.64665432634325,34.164726053750535],[-98.68972585425854,34.13294084519845],[-98.76510102811028,34.13637708396083],[-98.8117618500185,34.15871263591635],[-98.85842267192672,34.161289814988145],[-98.91944066980669,34.18190724756247],[-98.98763725567255,34.22142399332993],[-99.0450659595596,34.19822938168381],[-99.07736960549605,34.211115277042765],[-99.12044113341133,34.2016656204462],[-99.12761972139721,34.218846814258136],[-99.19222701327013,34.21626963518634],[-99.21017348323483,34.33653799186991],[-99.27478077510774,34.384645334543336],[-99.26042359913599,34.403544647736474],[-99.31785230302303,34.407839946189455],[-99.38245959489595,34.45680634855348],[-99.3968167708677,34.37777285701856],[-99.43988829878299,34.37433661825618],[-99.51885276662766,34.41471242371423],[-99.57987076450765,34.41643054309542],[-99.60140652846528,34.37433661825618],[-99.70908534825348,34.38722251361513],[-99.79522840408404,34.45422916948169],[-99.92803228182281,34.577074705237045],[-99.99981816168162,34.56075257111571],[-99.99981816168162,36.49965029279292],[-100.44130132281322,36.49965029279292],[-101.08378494754947,36.49965029279292],[-101.62217904649046,36.49965029279292],[-102.25030549525495,36.50050935248352],[-103.00405723377233,36.50050935248352],[-103.0004679397794,36.60273745566455],[-103.0004679397794,37.00048209241092]]]}},{"type":"Feature","id":"US-Pennsylvania","properties":{"name":"Pennsylvania","country":"US"},"geometry":{"type":"Polygon","coordinates":[[[-80.52071966199662,41.97787393972939],[-80.3484335503355,42.030276580855805],[-80.1869153206532,42.09384699795997],[-80.15461167471675,42.1144644305343],[-80.11871873478735,42.16600801197011],[-80.07205791287913,42.168585191041906],[-80.06129003090031,42.14453151970519],[-79.93207544715447,42.20638381742817],[-79.7633786294863,42.269954234532335],[-79.7633786294863,42.00020949168491],[-79.75978933549335,41.99849137230372],[-78.87323371923719,41.99763231261312],[-78.59685808178081,42.00020949168491],[-77.99744598495985,41.99849137230372],[-77.12524754467545,41.999350431994316],[-76.74837167541675,42.0019276110661],[-76.34996004220042,41.99849137230372],[-75.74336935739358,41.99763231261312],[-75.359314900149,41.999350431994316],[-75.30906478424784,41.9486659102491],[-75.29111831428314,41.95210214901148],[-75.26240396233962,41.86619617995179],[-75.20856455244552,41.86963241871418],[-75.11165361463614,41.84042438923389],[-75.07576067470674,41.79833046439464],[-75.10447502665026,41.77084055429554],[-75.0542249107491,41.752800300793],[-75.04704632276322,41.61620980998809],[-75.07576067470674,41.60590109370093],[-74.98602832488325,41.50882734866348],[-74.9824390308903,41.479619319183186],[-74.94295679696796,41.48391461763617],[-74.88911738707387,41.45556564784647],[-74.89629597505974,41.44010257341573],[-74.80656362523625,41.44267975248752],[-74.79579574325743,41.42378043929438],[-74.73836703937039,41.43065291681916],[-74.74195633336333,41.40488112610125],[-74.69529551145511,41.357632843118424],[-74.75272421534216,41.34646506714066],[-74.83168868318683,41.28718994848948],[-74.88193879908799,41.18066654685546],[-74.92142103301033,41.13857262201621],[-74.9824390308903,41.10850553284532],[-74.96808185491855,41.087888100270995],[-75.02551055880559,41.03978075759757],[-75.09011785067851,41.01486802657026],[-75.13677867258673,40.97363316142161],[-75.05063561675617,40.87054599854998],[-75.13318937859378,40.77347225351253],[-75.17267161251613,40.77776755196551],[-75.20497525845258,40.69186158290582],[-75.17626090650906,40.67296226971269],[-75.20138596445965,40.64719047899478],[-75.19420737647376,40.57588852467524],[-75.1619037305373,40.563861689006885],[-75.10088573265732,40.568156987459865],[-75.06499279272792,40.536371778907785],[-75.07217138071381,40.45476110830108],[-75.05781420474204,40.41610342222422],[-74.96808185491855,40.39978128810287],[-74.94295679696796,40.34136522914228],[-74.86758162311622,40.29497600585005],[-74.84245656516565,40.25030490193901],[-74.77067068530685,40.21508345462454],[-74.72042056940569,40.15409021659216],[-74.78143856728568,40.12058688865888],[-74.81733150721507,40.12745936618366],[-74.86040303513035,40.08364732196321],[-74.92501032700326,40.07076142660426],[-75.04704632276322,40.008909128881285],[-75.07217138071381,39.98056015909158],[-75.12960008460084,39.959083666826665],[-75.12960008460084,39.89980854817548],[-75.21933243442435,39.86115086209861],[-75.35572560615606,39.839674369833695],[-75.41674360403604,39.801875743447425],[-75.49929736587366,39.83366095199951],[-75.57826183371833,39.8388153101431],[-75.66440488954889,39.821634116331154],[-75.71824429944299,39.79242608685086],[-75.7900301793018,39.72198319222191],[-76.56890697576975,39.721124132531315],[-76.99244366693667,39.720265072840725],[-77.5344270598706,39.720265072840725],[-78.38150044220441,39.72284225191251],[-79.47623511005109,39.721124132531315],[-80.07564720687206,39.721124132531315],[-80.52071966199662,39.721124132531315],[-80.52071966199662,40.63859988208881],[-80.52071966199662,41.97787393972939]]]}},{"type":"Feature","id":"US-South-Dakota","properties":{"name":"South Dakota","country":"US"},"geometry":{"type":"Polygon","coordinates":[[[-104.05930966769667,44.99746875217751],[-104.04136319773197,45.0009049909399],[-104.04136319773197,45.750005041140405],[-104.04495249172491,45.9450115909059],[-103.66807662246622,45.9450115909059],[-103.04712876168762,45.9450115909059],[-101.99905491574916,45.9441525312153],[-101.55757175461754,45.9441525312153],[-100.64948037440374,45.943293471524704],[-100.0069967496675,45.941575352143516],[-99.31785230302303,45.93985723276232],[-98.41335021680216,45.93642099399993],[-97.98622423164231,45.935561934309334],[-97.31861554895548,45.934702874618736],[-96.5648638104381,45.935561934309334],[-96.57922098640987,45.82560229391293],[-96.62947110231102,45.78608554814547],[-96.6725426302263,45.73196478763787],[-96.75150709807097,45.69846145970459],[-96.84123944789448,45.64519975888758],[-96.85918591785918,45.60568301312012],[-96.76586427404274,45.52149516344163],[-96.73356062810628,45.45878380602805],[-96.68331051220511,45.411535523045224],[-96.6187032203322,45.408099284282834],[-96.48948863658636,45.357414762537616],[-96.45359569665696,45.30157588264882],[-96.45359569665696,44.8900862908529],[-96.45000640266402,44.63065026429263],[-96.45359569665696,44.54388523554235],[-96.45359569665696,43.50012771146711],[-96.59716745637456,43.50012771146711],[-96.57922098640987,43.48122839827398],[-96.60434604436044,43.44944318972189],[-96.52538157651576,43.394463369523685],[-96.5289708705087,43.29996680355803],[-96.57922098640987,43.29567150510504],[-96.55050663446634,43.251000401194005],[-96.56127451644517,43.224369550785504],[-96.4751314606146,43.22179237171371],[-96.46795287262873,43.15049041739417],[-96.43564922669226,43.120423328223275],[-96.46077428464284,43.06372538864388],[-96.511024400544,43.04998043359433],[-96.4930779305793,43.0018730909209],[-96.52179228252282,42.977819419584186],[-96.50025651856518,42.95977916608165],[-96.54332804648045,42.920262420314195],[-96.54332804648045,42.85153764506644],[-96.5828102804028,42.83779269001689],[-96.59357816238162,42.793121586105855],[-96.63306039630396,42.77078603415033],[-96.62947110231102,42.70549749766497],[-96.57563169241692,42.68230288601885],[-96.51461369453695,42.63075930458304],[-96.47872075460754,42.55602111150111],[-96.4930779305793,42.51736342542425],[-96.44641710867108,42.49073257501574],[-96.50743510655106,42.484719157181566],[-96.52538157651576,42.51049094789947],[-96.61152463234632,42.50619564944649],[-96.63664969029689,42.55172581304812],[-96.71202486414863,42.608423752627516],[-96.68689980619806,42.65309485653856],[-96.7263820401204,42.66683981158811],[-96.80175721397214,42.6694169906599],[-96.80534650796507,42.70377937828378],[-96.9058467397674,42.73384646745467],[-96.94891826768267,42.71924245271452],[-96.97763261962619,42.76047731786317],[-97.1319722613226,42.77164509384093],[-97.14991873128731,42.79569876517765],[-97.21452602316023,42.81287995898958],[-97.21811531715316,42.84552422723227],[-97.30784766697667,42.867000719497184],[-97.36168707687077,42.85497388382883],[-97.41552648676486,42.866141659806594],[-97.44065154471544,42.846383286922865],[-97.50525883658837,42.858410122591216],[-97.5626875404754,42.847242346613456],[-97.62011624436244,42.85669200321003],[-97.68472353623535,42.84208798846988],[-97.77445588605886,42.84981952568525],[-97.84624176591765,42.86785977918778],[-97.87495611786117,42.858410122591216],[-97.90725976379764,42.79483970548705],[-97.95033129171291,42.769926974459736],[-98.01852787757878,42.762195437244365],[-98.12979599135991,42.82147055589555],[-98.25901057510575,42.87473225671256],[-98.46718962669627,42.947752330413294],[-98.49949327263272,42.99843685215851],[-98.90149419984199,42.99843685215851],[-99.56910288252882,42.997577792467915],[-100.11826486344863,42.99843685215851],[-100.88637377793778,42.997577792467915],[-101.6257683404834,42.99585967308673],[-101.84830456804568,42.99929591184911],[-102.48719889878899,42.99929591184911],[-103.0004679397794,43.00015497153971],[-104.05213107971079,43.001014031230305],[-104.05213107971079,43.297389624486236],[-104.05572037370374,43.304262102011016],[-104.05572037370374,44.87462321642216],[-104.05930966769667,44.99746875217751]]]}},{"type":"Feature","id":"US-Texas","properties":{"name":"Texas","country":"US"},"geometry":{"type":"Polygon","coordinates":[[[-103.00405723377233,36.50050935248352],[-102.25030549525495,36.50050935248352],[-101.62217904649046,36.49965029279292],[-101.08378494754947,36.49965029279292],[-100.44130132281322,36.49965029279292],[-99.99981816168162,36.49965029279292],[-99.99981816168162,34.56075257111571],[-99.92803228182281,34.577074705237045],[-99.79522840408404,34.45422916948169],[-99.70908534825348,34.38722251361513],[-99.60140652846528,34.37433661825618],[-99.57987076450765,34.41643054309542],[-99.51885276662766,34.41471242371423],[-99.43988829878299,34.37433661825618],[-99.3968167708677,34.37777285701856],[-99.38245959489595,34.45680634855348],[-99.31785230302303,34.407839946189455],[-99.26042359913599,34.403544647736474],[-99.27478077510774,34.384645334543336],[-99.21017348323483,34.33653799186991],[-99.19222701327013,34.21626963518634],[-99.12761972139721,34.218846814258136],[-99.12044113341133,34.2016656204462],[-99.07736960549605,34.211115277042765],[-99.0450659595596,34.19822938168381],[-98.98763725567255,34.22142399332993],[-98.91944066980669,34.18190724756247],[-98.85842267192672,34.161289814988145],[-98.8117618500185,34.15871263591635],[-98.76510102811028,34.13637708396083],[-98.68972585425854,34.13294084519845],[-98.64665432634325,34.164726053750535],[-98.57127915249151,34.144967680866806],[-98.48513609666097,34.0624979505695],[-98.41335021680216,34.08483350252502],[-98.40258233482335,34.122632128911285],[-98.36310010090101,34.15699451653516],[-98.29490351503514,34.13294084519845],[-98.24106410514105,34.13294084519845],[-98.16927822528224,34.11404153200532],[-98.10826022740227,34.15441733746337],[-98.09390305143052,34.111464352933524],[-98.12261740337402,34.08139726376263],[-98.08672446344463,34.003222831918315],[-98.01852787757878,33.99377317532175],[-97.97186705567056,34.00580001099011],[-97.94674199771997,33.988618817178164],[-97.97186705567056,33.93707523574235],[-97.95392058570586,33.937934295432946],[-97.96827776167761,33.88209541554415],[-97.93597411574115,33.87951823647236],[-97.87854541185412,33.85031020699206],[-97.83547388393883,33.85804174420743],[-97.73138435814357,33.93707523574235],[-97.6883128302283,33.98690069779697],[-97.65600918429183,33.98947787686876],[-97.58781259842598,33.953397369863694],[-97.5985804804048,33.91817592254922],[-97.55909824648246,33.8966994302843],[-97.50166954259542,33.91989404193041],[-97.45859801468015,33.903571907809074],[-97.46218730867308,33.849451147301465],[-97.44424083870838,33.82367935658356],[-97.37245495884959,33.819384058130574],[-97.33297272492725,33.87436387832878],[-97.30066907899078,33.880377296162955],[-97.25400825708256,33.864055162041616],[-97.24682966909668,33.90013566904668],[-97.21093672916729,33.91645780316803],[-97.17863308323082,33.89240413183131],[-97.17145449524494,33.83570619225192],[-97.20734743517434,33.80993440153401],[-97.16427590725907,33.7291827906179],[-97.12479367333673,33.71715595494955],[-97.08531143941438,33.74378680535805],[-97.0960793213932,33.79876662555625],[-97.04941849948499,33.81766593874938],[-97.08890073340733,33.85374644575445],[-97.04223991149911,33.83742431163311],[-96.98481120761207,33.88639071399714],[-96.99557908959089,33.94910207141071],[-96.97404332563325,33.93621617605176],[-96.9237932097321,33.95941078769787],[-96.9058467397674,33.949961131101304],[-96.88431097580975,33.8683504604946],[-96.85200732987329,33.84687396822968],[-96.83047156591566,33.87522293801938],[-96.78381074400744,33.86319610235102],[-96.76945356803567,33.827115595345944],[-96.70484627616275,33.83484713256132],[-96.67613192421923,33.90872626595265],[-96.58639957439574,33.894981310903106],[-96.62947110231102,33.845155848848485],[-96.57204239842397,33.819384058130574],[-96.53256016450165,33.822820296892964],[-96.50384581255813,33.77385389452894],[-96.42847063870639,33.77900825267252],[-96.3674526408264,33.711142537115364],[-96.36386334683347,33.69224322392223],[-96.32079181891818,33.694820402994026],[-96.2956667609676,33.764404237932375],[-96.22747017510174,33.74808210381103],[-96.1772200592006,33.76010893947939],[-96.14850570725707,33.83742431163311],[-96.09825559135591,33.830551834108334],[-96.10184488534885,33.84773302792027],[-96.04800547545474,33.83656525194252],[-95.94032665566655,33.861477982969824],[-95.93673736167361,33.88724977368773],[-95.83264783587835,33.83484713256132],[-95.8003441899419,33.861477982969824],[-95.75368336803368,33.85374644575445],[-95.75727266202662,33.89240413183131],[-95.68548678216781,33.88982695275952],[-95.59934372633725,33.93449805667056],[-95.56345078640786,33.93192087759877],[-95.53832572845728,33.87951823647236],[-95.46295055460554,33.88553165430654],[-95.46295055460554,33.872645758947584],[-95.34091455884558,33.869209520185194],[-95.29425373693736,33.87522293801938],[-95.25477150301502,33.902712848118476],[-95.22964644506445,33.961128907079065],[-95.13273550725506,33.93707523574235],[-95.05018174541745,33.864055162041616],[-94.97121727757278,33.86233704266042],[-94.94609221962219,33.8125115806058],[-94.87071704577045,33.745504924739244],[-94.82764551785517,33.741209626286256],[-94.77380610796108,33.75495458133581],[-94.70919881608816,33.687088865778655],[-94.64818081820817,33.687947925469246],[-94.64459152421524,33.66818955258552],[-94.5871628203282,33.67935732856328],[-94.51896623446234,33.61664597114971],[-94.48666258852587,33.638122463414625],[-94.45794823658237,33.644994940939405],[-94.45794823658237,33.59860571764717],[-94.41846600266003,33.57712922538225],[-94.38616235672356,33.58228358352583],[-94.39334094470944,33.55135743466434],[-94.35744800478004,33.54362589744897],[-94.33950153481534,33.56682050909509],[-94.31078718287182,33.55135743466434],[-94.300019300893,33.57627016569165],[-94.22464412704127,33.553075554045535],[-94.18516189311893,33.59259229981299],[-94.14209036520364,33.57798828507285],[-94.12414389523894,33.55221649435494],[-94.10260813128131,33.57025674785747],[-94.04517942739427,33.55135743466434],[-94.04517942739427,33.55135743466434],[-94.04159013340133,33.541907778067774],[-94.04159013340133,33.01959948618486],[-94.04159013340133,31.992164096230958],[-94.01287578145781,31.981855379943795],[-93.97339354753547,31.920003082220816],[-93.90878625566255,31.893372231812315],[-93.8764826097261,31.82207027749277],[-93.822643199832,31.774821994509942],[-93.82982178781788,31.745613965029648],[-93.80110743587436,31.697506622356215],[-93.82623249382493,31.661426115351148],[-93.81546461184611,31.622768429274288],[-93.8405896697967,31.59871475793757],[-93.81905390583906,31.554902713717134],[-93.78675025990259,31.527412803618027],[-93.74008943799437,31.52225844547445],[-93.72932155601555,31.492191356303557],[-93.75085731997319,31.46899674465744],[-93.70060720407204,31.43807059579595],[-93.70419649806497,31.41058068569685],[-93.67548214612145,31.3976947903379],[-93.66471426414263,31.35560086549865],[-93.68625002810028,31.31007070189701],[-93.643178500185,31.269694896438956],[-93.62164273622736,31.27141301582015],[-93.60010697226971,31.174339270782703],[-93.53191038640387,31.184647987069866],[-93.5534461503615,31.097023898628983],[-93.52473179841797,31.070393048220474],[-93.5175532104321,31.024003824928243],[-93.56421403234032,31.00596357142571],[-93.56780332633326,30.977614601636013],[-93.52473179841797,30.930366318653178],[-93.55703544435444,30.911467005460047],[-93.56780332633326,30.87882273721737],[-93.5534461503615,30.82470197670976],[-93.58574979629796,30.796353006920064],[-93.61805344223441,30.742232246412456],[-93.62882132421323,30.679520888998887],[-93.67189285212852,30.658044396733963],[-93.6790714401144,30.599628337773375],[-93.72932155601555,30.573856547055463],[-93.74008943799437,30.53949415943159],[-93.7149643800438,30.518876726857265],[-93.6970179100791,30.440702295012947],[-93.74367873198732,30.396890250792502],[-93.76521449594496,30.33331983368833],[-93.70778579205792,30.288648729777293],[-93.70419649806497,30.243118566175653],[-93.72214296802967,30.209615238242378],[-93.68983932209322,30.141749522685224],[-93.7329108500085,30.08161534434344],[-93.70060720407204,30.065293210222094],[-93.74008943799437,30.021481166001657],[-93.79033955389554,29.987977838068375],[-93.81546461184611,29.920971182201818],[-93.86212543375433,29.857400765097644],[-93.92314343163432,29.818743079020784],[-93.93032201962019,29.79726658675586],[-93.89801837368373,29.771494796037956],[-93.83700037580375,29.690743185121846],[-93.83700037580375,29.678716349453488],[-94.00210789947899,29.68129352852528],[-94.13491177721777,29.6469311409014],[-94.59434140831408,29.468246725257245],[-94.6948416401164,29.41584408413084],[-94.73073458004579,29.3694548608386],[-94.7845739899399,29.375468278672784],[-94.70560952209522,29.436461516705165],[-94.67330587615876,29.476837322163213],[-94.62664505425053,29.475978262472623],[-94.59434140831408,29.49230039659396],[-94.56562705637056,29.53181714236142],[-94.5333234104341,29.518072187311866],[-94.49384117651176,29.524944664836646],[-94.54768058640586,29.572192947819474],[-94.74150246202461,29.525803724527243],[-94.77021681396813,29.548139276482758],[-94.70919881608816,29.625454648636484],[-94.6948416401164,29.694179423884236],[-94.6948416401164,29.757749840988403],[-94.73791316803168,29.76204513944139],[-94.75585963799638,29.78180351232512],[-94.81687763587635,29.756890781297805],[-94.85277057580575,29.721669333983336],[-94.86712775177752,29.678716349453488],[-94.92096716167161,29.658098916879162],[-94.94250292562926,29.69761566264662],[-95.00711021750217,29.65895797656976],[-95.01428880548805,29.628890887398867],[-94.98198515955158,29.601400977299768],[-95.017878099481,29.55844799276992],[-94.98198515955158,29.511199709787093],[-94.91019927969279,29.496595695046942],[-94.93173504365043,29.45020647175471],[-94.89225280972809,29.433025277942775],[-94.88507422174222,29.36601862207622],[-94.89225280972809,29.30846162280622],[-94.92096716167161,29.28183077239772],[-94.95327080760808,29.290421369303687],[-95.02146739347393,29.229428131271305],[-95.10043186131861,29.17358925138251],[-95.11119974329743,29.19592480333803],[-95.15786056520565,29.18905232581325],[-95.16503915319153,29.113455073040726],[-95.14350338923389,29.091119521085204],[-95.09684256732567,29.128918147471467],[-95.00352092350923,29.18475702736027],[-94.9927530415304,29.20107916148161],[-94.87789563375634,29.286126070850706],[-94.82405622386223,29.305884443734435],[-94.82405622386223,29.344542129811295],[-94.73073458004579,29.33165623445234],[-94.8025204599046,29.279253593325926],[-95.02505668746687,29.147817460664605],[-95.11119974329743,29.08854234201341],[-95.12555691926919,29.067065849748495],[-95.24041432704327,28.98889141790417],[-95.38398608676086,28.866045882148818],[-95.43782549665497,28.859173404624038],[-95.68548678216781,28.733750689796892],[-95.81111207192072,28.66502591454914],[-96.00134465354652,28.588569602086018],[-96.22029158711587,28.49235491673916],[-96.34232758287582,28.417616723657233],[-96.38898840478404,28.381536216652158],[-96.44282781467814,28.31796579954799],[-96.63306039630396,28.22261017389173],[-96.71920345213452,28.164194114931142],[-96.8879002698027,28.031039862888626],[-97.00275767757677,27.908194327133266],[-97.04223991149911,27.836892372813722],[-97.09249002740027,27.786207851068504],[-97.21093672916729,27.596355659446587],[-97.29707978499785,27.427120900398997],[-97.33656201892019,27.31802031969319],[-97.37245495884959,27.153080859098587],[-97.37963354683546,27.06030241251412],[-97.37604425284252,26.97181926438264],[-97.347329900899,26.795712027810275],[-97.29707978499785,26.617886671856716],[-97.25400825708256,26.502772673316727],[-97.19657955319553,26.306048004170037],[-97.15709731927319,26.08269248461484],[-97.18222237722377,26.123068290072894],[-97.20016884718846,26.249350064590644],[-97.24324037510375,26.411712346113454],[-97.28272260902608,26.542289419084184],[-97.36886566485664,26.556034374133738],[-97.30425837298372,26.579228985779856],[-97.33656201892019,26.650530940099394],[-97.35809778287782,26.725269133181328],[-97.39040142881429,26.800866385953853],[-97.40116931079311,26.891926713157126],[-97.39758001680016,27.0104769504595],[-97.40116931079311,27.115282232712325],[-97.36168707687077,27.35238270731707],[-97.30425837298372,27.50701345162451],[-97.23606178711786,27.634154285832857],[-97.18581167121671,27.69428846417464],[-97.14991873128731,27.769026657256568],[-97.1212043793438,27.79909374642746],[-97.12838296732967,27.839469551885514],[-97.08172214542145,27.91334868527685],[-97.01711485354853,27.94599295351953],[-96.98481120761207,27.98465063959639],[-96.92020391573915,28.093751220302195],[-96.81970368393684,28.143576682356816],[-96.79098933199332,28.189106845958456],[-96.73356062810628,28.19082496533965],[-96.60793533835339,28.281026232852327],[-96.52538157651576,28.32312015769157],[-96.43923852068521,28.342878530575298],[-96.45359569665696,28.37981809727097],[-96.4212920507205,28.404730828298277],[-96.45359569665696,28.41847578334783],[-96.511024400544,28.383254336033353],[-96.5828102804028,28.35318724686246],[-96.62229251432514,28.31882485923859],[-96.68331051220511,28.3145295607856],[-96.70484627616275,28.34889194840948],[-96.70484627616275,28.400435529845296],[-96.76945356803567,28.41074424613246],[-96.79098933199332,28.38411339572395],[-96.79098933199332,28.31195238171381],[-96.80893580195801,28.290475889448892],[-96.78740003800037,28.255254442134415],[-96.80175721397214,28.224328293272926],[-96.87354309383093,28.1762209505995],[-96.93456109171092,28.123818309473087],[-96.96327544365444,28.12295924978249],[-97.02788273552736,28.1487310405004],[-97.03865061750616,28.185670607196066],[-97.15350802528025,28.133267966069653],[-97.21452602316023,28.07571096679966],[-97.13915084930849,28.05681165360653],[-97.05300779347793,28.105778055970553],[-97.02429344153441,28.042207638866387],[-97.04941849948499,28.022449265982658],[-97.18581167121671,27.830878954979546],[-97.22888319913199,27.82916083559835],[-97.25041896308963,27.87640911858118],[-97.32579413694137,27.86781852167521],[-97.34015131291312,27.88328159610596],[-97.4550087206872,27.873831939509387],[-97.49449095460955,27.88414065579655],[-97.51602671856718,27.851496387553873],[-97.4729551906519,27.824006477454766],[-97.4191157807578,27.823147417764176],[-97.37963354683546,27.83775143250432],[-97.39399072280722,27.78277161230612],[-97.36886566485664,27.74153674715747],[-97.31502625496255,27.712328717677174],[-97.25400825708256,27.696865643246426],[-97.32220484294842,27.57144292841928],[-97.36886566485664,27.412516885658853],[-97.41193719277193,27.32145655845558],[-97.48372307263072,27.29826194680946],[-97.5088481305813,27.27506733516335],[-97.54833036450364,27.29053040959409],[-97.49808024860248,27.308570663096624],[-97.48731236662366,27.359255184841842],[-97.51602671856718,27.361832363913635],[-97.53756248252482,27.335201513505133],[-97.64165200832008,27.270772036710362],[-97.62729483234831,27.243282126611263],[-97.54115177651776,27.22953717156171],[-97.45141942669426,27.262181439804394],[-97.42270507475074,27.26389955918559],[-97.44065154471544,27.164248635076348],[-97.42988366273663,27.160812396313958],[-97.44424083870838,26.987282338813387],[-97.46577660266603,26.80945698285982],[-97.48013377863778,26.806879803788036],[-97.44424083870838,26.60929607495074],[-97.41552648676486,26.553457195061945],[-97.41193719277193,26.481296181051803],[-97.37963354683546,26.480437121361206],[-97.29707978499785,26.295739287882874],[-97.27913331503315,26.27082655685556],[-97.3114369609696,26.230450751397512],[-97.29707978499785,26.20124272191721],[-97.30066907899078,26.147981021100207],[-97.27195472704726,26.08612872337723],[-97.20016884718846,26.076679066780663],[-97.19657955319553,26.04661197760977],[-97.15350802528025,26.062075052040512],[-97.14632943729437,25.952974471334706],[-97.22888319913199,25.95898788916889],[-97.2755440210402,25.952115411644108],[-97.2755440210402,25.93579327752277],[-97.35091919489194,25.925484561235606],[-97.37245495884959,25.840437651866516],[-97.44424083870838,25.84988730846308],[-97.46936589665896,25.884249696086954],[-97.52320530655307,25.886826875158746],[-97.5447410705107,25.934075158141574],[-97.58422330443304,25.937511396903965],[-97.64883059630596,26.021699246582465],[-97.76009871008709,26.03200796286962],[-97.79958094400943,26.060356932659325],[-97.86059894188942,26.052625395443947],[-97.88572399984,26.0663703504935],[-97.96827776167761,26.05176633575335],[-97.98263493764937,26.067229410184098],[-98.02929575955758,26.0663703504935],[-98.0400636415364,26.041457619466193],[-98.0759565814658,26.068088469874695],[-98.14774246132461,26.056061634206337],[-98.17645681326813,26.074960947399468],[-98.19799257722576,26.056061634206337],[-98.24824269312693,26.073242828018273],[-98.27695704507045,26.099014618736184],[-98.26618916309162,26.120491111001108],[-98.32361786697867,26.121350170691706],[-98.33438574895749,26.159148797077968],[-98.38822515885158,26.15828973738737],[-98.46360033270332,26.222719214182135],[-98.49590397863979,26.21326955758557],[-98.58563632846328,26.25450442273422],[-98.65383291432914,26.23560510954109],[-98.70049373623736,26.265672198711982],[-98.75433314613146,26.32494731736317],[-98.79022608606085,26.33181979488794],[-98.79740467404673,26.360168764677645],[-98.82611902599025,26.3704774809648],[-98.89072631786317,26.357591585605853],[-98.96610149171491,26.397967391063908],[-99.0091730196302,26.395390211992115],[-99.03788737157372,26.41257140580405],[-99.08095889948899,26.396249271682713],[-99.11326254542544,26.434047898068975],[-99.09172678146781,26.477000882598823],[-99.12761972139721,26.52510822527225],[-99.16710195531955,26.53627600125001],[-99.17786983729837,26.620463850928502],[-99.199405601256,26.656544357933576],[-99.21017348323483,26.72441007349073],[-99.23888783517835,26.745886565755654],[-99.24247712917129,26.787980490594904],[-99.26760218712187,26.842960310793103],[-99.32862018500184,26.879899877488768],[-99.32144159701596,26.906530727897277],[-99.36810241892418,26.92886627985279],[-99.39322747687477,26.960651488404878],[-99.37528100691006,26.977832682216814],[-99.4147632408324,27.01734942798428],[-99.44706688676887,27.023362845818454],[-99.4506561807618,27.06803394972949],[-99.42912041680417,27.094664800138],[-99.43988829878299,27.151362739717392],[-99.42553112281122,27.176275470744706],[-99.43988829878299,27.250154604136036],[-99.49731700267002,27.27163109640096],[-99.49372770867708,27.303416304953046],[-99.53679923659236,27.312865961549612],[-99.5044955906559,27.338637752267516],[-99.48654912069121,27.412516885658853],[-99.49731700267002,27.439147736067355],[-99.48295982669826,27.49069131750317],[-99.52962064860648,27.49928191440914],[-99.51167417864178,27.564570450894507],[-99.55474570655706,27.614395912949128],[-99.57987076450765,27.60236907728077],[-99.60499582245822,27.641885823048227],[-99.63729946839467,27.62642274861748],[-99.66960311433114,27.65992607655076],[-99.70549605426054,27.654771718407176],[-99.77010334613345,27.732087090560903],[-99.80240699206992,27.74153674715747],[-99.81317487404874,27.774181015400146],[-99.84188922599226,27.766449478184775],[-99.87778216592166,27.79909374642746],[-99.87778216592166,27.842046730957307],[-99.90290722387223,27.86438228291282],[-99.89213934189341,27.899603730227298],[-99.93880016380163,27.94083859537595],[-99.93162157581575,27.981214400834006],[-99.99263957369573,27.99495935588355],[-100.01776463164632,28.0645431908219],[-100.05365757157571,28.08430156370563],[-100.08237192351923,28.144435742047413],[-100.20799721327212,28.189965905649053],[-100.22235438924389,28.235496069250686],[-100.24747944719446,28.23377794986949],[-100.29414026910268,28.28446247161471],[-100.28696168111681,28.317106739857394],[-100.34797967899678,28.403012708917082],[-100.33721179701797,28.443388514375137],[-100.36951544295442,28.47689184230842],[-100.33721179701797,28.501804573335725],[-100.38028332493325,28.51125422993229],[-100.4125869708697,28.551630035390346],[-100.39822979489794,28.585133363323628],[-100.44847991079911,28.609187034660344],[-100.44489061680616,28.63753600445004],[-100.49873002670026,28.66158967578675],[-100.51308720267203,28.705401720007195],[-100.50590861468613,28.740623167321665],[-100.53462296662966,28.762958719277187],[-100.54898014260142,28.825670076690763],[-100.57051590655907,28.82652913638136],[-100.60281955249552,28.902126389153885],[-100.63153390443904,28.902985448844483],[-100.65306966839668,28.943361254302538],[-100.64948037440374,29.0086497907879],[-100.67460543235431,29.099710117991172],[-100.73921272422724,29.13922686375863],[-100.77510566415664,29.17358925138251],[-100.76433778217782,29.185616087050867],[-100.79664142811427,29.24660932508325],[-100.8791951899519,29.28183077239772],[-100.88637377793778,29.307602563115623],[-100.94739177581775,29.34711930888308],[-101.01199906769067,29.368595801148004],[-101.05865988959889,29.440756815158146],[-101.05865988959889,29.45879706866068],[-101.15198153341532,29.476837322163213],[-101.17351729737297,29.514635948549483],[-101.25607105921058,29.520649366383658],[-101.24530317723176,29.56961576874768],[-101.25248176521765,29.625454648636484],[-101.27042823518235,29.629749947089465],[-101.29196399913998,29.572192947819474],[-101.31349976309762,29.595387559465593],[-101.30632117511175,29.640917723067226],[-101.36733917299172,29.664112334713344],[-101.41399999489994,29.756890781297805],[-101.44271434684346,29.753454542535422],[-101.47501799277993,29.78094445263452],[-101.52167881468814,29.759467960369598],[-101.54680387263872,29.79726658675586],[-101.57551822458224,29.77407197510975],[-101.70832210232102,29.762904199131988],[-101.77651868818688,29.78953504954049],[-101.79805445214451,29.782662572015717],[-101.85189386203861,29.801561885208848],[-101.93085832988329,29.78953504954049],[-101.97392985779857,29.810152482114816],[-102.03494785567855,29.80413906428064],[-102.0493050316503,29.785239751087502],[-102.14262667546674,29.803280004590043],[-102.18210890938909,29.846232989119883],[-102.2287697312973,29.843655810048098],[-102.3005556111561,29.87801819767197],[-102.35080572705726,29.86255512324123],[-102.38669866698666,29.76719949758497],[-102.50873466274662,29.783521631706314],[-102.54103830868308,29.751736423154227],[-102.56616336663366,29.761186079750793],[-102.64512783447834,29.733696169651694],[-102.67025289242892,29.742286766557662],[-102.69896724437244,29.695897543265424],[-102.69178865638656,29.676139170381695],[-102.73844947829478,29.641776782757823],[-102.73844947829478,29.598823798227976],[-102.76357453624536,29.598823798227976],[-102.77075312423123,29.548139276482758],[-102.81023535815358,29.522367485764853],[-102.80664606416063,29.494018515975156],[-102.83177112211122,29.444193053920536],[-102.82459253412533,29.399521950009493],[-102.84253900409004,29.35828708486084],[-102.87843194401944,29.35399178640786],[-102.88919982599826,29.29213948868488],[-102.90714629596296,29.260354280132795],[-102.87125335603355,29.241454966939664],[-102.88919982599826,29.20881069869698],[-102.95380711787118,29.176166430454302],[-102.98970005780058,29.183038907979075],[-103.01482511575115,29.125481908709084],[-103.07584311363114,29.08854234201341],[-103.10096817158171,29.05761619315193],[-103.11532534755347,28.985455179141788],[-103.16557546345463,28.978582701617015],[-103.2265934613346,28.991468596975963],[-103.28043287122871,28.982018940379398],[-103.33068298712986,29.021535686146855],[-103.42759392493925,29.04215311872118],[-103.52450486274863,29.137508744377442],[-103.61064791857918,29.16585771416714],[-103.64654085850857,29.15898523664236],[-103.72550532635326,29.191629504885043],[-103.79011261822617,29.257777101061002],[-103.8367734401344,29.27839453363533],[-103.97675590585905,29.29643478713787],[-104.03777390373904,29.32048845847458],[-104.10597048960489,29.37289109960099],[-104.14545272352723,29.383199815888155],[-104.21364930939309,29.452783650826504],[-104.21364930939309,29.47340108340083],[-104.26389942529424,29.513776888858885],[-104.33927459914598,29.51979030669306],[-104.38234612706127,29.54298491833918],[-104.40029259702597,29.572192947819474],[-104.50797141681416,29.63919960368603],[-104.54027506275062,29.676139170381695],[-104.5654001207012,29.77063573634736],[-104.60847164861649,29.818743079020784],[-104.63359670656706,29.8702866604566],[-104.68025752847528,29.924407420964208],[-104.68025752847528,29.97509194270942],[-104.70538258642586,30.024058345073442],[-104.68384682246823,30.08591064279642],[-104.69461470444703,30.13229986608866],[-104.68743611646116,30.179548149071486],[-104.71256117441173,30.237964208032075],[-104.75204340833407,30.26373599874998],[-104.7628112903129,30.30153462513625],[-104.80947211222112,30.335037953069524],[-104.81306140621406,30.360809743787435],[-104.85972222812228,30.39001777326773],[-104.85254364013639,30.418366743057426],[-104.89920446204461,30.57042030829308],[-104.9243295199952,30.604782695916953],[-104.96740104791047,30.608218934679343],[-105.00688328183281,30.68639336652366],[-105.06072269172691,30.68639336652366],[-105.11097280762807,30.743091306103054],[-105.15404433554335,30.751681903009022],[-105.16481221752217,30.772299335583348],[-105.21865162741626,30.801507365063642],[-105.26172315533155,30.79807112630126],[-105.28684821328213,30.82212479763797],[-105.39811632706326,30.85562812557125],[-105.39811632706326,30.889131453504532],[-105.55604526275262,30.99050049699496],[-105.60270608466084,31.082419883888832],[-105.64577761257613,31.11420509244092],[-105.71038490444904,31.13654064439644],[-105.7426885503855,31.164889614186137],[-105.77499219632196,31.166607733567332],[-105.78217078430784,31.19753388242882],[-105.8683138401384,31.288594209632087],[-105.94009971999719,31.31866129880298],[-105.95445689596896,31.365050522095217],[-106.00470701187011,31.392540432194316],[-106.08008218572185,31.39855385002849],[-106.20570747547475,31.465560505895056],[-106.24518970939708,31.54115775866758],[-106.28108264932649,31.561775191241907],[-106.30261841328412,31.620191250202495],[-106.34927923519234,31.696647562665618],[-106.38158288112881,31.731869009980095],[-106.44977946699467,31.76451327822278],[-106.489261700917,31.748191144101433],[-106.52874393483934,31.78341259141591],[-106.54669040480404,31.80746626275262],[-106.60411910869108,31.824647456564563],[-106.60052981469813,31.84440582944829],[-106.63642275462755,31.865882321713208],[-106.64719063660635,31.898526589955893],[-106.62206557865578,31.91398966438664],[-106.61847628466285,32.000754693136926],[-105.43041997299973,32.000754693136926],[-104.53309647476475,31.99989563344633],[-103.72191603236031,31.99989563344633],[-103.06507523165232,32.000754693136926],[-103.06507523165232,33.04193503814037],[-103.05789664366642,33.26013619955199],[-103.05789664366642,33.38813609345093],[-103.05071805568055,33.74636398442984],[-103.04353946769467,33.945665832648324],[-103.04353946769467,35.24971844297443],[-103.03995017370173,35.62255034869348],[-103.03995017370173,36.317529638386375],[-103.04353946769467,36.50050935248352],[-103.00405723377233,36.50050935248352]]]}},{"type":"Feature","id":"US-Wyoming","properties":{"name":"Wyoming","country":"US"},"geometry":{"type":"Polygon","coordinates":[[[-104.05930966769667,44.99746875217751],[-104.05572037370374,44.87462321642216],[-104.05572037370374,43.304262102011016],[-104.05213107971079,43.297389624486236],[-104.05213107971079,43.001014031230305],[-104.05213107971079,41.00112307152071],[-104.83100787617876,40.999404952139514],[-104.85613293412933,40.99768683275832],[-105.7247420804208,40.99682777306772],[-106.21647535745358,40.99768683275832],[-106.4533687609876,41.00198213121131],[-107.62706789667897,41.00198213121131],[-108.17981917159172,41.00026401183011],[-109.04842831788318,41.00026401183011],[-109.536572300923,40.99854589244892],[-110.0498413419134,40.99768683275832],[-110.23648462954628,40.995109653686534],[-110.7138607306073,40.995968713377124],[-111.04766507195072,40.99768683275832],[-111.04766507195072,41.37739121600215],[-111.04407577795777,41.565525288242874],[-111.04766507195072,42.0019276110661],[-111.04766507195072,42.58265196190961],[-111.04407577795777,42.72267869147691],[-111.04407577795777,43.659053754227536],[-111.04766507195072,43.68138930618306],[-111.04766507195072,44.12466410653106],[-111.05125436594365,44.35403304392043],[-111.04766507195072,44.474301400604],[-111.0548436599366,44.62463684645846],[-111.05843295392954,44.86689167920679],[-111.0548436599366,45.0009049909399],[-110.7856466104661,45.002623110321096],[-110.70668214262142,44.99231439403393],[-110.40159215322153,44.99403251341513],[-110.36210991929919,45.0009049909399],[-110.20059168961689,44.99660969248692],[-110.1108593397934,45.003482170011694],[-109.79859076240761,45.0017640506305],[-109.10226772777727,45.006059349083486],[-109.06278549385493,45.0000459312493],[-108.26955152141521,45.0000459312493],[-107.13533461964619,45.0000459312493],[-107.08508450374504,44.99660969248692],[-106.56822616876168,44.994891573105726],[-105.92933183801837,44.99403251341513],[-105.84677807618075,45.0000459312493],[-105.37299126911269,45.0000459312493],[-104.47207847688476,44.99832781186811],[-104.05930966769667,44.99746875217751]]]}},{"type":"Feature","id":"US-Connecticut","properties":{"name":"Connecticut","country":"US"},"geometry":{"type":"Polygon","coordinates":[[[-73.48570343583435,42.050034953739534],[-73.43186402594026,42.050894013430124],[-73.00832733477334,42.03886717776177],[-72.81450545915459,42.03628999868998],[-72.81809475314753,41.99763231261312],[-72.76784463724637,42.0027866707567],[-72.75707675526755,42.03628999868998],[-72.60632640756407,42.031135640546395],[-72.5273619397194,42.034571879308785],[-71.80232455314552,42.023404103331025],[-71.7987352591526,42.007941028900284],[-71.7987352591526,41.91602164200641],[-71.78796737717377,41.7253103906939],[-71.78796737717377,41.59645143710436],[-71.7987352591526,41.41690796176961],[-71.84180678706787,41.41003548424484],[-71.83103890508904,41.34474694775947],[-71.85975325703257,41.31983421673216],[-71.88487831498315,41.3361563508535],[-71.94589631286313,41.337874470234695],[-72.02127148671487,41.31725703766037],[-72.08587877858778,41.31983421673216],[-72.132539600496,41.299216784157835],[-72.18996830438304,41.32327045549455],[-72.21150406834069,41.291485246942464],[-72.38737947399474,41.26141815777157],[-72.39814735597356,41.27859935158351],[-72.45198676586766,41.27859935158351],[-72.54889770367703,41.25025038179381],[-72.57043346763467,41.268290635296346],[-72.66375511145111,41.26914969498694],[-72.6888801694017,41.24681414303142],[-72.75348746127462,41.26657251591515],[-72.8970592209922,41.24337790426904],[-72.90782710297103,41.29492148570485],[-72.94013074890749,41.280317470964704],[-73.00832733477334,41.20987457633576],[-73.05139886268863,41.20987457633576],[-73.1303633305333,41.14716321892218],[-73.17702415244152,41.16692159180591],[-73.26316720827208,41.11709612975129],[-73.28829226622265,41.12826390572905],[-73.37084602806028,41.10421023439234],[-73.35289955809557,41.0853109211992],[-73.38879249802498,41.0578210111001],[-73.49288202382024,41.04837135450354],[-73.57184649166491,41.00198213121131],[-73.60415013760138,41.01486802657026],[-73.65798954749548,40.98480093739937],[-73.65440025350253,41.01314990718907],[-73.72618613336134,41.10077399562995],[-73.48211414184142,41.21245175540755],[-73.55031072770727,41.295780545395445],[-73.53595355173552,41.434089155581546],[-73.51800708177082,41.68751176430764],[-73.48570343583435,42.050034953739534]]]}},{"type":"Feature","id":"US-Missouri","properties":{"name":"Missouri","country":"US"},"geometry":{"type":"Polygon","coordinates":[[[-95.7644512500125,40.58533818127181],[-95.16503915319153,40.57760664405643],[-94.59434140831408,40.57073416653166],[-94.03441154541545,40.57331134560345],[-93.56780332633326,40.58018382312822],[-93.34526709877099,40.58018382312822],[-92.63817618216181,40.590492539415386],[-92.09260349523495,40.60166031539315],[-91.73008480194801,40.613687151061505],[-91.68701327403274,40.58104288281882],[-91.68342398003979,40.552693913029124],[-91.61881668816687,40.540667077360766],[-91.62240598215982,40.509740928499276],[-91.56497727827278,40.46077452613525],[-91.52908433834338,40.45905640675406],[-91.52549504435044,40.41094906408063],[-91.4860128104281,40.38431821367213],[-91.41781622456224,40.37830479583795],[-91.44653057650576,40.36284172140721],[-91.50754857438574,40.23913712596125],[-91.51472716237161,40.178143887928876],[-91.49319139841398,40.036399038980385],[-91.44294128251282,39.95135212961129],[-91.41781622456224,39.92729845827458],[-91.44653057650576,39.87060051869518],[-91.42858410654107,39.8379562504525],[-91.37474469664696,39.808748220972205],[-91.3603875206752,39.78469454963549],[-91.37115540265403,39.732291908509076],[-91.27783375883759,39.66614431233312],[-91.22399434894349,39.617177909969094],[-91.18451211502115,39.605151074300736],[-91.14861917509175,39.54587595564955],[-91.10195835318353,39.539003478124776],[-91.06247611926119,39.47371494163941],[-91.00504741537415,39.42732571834718],[-90.7932790697907,39.3096345407354],[-90.72149318993189,39.23231916858168],[-90.71072530795307,39.155003796427955],[-90.68201095600956,39.0879971405614],[-90.71431460194601,39.05707099169991],[-90.67483236802367,38.98405091799918],[-90.66406448604485,38.928212038110374],[-90.58510001820018,38.86893691945919],[-90.54561778427784,38.87495033729336],[-90.5061355503555,38.90244024739247],[-90.47383190441904,38.95913818697186],[-90.40563531855318,38.96257442573425],[-90.3087243807438,38.92391673965739],[-90.25129567685677,38.919621441204406],[-90.11490250512504,38.84917854657546],[-90.12208109311092,38.79763496513964],[-90.16515262102621,38.77272223411234],[-90.21181344293443,38.72203771236712],[-90.17592050300503,38.6430042208322],[-90.18309909099091,38.61121901228012],[-90.26206355883558,38.52874928198281],[-90.28359932279322,38.44370237261372],[-90.34461732067321,38.38528631365313],[-90.36974237862378,38.34061520974209],[-90.37333167261673,38.27360855387553],[-90.35538520265202,38.21347437553375],[-90.2907779107791,38.1705213910039],[-90.2189920309203,38.09406507854078],[-90.12925968109681,38.06227986998869],[-90.08977744717447,38.01589064669646],[-90.06106309523095,38.01589064669646],[-90.00004509735096,37.96434706526065],[-89.94261639346394,37.97036048309482],[-89.93184851148511,37.94716587144871],[-89.97492003940039,37.926548438874384],[-89.95338427544274,37.88359545434454],[-89.88159839558395,37.87930015589155],[-89.84570545565455,37.90593100630006],[-89.79904463374633,37.88187733496334],[-89.79545533975339,37.856964603936035],[-89.7416159298593,37.84665588764887],[-89.65906216802168,37.78652170930709],[-89.66624075600755,37.75215932168321],[-89.6159906401064,37.74958214261142],[-89.58368699416994,37.71350163560635],[-89.51549040830407,37.69288420303202],[-89.51549040830407,37.643917800668],[-89.47600817438175,37.58550174170741],[-89.52266899628997,37.57862926418264],[-89.51549040830407,37.53567627965279],[-89.42216876448764,37.39736766946669],[-89.4365259404594,37.34410596864968],[-89.4903653503535,37.333797252362515],[-89.51907970229702,37.28568990968909],[-89.45806170441703,37.24015974608746],[-89.46165099840998,37.1997839406294],[-89.41499017650176,37.12504574754747],[-89.37550794257942,37.08552900178001],[-89.37909723657236,37.03999883817838],[-89.2929541807418,36.99189149550495],[-89.2570612408124,37.01508610715106],[-89.3109006507065,37.05374379322792],[-89.26065053480535,37.064052509515086],[-89.19963253692536,37.01594516684166],[-89.17091818498184,36.97041500324003],[-89.1314359510595,36.982441838908386],[-89.09913230512305,36.964401585405845],[-89.11707877508775,36.887086213252125],[-89.13861453904539,36.84756946748467],[-89.17450747897479,36.8398379302693],[-89.17809677296772,36.80719366202661],[-89.11707877508775,36.775408453474526],[-89.12784665706657,36.75135478213782],[-89.18527536095361,36.75393196120961],[-89.19963253692536,36.71613333482334],[-89.16015030300302,36.66630787276872],[-89.18886465494654,36.64139514174141],[-89.21398971289713,36.58040190370903],[-89.26065053480535,36.56493882927828],[-89.32525782667827,36.63194548514485],[-89.37191864858649,36.620777709167086],[-89.4185794704947,36.498791233102324],[-89.44729382243823,36.46442884547845],[-89.49395464434645,36.47044226331263],[-89.48677605636055,36.49707311372113],[-89.46524029240292,36.52971738196381],[-89.48318676236762,36.57181130680306],[-89.55856193621936,36.57352942618426],[-89.57291911219112,36.54775763546635],[-89.54061546625466,36.497932173411726],[-89.51907970229702,36.479032860218595],[-89.5442047602476,36.4240530400204],[-89.5083118203182,36.37336851827518],[-89.5262582902829,36.34158330972309],[-89.61240134611346,36.340724250032494],[-89.61240134611346,36.30893904148041],[-89.53702617226172,36.27543571354713],[-89.53343687826877,36.252241101901014],[-89.58727628816288,36.23935520654206],[-89.69495510795107,36.25310016159161],[-89.7057229899299,36.23505990808908],[-89.60522275812758,36.171489490984904],[-89.60163346413464,36.11908684985849],[-89.68059793197932,36.08472446223462],[-89.69136581395813,36.02029498543985],[-89.73443734187342,36.00053661255612],[-90.37692096660966,35.99538225441254],[-90.31949226272262,36.089878820378196],[-90.236938500885,36.13970428243282],[-90.236938500885,36.159462655316545],[-90.18309909099091,36.204992818918186],[-90.12567038710387,36.229046490254895],[-90.11490250512504,36.26598605695057],[-90.0825988591886,36.27199947478474],[-90.0646523892239,36.38625441363413],[-90.14361685706857,36.4240530400204],[-90.13284897508974,36.436938935379345],[-90.15079544505444,36.497932173411726],[-91.40345904859048,36.49707311372113],[-92.56280100831007,36.497932173411726],[-93.0688914613146,36.497932173411726],[-93.86571472774727,36.498791233102324],[-94.61946646626465,36.49965029279292],[-94.61946646626465,36.998763973029725],[-94.61946646626465,37.24015974608746],[-94.61587717227172,37.32348853607535],[-94.61587717227172,37.99269603505034],[-94.61228787827878,38.037367138961386],[-94.61228787827878,38.63527268361683],[-94.60869858428583,38.73835984648846],[-94.60869858428583,39.119782349113486],[-94.59075211432113,39.155003796427955],[-94.66253799417994,39.15758097549975],[-94.68048446414464,39.18421182590825],[-94.71278811008109,39.170466870858704],[-94.76303822598226,39.17991652745527],[-94.78098469594696,39.20654737786377],[-94.83482410584105,39.21771515384153],[-94.82405622386223,39.24176882517825],[-94.88866351573515,39.28643992908928],[-94.91019927969279,39.35430564464644],[-94.87789563375634,39.37578213691136],[-94.89584210372104,39.393822390413895],[-94.94609221962219,39.393822390413895],[-94.98916374753748,39.44622503154031],[-95.04659245142452,39.47285588194881],[-95.05018174541745,39.497768612976124],[-95.10402115531154,39.532990060290594],[-95.10761044930449,39.574224925439246],[-95.04659245142452,39.59484235801357],[-95.05377103941039,39.63006380532805],[-95.0286459814598,39.66528525264252],[-94.97480657156571,39.68160738676386],[-94.95686010160101,39.74603686355863],[-94.91019927969279,39.7254194309843],[-94.8743063397634,39.73057378912789],[-94.87071704577045,39.77266771396713],[-94.91378857368574,39.758922758917585],[-94.92455645566456,39.789848907779074],[-94.89225280972809,39.790707967469665],[-94.87789563375634,39.82678847447474],[-94.91737786767867,39.836238131071305],[-94.94250292562926,39.864587100861],[-94.92814574965749,39.88864077219772],[-95.01428880548805,39.89980854817548],[-95.04300315743157,39.864587100861],[-95.13632480124801,39.87661393652936],[-95.1542712712127,39.90754008539085],[-95.20093209312093,39.902385727247264],[-95.20452138711387,39.939325293942936],[-95.25118220902209,39.9487749505395],[-95.30861091290913,40.00031853197531],[-95.41987902669027,40.04842587464874],[-95.39116467474675,40.1162915902059],[-95.4773077305773,40.18158012669126],[-95.48448631856319,40.247727722867225],[-95.55627219842198,40.264049856988564],[-95.55268290442903,40.29153976708766],[-95.61729019630197,40.313875319043184],[-95.66036172421724,40.40837188500884],[-95.6567724302243,40.44187521294212],[-95.69625466414664,40.47108324242242],[-95.69984395813958,40.505445630046296],[-95.65318313623136,40.54152613705136],[-95.69266537015369,40.55698921148211],[-95.69625466414664,40.52864024169241],[-95.76804054400543,40.5312174207642],[-95.7644512500125,40.58533818127181]]]}},{"type":"Feature","id":"US-West-Virginia","properties":{"name":"West Virginia","country":"US"},"geometry":{"type":"Polygon","coordinates":[[[-82.5953315899159,38.4222258803488],[-82.53072429804298,38.40504468653686],[-82.40509900829008,38.439407074160734],[-82.32254524645246,38.4488567307573],[-82.30459877648777,38.49095065559655],[-82.29383089450894,38.57513850527505],[-82.25075936659367,38.59919217661176],[-82.19333066270663,38.59317875877758],[-82.17179489874898,38.61895054949549],[-82.1825627807278,38.70571557824577],[-82.2184557206572,38.79591684575845],[-82.14308054680546,38.84058794966949],[-82.14308054680546,38.89814494893948],[-82.0928304309043,38.973742201712014],[-82.04975890298903,38.996936813358126],[-82.02822313903138,39.02872202191021],[-81.98156231712316,38.99435963428633],[-81.94208008320084,38.99350057459574],[-81.89900855528555,38.92563485903858],[-81.92772290722907,38.89127247141471],[-81.88824067330673,38.87409127760277],[-81.85593702737027,38.892990590795904],[-81.84516914539145,38.92907109780097],[-81.81286549945499,38.94625229161291],[-81.78056185351853,38.924775799347984],[-81.76620467754677,39.020131425004244],[-81.80209761747618,39.04504415603155],[-81.81286549945499,39.08198372272722],[-81.74466891358914,39.09830585684856],[-81.75543679556796,39.18077558714587],[-81.72672244362444,39.21599703446034],[-81.69082950369503,39.2263057507475],[-81.68006162171622,39.27355403373033],[-81.56879350793507,39.26754061589615],[-81.55802562595626,39.3388425702157],[-81.46829327613275,39.40413110670106],[-81.40727527825278,39.38780897257972],[-81.38573951429514,39.34313786866868],[-81.3462572803728,39.34571504774047],[-81.27088210652106,39.386090853198525],[-81.20986410864109,39.3929633307233],[-81.17038187471874,39.439352554015535],[-81.1308996407964,39.44622503154031],[-81.10218528885288,39.48745989668896],[-81.04475658496585,39.536426299052984],[-80.93707776517765,39.612882611516106],[-80.8796490612906,39.620614148731484],[-80.86529188531885,39.69191610305102],[-80.82939894538946,39.71425165500654],[-80.86888117931178,39.75720463953639],[-80.82580965139651,39.79843950468504],[-80.82580965139651,39.847405907049065],[-80.78991671146711,39.867164279932794],[-80.80427388743887,39.91870786136861],[-80.75761306553065,39.909258204772044],[-80.76479165351654,39.95392930868308],[-80.73966659556595,39.971110502495016],[-80.73966659556595,40.07591578474784],[-80.7073629496295,40.101687575465746],[-80.7073629496295,40.15151303752037],[-80.67147000970009,40.19274790266902],[-80.65352353973539,40.24515054379543],[-80.61763059980599,40.26490891667916],[-80.5996841298413,40.32074779656796],[-80.61045201182012,40.402358467174665],[-80.59609483584836,40.463351705207046],[-80.62839848178481,40.53551271921719],[-80.66788071570716,40.57331134560345],[-80.63557706977069,40.6162643301333],[-80.58532695386954,40.6154052704427],[-80.52071966199662,40.63859988208881],[-80.52071966199662,39.721124132531315],[-80.07564720687206,39.721124132531315],[-79.47623511005109,39.721124132531315],[-79.48700299202991,39.20568831817317],[-79.45111005210052,39.211701736007356],[-79.3326633503335,39.30018488413884],[-79.28959182241822,39.29932582444824],[-79.25369888248882,39.35688282371823],[-79.14243076870768,39.408426405154046],[-79.09576994679946,39.47285588194881],[-79.05628771287712,39.47113776256762],[-78.95578748107481,39.44021161370613],[-78.91630524715247,39.48660083699836],[-78.77991207542075,39.62233226811267],[-78.73325125351253,39.613741671206704],[-78.77991207542075,39.601714835538345],[-78.73325125351253,39.586251761107604],[-78.72607266552666,39.56391620915208],[-78.65428678566785,39.53470817967179],[-78.59326878778788,39.535567239362386],[-78.5681437298373,39.520104164931645],[-78.46764349803497,39.516667926169255],[-78.41739338213382,39.54931219441194],[-78.4425184400844,39.59140611925118],[-78.39585761817618,39.59054705956059],[-78.43533985209852,39.61803696965969],[-78.38508973619736,39.608587313063126],[-78.3527860902609,39.64037252161521],[-78.28458950439504,39.620614148731484],[-78.18408927259273,39.69535234181341],[-78.09794621676217,39.678171148001475],[-78.03692821888218,39.636077223162225],[-78.00821386693866,39.601714835538345],[-77.94360657506574,39.61889602935029],[-77.88258857718577,39.59913765646656],[-77.8323384612846,39.60257389522894],[-77.8323384612846,39.57078868667686],[-77.88976716517165,39.55790279131791],[-77.84669563725637,39.49862767266672],[-77.77849905139051,39.463406225352244],[-77.78567763937639,39.43505725556255],[-77.75337399343994,39.424748539275384],[-77.73542752347524,39.38780897257972],[-77.75696328743287,39.33368821207211],[-77.72107034750347,39.32166137640376],[-77.75337399343994,39.28300369032689],[-77.82874916729168,39.13266824447244],[-78.10871409874099,39.312211719807195],[-78.34560750227502,39.46598340442404],[-78.35996467824678,39.412721703607026],[-78.34201820828208,39.38866803227032],[-78.36355397223971,39.35774188340883],[-78.33842891428914,39.34829222681226],[-78.42098267612675,39.25723189960899],[-78.39944691216913,39.24434600425003],[-78.43892914609145,39.1979567809578],[-78.40303620616206,39.16703063209631],[-78.4604649100491,39.1137689312793],[-78.48558996799967,39.10775551344513],[-78.57173302383023,39.0321582606726],[-78.55019725987259,39.01841330562305],[-78.60044737577375,38.96429254511544],[-78.62557243372433,38.98233279861798],[-78.67941184361844,38.92563485903858],[-78.71530478354784,38.905017426464255],[-78.71530478354784,38.935943575325744],[-78.79785854538545,38.87495033729336],[-78.86964442524425,38.76327257751577],[-78.99526971499715,38.850037606266056],[-79.0275733609336,38.79076248761487],[-79.08859135881359,38.72031959298592],[-79.09218065280652,38.65932635495354],[-79.12089500475004,38.66018541464414],[-79.15678794467945,38.61121901228012],[-79.21062735457355,38.492668774977744],[-79.31112758637586,38.411917164061634],[-79.47623511005109,38.45744732766327],[-79.53725310793108,38.55108483393833],[-79.64852122171222,38.59146063939639],[-79.69877133761338,38.48751441683416],[-79.68800345563456,38.43167553694536],[-79.73107498354983,38.38013195550955],[-79.81003945139452,38.30539376242762],[-79.78850368743687,38.26759513604135],[-79.83157521535215,38.24955488253882],[-79.92130756517565,38.17997104760047],[-79.94643262312623,38.13186370492704],[-79.92489685916858,38.106950973899735],[-79.9536112111121,38.081179183181824],[-79.97514697506975,38.02963560174601],[-80.01103991499915,37.98582355752557],[-80.07564720687206,37.942011513305125],[-80.18332602666027,37.85266930548305],[-80.25870120051201,37.756454620136196],[-80.25152261252612,37.72552847127471],[-80.2945941404414,37.692025143341425],[-80.28023696446964,37.656803696026955],[-80.21921896658966,37.62759566654666],[-80.26229049450494,37.59323327892278],[-80.32689778637786,37.56402524944249],[-80.3304870803708,37.53653533934339],[-80.28382625846258,37.533099100581],[-80.29818343443434,37.50818636955369],[-80.4740588400884,37.42313946018459],[-80.5099517800178,37.48155551914518],[-80.55302330793307,37.47382398192981],[-80.62121989379894,37.43344817647176],[-80.76838094750947,37.372454938439375],[-80.78273812348124,37.3947904903949],[-80.85811329733298,37.42743475863758],[-80.88323835528355,37.383622714417136],[-80.85093470934709,37.34668314772147],[-80.91913129521295,37.306307342263416],[-80.98014929309292,37.30201204381043],[-81.1129531708317,37.27881743216432],[-81.22422128461284,37.23500538794387],[-81.32113222242222,37.29943486473864],[-81.36061445634456,37.3380925508155],[-81.38932880828808,37.32005229731297],[-81.4180431602316,37.272804014330134],[-81.50059692206922,37.25819999958999],[-81.5077755100551,37.23242820887208],[-81.55443633196332,37.20751547784477],[-81.67647232772327,37.2015020600106],[-81.74466891358914,37.24273692515924],[-81.74466891358914,37.26335435773357],[-81.78774044150441,37.28483084999849],[-81.85234773337733,37.287408029070285],[-81.8774727913279,37.33207913298132],[-81.92772290722907,37.35870998338983],[-81.93490149521494,37.43602535554355],[-81.98874090510905,37.45492466873668],[-81.99233019910199,37.48327363852638],[-81.92772290722907,37.51248166800667],[-81.96720514115141,37.537394399033985],[-82.01745525705256,37.533958160271595],[-82.11795548885489,37.55972995098951],[-82.12872337083371,37.591515159541586],[-82.15743772277723,37.592374219232184],[-82.1825627807278,37.62673660685606],[-82.21486642666426,37.62501848747487],[-82.23999148461485,37.661098994479936],[-82.29383089450894,37.6705486510765],[-82.34049171641716,37.78566264961649],[-82.37638465634656,37.80198478373783],[-82.42304547825478,37.85438742486424],[-82.41945618426183,37.88359545434454],[-82.47329559415594,37.899917588465875],[-82.50200994609946,37.93342091639916],[-82.46252771217712,37.980669199381985],[-82.51636712207122,37.99956851257512],[-82.54867076800768,38.06829328782287],[-82.58456370793708,38.106950973899735],[-82.63840311783117,38.138736182451815],[-82.63840311783117,38.1713804506945],[-82.60968876588765,38.1713804506945],[-82.59892088390883,38.21862873367733],[-82.6132780598806,38.23580992748927],[-82.57379582595826,38.26415889727897],[-82.57020653196531,38.31398435933359],[-82.59892088390883,38.34491050819508],[-82.5953315899159,38.4222258803488]]]}},{"type":"Feature","id":"US-Illinois","properties":{"name":"Illinois","country":"US"},"geometry":{"type":"Polygon","coordinates":[[[-91.41781622456224,40.37830479583795],[-91.37474469664696,40.3920497508875],[-91.38192328463285,40.43500273541735],[-91.36756610866108,40.51231810757107],[-91.40704834258342,40.54238519674196],[-91.3603875206752,40.60166031539315],[-91.24911940689407,40.63859988208881],[-91.18451211502115,40.637740822398214],[-91.11990482314823,40.67296226971269],[-91.11631552915529,40.725364910839104],[-91.09477976519764,40.76745883567835],[-91.09119047120471,40.825015834948346],[-91.05529753127531,40.84821044659446],[-91.00504741537415,40.90490838617386],[-90.96556518145181,40.9212305202952],[-90.94402941749416,41.01229084749847],[-90.94761871148711,41.09647869717696],[-90.99427953339533,41.160908173971734],[-91.04094035530355,41.16606253211531],[-91.11272623516234,41.23908260581605],[-91.07324400124001,41.30523020199201],[-91.06606541325412,41.368800619096184],[-91.04452964929649,41.41604890207901],[-90.97633306343063,41.434089155581546],[-90.92967224152241,41.4212032602226],[-90.8471184796848,41.45556564784647],[-90.73585036590366,41.45041128970289],[-90.6497073100731,41.465015304443035],[-90.59227860618606,41.51312264711646],[-90.55638566625666,41.52429042309422],[-90.46306402244022,41.523431363403624],[-90.3984567305673,41.572397765767654],[-90.34102802668026,41.59043801927019],[-90.34461732067321,41.64713595884958],[-90.31231367473674,41.6978204805948],[-90.31231367473674,41.742491584505835],[-90.28001002880029,41.76740431553315],[-90.17950979699796,41.8094982403724],[-90.18309909099091,41.84471968768687],[-90.15438473904739,41.90657198540985],[-90.16515262102621,41.95639744746447],[-90.14002756307562,42.00880008859088],[-90.16515262102621,42.04058529714296],[-90.16156332703326,42.11704160960609],[-90.20822414894148,42.15226305692056],[-90.37692096660966,42.21497441433414],[-90.43076037650376,42.27854483143831],[-90.41999249452495,42.33008841287412],[-90.47742119841197,42.38420917338173],[-90.55638566625666,42.415994381933814],[-90.56356425424254,42.438329933889335],[-90.64252872208722,42.46839702306023],[-90.64252872208722,42.508772828518275],[-90.48101049240492,42.50705470913709],[-89.66624075600755,42.50533658975589],[-89.48318676236762,42.501041291302904],[-88.78686372773727,42.49159163470634],[-88.63970267402674,42.49502787346873],[-88.09412998709986,42.495886933159326],[-87.7998078796788,42.49159163470634],[-87.80698646766467,42.385068233072325],[-87.83570081960819,42.30173944308442],[-87.7998078796788,42.20810193680936],[-87.72443270582706,42.107591953009525],[-87.68136117791178,42.07580674445744],[-87.67059329593296,42.02941752116521],[-87.62393247402474,41.91000822417224],[-87.60957529805297,41.845578747377466],[-87.55932518215182,41.765686196151954],[-87.5306108302083,41.74850500234002],[-87.52343224222241,41.70812919688196],[-87.52702153621536,41.48992803547035],[-87.52702153621536,40.46249264551645],[-87.5306108302083,40.25030490193901],[-87.5306108302083,39.997741352903525],[-87.53420012420123,39.98743263661636],[-87.53420012420123,39.64638593944939],[-87.5306108302083,39.64638593944939],[-87.5306108302083,39.34829222681226],[-87.57727165211652,39.34056068959689],[-87.59880741607415,39.313070779497785],[-87.60598600406004,39.26152719806198],[-87.57368235812358,39.21857421353213],[-87.64187894398944,39.16703063209631],[-87.63111106201062,39.10431927468274],[-87.57368235812358,39.05707099169991],[-87.57727165211652,38.989205276142755],[-87.5126643602436,38.954842888518876],[-87.55214659416593,38.85948726286262],[-87.49830718427184,38.77873565194651],[-87.4947178902789,38.742655144941445],[-87.54496800618006,38.677366608456076],[-87.59521812208122,38.66705789216891],[-87.6203431800318,38.63956798206981],[-87.65264682596826,38.56826602775027],[-87.65264682596826,38.511568088170876],[-87.73878988179881,38.47548758116581],[-87.73161129381293,38.442843312923124],[-87.77827211572115,38.37068229891298],[-87.80698646766467,38.36295076169761],[-87.85364728957289,38.27532667325673],[-87.88236164151641,38.303675643046425],[-87.90748669946699,38.26845419573195],[-87.92543316943168,38.29852128490284],[-87.95773681536815,38.24010522594225],[-87.99004046130462,38.24869582284822],[-87.97568328533285,38.198011301103],[-87.92543316943168,38.14646771966719],[-88.00439763727637,38.08375636225362],[-87.9613261093611,38.100078496374955],[-87.96850469734697,38.06743422813228],[-88.03670128321284,38.05111209401093],[-88.00798693126931,38.02877654205541],[-88.01157622526225,37.9772329606196],[-88.06541563515634,37.919675961349604],[-88.01157622526225,37.8947632303223],[-88.09771928109281,37.90163570784707],[-88.04029057720577,37.822602216312156],[-88.08336210512105,37.830333753527526],[-88.06900492914929,37.80112572404723],[-88.02952269522694,37.79940760466604],[-88.05823704717046,37.74270966508664],[-88.11925504505045,37.71264257591575],[-88.15873727897278,37.664535233242326],[-88.1336122210222,37.57433396572965],[-88.06182634116341,37.51591790676906],[-88.08336210512105,37.472964922239214],[-88.25564821678216,37.456642788117875],[-88.29871974469744,37.44719313152131],[-88.36332703657037,37.40252202761027],[-88.41357715247152,37.42485757956579],[-88.47818444434444,37.387058953179526],[-88.48536303233033,37.3398106701967],[-88.51766667826678,37.283971790307895],[-88.5104880902809,37.26249529804297],[-88.44947009240092,37.206656418154175],[-88.42434503445034,37.14995847857478],[-88.46023797437974,37.07350216611165],[-88.51407738427383,37.064911569205684],[-88.56073820618205,37.076079345183445],[-88.62893479204791,37.12075044909449],[-88.75456008180082,37.15511283671836],[-88.80481019770197,37.18861616465164],[-88.9160783114831,37.22469667165671],[-88.98427489734897,37.228991970109696],[-89.03093571925719,37.21095171660716],[-89.0775965411654,37.17487120960209],[-89.10990018710187,37.11903232971329],[-89.16732889098891,37.07436122580225],[-89.18168606696067,37.02711294281942],[-89.1314359510595,36.982441838908386],[-89.17091818498184,36.97041500324003],[-89.19963253692536,37.01594516684166],[-89.26065053480535,37.064052509515086],[-89.3109006507065,37.05374379322792],[-89.2570612408124,37.01508610715106],[-89.2929541807418,36.99189149550495],[-89.37909723657236,37.03999883817838],[-89.37550794257942,37.08552900178001],[-89.41499017650176,37.12504574754747],[-89.46165099840998,37.1997839406294],[-89.45806170441703,37.24015974608746],[-89.51907970229702,37.28568990968909],[-89.4903653503535,37.333797252362515],[-89.4365259404594,37.34410596864968],[-89.42216876448764,37.39736766946669],[-89.51549040830407,37.53567627965279],[-89.52266899628997,37.57862926418264],[-89.47600817438175,37.58550174170741],[-89.51549040830407,37.643917800668],[-89.51549040830407,37.69288420303202],[-89.58368699416994,37.71350163560635],[-89.6159906401064,37.74958214261142],[-89.66624075600755,37.75215932168321],[-89.65906216802168,37.78652170930709],[-89.7416159298593,37.84665588764887],[-89.79545533975339,37.856964603936035],[-89.79904463374633,37.88187733496334],[-89.84570545565455,37.90593100630006],[-89.88159839558395,37.87930015589155],[-89.95338427544274,37.88359545434454],[-89.97492003940039,37.926548438874384],[-89.93184851148511,37.94716587144871],[-89.94261639346394,37.97036048309482],[-90.00004509735096,37.96434706526065],[-90.06106309523095,38.01589064669646],[-90.08977744717447,38.01589064669646],[-90.12925968109681,38.06227986998869],[-90.2189920309203,38.09406507854078],[-90.2907779107791,38.1705213910039],[-90.35538520265202,38.21347437553375],[-90.37333167261673,38.27360855387553],[-90.36974237862378,38.34061520974209],[-90.34461732067321,38.38528631365313],[-90.28359932279322,38.44370237261372],[-90.26206355883558,38.52874928198281],[-90.18309909099091,38.61121901228012],[-90.17592050300503,38.6430042208322],[-90.21181344293443,38.72203771236712],[-90.16515262102621,38.77272223411234],[-90.12208109311092,38.79763496513964],[-90.11490250512504,38.84917854657546],[-90.25129567685677,38.919621441204406],[-90.3087243807438,38.92391673965739],[-90.40563531855318,38.96257442573425],[-90.47383190441904,38.95913818697186],[-90.5061355503555,38.90244024739247],[-90.54561778427784,38.87495033729336],[-90.58510001820018,38.86893691945919],[-90.66406448604485,38.928212038110374],[-90.67483236802367,38.98405091799918],[-90.71431460194601,39.05707099169991],[-90.68201095600956,39.0879971405614],[-90.71072530795307,39.155003796427955],[-90.72149318993189,39.23231916858168],[-90.7932790697907,39.3096345407354],[-91.00504741537415,39.42732571834718],[-91.06247611926119,39.47371494163941],[-91.10195835318353,39.539003478124776],[-91.14861917509175,39.54587595564955],[-91.18451211502115,39.605151074300736],[-91.22399434894349,39.617177909969094],[-91.27783375883759,39.66614431233312],[-91.37115540265403,39.732291908509076],[-91.3603875206752,39.78469454963549],[-91.37474469664696,39.808748220972205],[-91.42858410654107,39.8379562504525],[-91.44653057650576,39.87060051869518],[-91.41781622456224,39.92729845827458],[-91.44294128251282,39.95135212961129],[-91.49319139841398,40.036399038980385],[-91.51472716237161,40.178143887928876],[-91.50754857438574,40.23913712596125],[-91.44653057650576,40.36284172140721],[-91.41781622456224,40.37830479583795]]]}},{"type":"Feature","id":"US-New-Mexico","properties":{"name":"New Mexico","country":"US"},"geometry":{"type":"Polygon","coordinates":[[[-109.04483902389023,36.998763973029725],[-108.24801575745757,36.998763973029725],[-107.42247813908139,36.99962303272032],[-106.87690545215452,37.00048209241092],[-106.86972686416864,36.99275055519555],[-106.20211818148181,36.99446867457674],[-105.1217406896069,36.995327734267335],[-104.99970469384694,36.99360961488614],[-104.33927459914598,36.99360961488614],[-103.73268391433913,36.99790491333913],[-103.0004679397794,37.00048209241092],[-103.0004679397794,36.60273745566455],[-103.00405723377233,36.50050935248352],[-103.04353946769467,36.50050935248352],[-103.03995017370173,36.317529638386375],[-103.03995017370173,35.62255034869348],[-103.04353946769467,35.24971844297443],[-103.04353946769467,33.945665832648324],[-103.05071805568055,33.74636398442984],[-103.05789664366642,33.38813609345093],[-103.05789664366642,33.26013619955199],[-103.06507523165232,33.04193503814037],[-103.06507523165232,32.000754693136926],[-103.72191603236031,31.99989563344633],[-104.53309647476475,31.99989563344633],[-105.43041997299973,32.000754693136926],[-106.61847628466285,32.000754693136926],[-106.62206557865578,31.91398966438664],[-106.64719063660635,31.898526589955893],[-106.63642275462755,31.865882321713208],[-106.60052981469813,31.84440582944829],[-106.60411910869108,31.824647456564563],[-106.54669040480404,31.80746626275262],[-106.52874393483934,31.78341259141591],[-107.29685284932849,31.78341259141591],[-108.20853352353522,31.78341259141591],[-108.20853352353522,31.33326531354313],[-109.04842831788318,31.332406253852533],[-109.04842831788318,33.77814919298192],[-109.04483902389023,33.87522293801938],[-109.04842831788318,33.999786593155925],[-109.04483902389023,34.52209488503885],[-109.04483902389023,35.31672509884098],[-109.04842831788318,35.34249688955889],[-109.04483902389023,35.54609403623036],[-109.04483902389023,36.998763973029725]]]}},{"type":"Feature","id":"US-Arkansas","properties":{"name":"Arkansas","country":"US"},"geometry":{"type":"Polygon","coordinates":[[[-94.61946646626465,36.49965029279292],[-93.86571472774727,36.498791233102324],[-93.0688914613146,36.497932173411726],[-92.56280100831007,36.497932173411726],[-91.40345904859048,36.49707311372113],[-90.15079544505444,36.497932173411726],[-90.13284897508974,36.436938935379345],[-90.14361685706857,36.4240530400204],[-90.0646523892239,36.38625441363413],[-90.0825988591886,36.27199947478474],[-90.11490250512504,36.26598605695057],[-90.12567038710387,36.229046490254895],[-90.18309909099091,36.204992818918186],[-90.236938500885,36.159462655316545],[-90.236938500885,36.13970428243282],[-90.31949226272262,36.089878820378196],[-90.37692096660966,35.99538225441254],[-89.73443734187342,36.00053661255612],[-89.72008016590165,35.967892344313434],[-89.65547287402873,35.92579841947419],[-89.65547287402873,35.88714073339733],[-89.7416159298593,35.90689910628106],[-89.77391957579576,35.86480518144181],[-89.70213369593695,35.83387903258032],[-89.7416159298593,35.80553006279062],[-89.78109816378164,35.804671003100026],[-89.81340180971809,35.75999989918898],[-89.87441980759807,35.74110058599585],[-89.90672345353452,35.759140839498386],[-89.96056286342863,35.723919392183916],[-89.93902709947099,35.66550333322333],[-89.90672345353452,35.65089931848318],[-89.86365192561925,35.670657691366905],[-89.85288404364043,35.63801342312423],[-89.94620568745687,35.601932916119154],[-89.94261639346394,35.55640275251752],[-89.91031274752747,35.54781215561155],[-89.92108062950629,35.51344976798767],[-90.00004509735096,35.5615571106611],[-90.03234874328743,35.55382557344573],[-90.05029521325213,35.50400011139111],[-90.01799156731568,35.46791960438604],[-90.057473801238,35.40349012759127],[-90.08618815318152,35.4790873803638],[-90.16874191501914,35.4215303810938],[-90.17950979699796,35.382013635326345],[-90.13643826908269,35.37685927718277],[-90.12925968109681,35.41379884387843],[-90.0754202712027,35.38373175470754],[-90.10772391713917,35.343355949249485],[-90.10772391713917,35.304698263172625],[-90.16515262102621,35.29610766626666],[-90.15079544505444,35.2557318608086],[-90.09695603516035,35.24971844297443],[-90.0754202712027,35.22480571194711],[-90.11849179911799,35.18786614525145],[-90.0646523892239,35.13804068319683],[-90.10054532915329,35.1165641909319],[-90.14361685706857,35.13460444443444],[-90.17592050300503,35.112268892478916],[-90.20822414894148,35.02636292341923],[-90.29795649876499,35.03753069939699],[-90.3087243807438,34.99543677455774],[-90.24770638286383,34.94818849157491],[-90.24770638286383,34.90953080549805],[-90.31231367473674,34.87173217911179],[-90.42358178851788,34.83393355272552],[-90.43793896448965,34.88461807447074],[-90.47742119841197,34.88633619385193],[-90.48459978639787,34.861423462824625],[-90.45588543445434,34.823624836438356],[-90.47383190441904,34.80214834417344],[-90.4522961404614,34.74029604645046],[-90.50254625636256,34.723973912329114],[-90.52049272632726,34.75318194180941],[-90.51331413834139,34.80214834417344],[-90.54920707827078,34.77895373252732],[-90.54202849028489,34.74888664335643],[-90.56715354823548,34.73685980768807],[-90.54561778427784,34.7024974200642],[-90.47383190441904,34.700779300683],[-90.46665331643317,34.674148450274494],[-90.51690343233432,34.63119546574465],[-90.55638566625666,34.646658540175395],[-90.55279637226371,34.688752465014645],[-90.58868931219311,34.67071221151211],[-90.58868931219311,34.615732391313905],[-90.54561778427784,34.5633297501875],[-90.54202849028489,34.54013513854138],[-90.58868931219311,34.496323094320935],[-90.56715354823548,34.42502114000139],[-90.65688589805897,34.37605473763737],[-90.65688589805897,34.32193397712977],[-90.69277883798837,34.322793036820364],[-90.68201095600956,34.369182260112595],[-90.75020754187541,34.368323200422],[-90.76815401184011,34.34512858877588],[-90.73943965989659,34.30647090269902],[-90.76456471784718,34.280699111981114],[-90.83276130371303,34.26781321662216],[-90.8471184796848,34.20681997858978],[-90.90454718357184,34.24375954528545],[-90.93685082950829,34.218846814258136],[-90.88660071360714,34.18190724756247],[-90.81481483374833,34.18276630725307],[-90.80763624576245,34.161289814988145],[-90.85429706767067,34.13723614365143],[-90.91172577155771,34.165585113441125],[-90.95479729947299,34.138095203342026],[-90.92249365353653,34.09428315912159],[-90.88301141961419,34.09686033819337],[-90.87224353763537,34.07624290561905],[-90.90095788957889,34.02384026449264],[-90.98710094540945,34.018685906349056],[-90.96197588745888,33.980028220272196],[-91.0014581213812,33.96628326522265],[-91.0194045913459,34.003222831918315],[-91.07683329523294,33.983464459034586],[-91.08760117721177,33.95855172800727],[-91.0086367093671,33.92934369852698],[-91.07324400124001,33.86233704266042],[-91.04811894328942,33.81508875967759],[-90.99069023940238,33.79275320772207],[-91.0265831793318,33.76354517824178],[-91.05529753127531,33.77900825267252],[-91.14144058710586,33.777290133291324],[-91.14502988109881,33.72660561154611],[-91.10913694116941,33.70427005959059],[-91.06247611926119,33.71629689525895],[-91.03376176731767,33.6733439107291],[-91.07683329523294,33.657880836298354],[-91.13426199911999,33.67678014949149],[-91.15938705707056,33.706847238662384],[-91.22040505495055,33.69310228361283],[-91.22758364293642,33.669048612276114],[-91.13785129311293,33.625236568055676],[-91.13067270512705,33.59688759826598],[-91.23117293692937,33.5616661509515],[-91.18451211502115,33.5075453904439],[-91.2347622309223,33.43882061519614],[-91.17015493904938,33.452565570245696],[-91.17374423304233,33.49637761446614],[-91.12349411714116,33.47318300282002],[-91.13785129311293,33.42679377952779],[-91.1988692909929,33.41820318262182],[-91.20963717297172,33.40188104850048],[-91.17374423304233,33.38126361592615],[-91.11272623516234,33.39329045159451],[-91.07683329523294,33.456001809008086],[-91.05888682526825,33.42851189890899],[-91.14144058710586,33.35119652675526],[-91.14144058710586,33.29621670655706],[-91.09836905919059,33.23780064759647],[-91.08760117721177,33.27388115460154],[-91.05170823728237,33.2850489305793],[-91.04452964929649,33.26529055769557],[-91.09119047120471,33.22061945378453],[-91.08401188321884,33.156189976989765],[-91.09477976519764,33.136431604106036],[-91.14502988109881,33.12955912658126],[-91.18451211502115,33.141585962249614],[-91.20245858498585,33.10808263431634],[-91.11990482314823,33.05482093349933],[-91.16656564505645,33.00413641175411],[-91.9526210295103,33.0075726505165],[-92.50537230442303,33.01186794896948],[-93.0688914613146,33.017881366803664],[-93.37757074470744,33.017881366803664],[-94.04159013340133,33.01959948618486],[-94.04159013340133,33.541907778067774],[-94.04517942739427,33.55135743466434],[-94.04517942739427,33.55135743466434],[-94.10260813128131,33.57025674785747],[-94.12414389523894,33.55221649435494],[-94.14209036520364,33.57798828507285],[-94.18516189311893,33.59259229981299],[-94.22464412704127,33.553075554045535],[-94.300019300893,33.57627016569165],[-94.31078718287182,33.55135743466434],[-94.33950153481534,33.56682050909509],[-94.35744800478004,33.54362589744897],[-94.39334094470944,33.55135743466434],[-94.38616235672356,33.58228358352583],[-94.41846600266003,33.57712922538225],[-94.45794823658237,33.59860571764717],[-94.45794823658237,33.644994940939405],[-94.48666258852587,33.638122463414625],[-94.46871611856118,34.18963878477784],[-94.4615375305753,34.54786667575675],[-94.45435894258942,34.69390682315822],[-94.45076964859648,34.8957858504485],[-94.44000176661766,35.120000429694294],[-94.43282317863178,35.3940404709947],[-94.48666258852587,35.72649657125571],[-94.50101976449764,35.796939465884655],[-94.5512698803988,36.101905656046554],[-94.57280564435644,36.21100623675236],[-94.59793070230702,36.38797253301532],[-94.61946646626465,36.49965029279292]]]}},{"type":"Feature","id":"US-California","properties":{"name":"California","country":"US"},"geometry":{"type":"MultiPolygon","coordinates":[[[[-118.60312892708927,33.47833736096361],[-118.54570022320223,33.47404206251062],[-118.4451999913999,33.42851189890899],[-118.36982481754816,33.40961258571585],[-118.36623552355522,33.38813609345093],[-118.30880681966819,33.33573345232452],[-118.32675328963289,33.298793885628854],[-118.37341411154111,33.32027037789377],[-118.46673575535755,33.32628379572795],[-118.48827151931519,33.356350884898845],[-118.48827151931519,33.41992130200301],[-118.56005739917399,33.433666257052565],[-118.60312892708927,33.47833736096361]]],[[[-118.6067182210822,33.03076726216261],[-118.57441457514574,33.034203500925],[-118.49545010730107,32.933693517125164],[-118.35187834758347,32.822015757347565],[-118.38777128751286,32.825451996109955],[-118.4272535214352,32.80655268291682],[-118.48827151931519,32.844351309303086],[-118.5349323412234,32.906203607026065],[-118.58518245712457,33.0084317102071],[-118.6067182210822,33.03076726216261]]],[[[-119.05896926419263,33.491223256322556],[-119.03025491224912,33.49723667415674],[-119.02666561825617,33.46201522684226],[-119.06614785217852,33.468028644676444],[-119.05896926419263,33.491223256322556]]],[[[-119.43225583945838,34.02899462263622],[-119.40354148751487,34.014390607896075],[-119.36405925359253,34.026417443564426],[-119.36405925359253,34.00064565284652],[-119.42507725147252,33.99720941408413],[-119.45738089740897,34.01524966758667],[-119.43225583945838,34.02899462263622]]],[[[-119.57941689316893,33.279035512745125],[-119.52916677726776,33.2850489305793],[-119.45738089740897,33.25498184140841],[-119.42866654546545,33.22835099099991],[-119.47532736737367,33.21546509564095],[-119.54711324723246,33.233505349143485],[-119.57941689316893,33.279035512745125]]],[[[-119.92039982249821,34.077101965309645],[-119.85579253062531,34.07108854747547],[-119.80913170871708,34.05218923428234],[-119.75529229882298,34.05648453273532],[-119.68709571295713,34.01954496603965],[-119.61889912709125,34.01610872727727],[-119.5937740691407,34.049612055210545],[-119.52198818928188,34.03243086139861],[-119.56147042320423,33.995491294702944],[-119.66197065500654,33.98604163810638],[-119.72298865288653,33.95941078769787],[-119.87373900059,33.980028220272196],[-119.87732829458294,34.03243086139861],[-119.92039982249821,34.077101965309645]]],[[[-120.24702557585576,34.00150471253712],[-120.16806110801107,34.00837719006189],[-120.13575746207462,34.026417443564426],[-120.08909664016639,34.01954496603965],[-120.04243581825818,34.035867100161],[-120.04243581825818,33.99463223501235],[-119.97782852638525,33.983464459034586],[-119.9742392323923,33.94222959388593],[-120.12140028610285,33.8958403705937],[-120.1788289899899,33.92762557914578],[-120.24702557585576,34.00150471253712]]],[[[-120.44802603946039,34.03758521954219],[-120.39059733557335,34.05218923428234],[-120.3690615716157,34.07624290561905],[-120.34752580765806,34.046175816448155],[-120.30086498574985,34.02384026449264],[-120.3762401596016,34.018685906349056],[-120.44802603946039,34.03758521954219]]],[[[-124.21319543805437,41.99849137230372],[-123.65685486914867,41.99505513354133],[-123.62455122321222,42.00020949168491],[-123.34817558575585,41.999350431994316],[-123.14717512215121,42.00965914828148],[-123.0466748903489,42.0027866707567],[-122.6339060811608,42.004504790137894],[-122.50110220342202,42.00880008859088],[-122.16011927409274,42.007941028900284],[-121.99860104441044,42.003645730447296],[-121.44584976949768,41.99677325292252],[-121.03667025430254,41.99333701416013],[-120.32957933769336,41.99333701416013],[-119.9993642903429,41.99505513354133],[-119.9993642903429,41.99419607385073],[-119.9993642903429,40.75027764186641],[-119.99577499634995,40.72106961238612],[-119.99577499634995,40.071620486294854],[-119.9993642903429,39.73401002789027],[-120.00295358433584,39.72284225191251],[-120.00295358433584,39.33025197330973],[-120.00654287832877,39.2254466910569],[-119.9993642903429,38.99951399242992],[-119.90604264652646,38.93336639625396],[-119.49327383733836,38.64987669835698],[-119.08409432214322,38.361232642316416],[-118.857968800588,38.20488377862778],[-118.50262869528694,37.9488839908299],[-118.05396694616945,37.62501848747487],[-117.83143071860718,37.46523338502384],[-117.3755903815038,37.12676386692866],[-116.25214136171361,36.27715383292832],[-115.41224656736566,35.62512752776527],[-115.16099598785988,35.424107560165595],[-114.6333697708977,35.00145019239192],[-114.63695906489065,34.87516841787417],[-114.5795303610036,34.82620201551015],[-114.55440530305303,34.76692689685896],[-114.4718515412154,34.71280613635136],[-114.37852989739896,34.507490870298696],[-114.38570848538485,34.457665408244075],[-114.33904766347663,34.4516519904099],[-114.22777954969548,34.365746021350205],[-114.17752943379433,34.349423887228866],[-114.13804719987199,34.303034663936636],[-114.13445790587905,34.260940739097386],[-114.22419025570255,34.20510185920859],[-114.22777954969548,34.188779725087244],[-114.28879754757547,34.17073947158471],[-114.32469048750487,34.13637708396083],[-114.40724424934248,34.111464352933524],[-114.435958601286,34.08741068159681],[-114.435958601286,34.02813556294562],[-114.53645883308832,33.92848463883638],[-114.51133377513774,33.911303445024444],[-114.50415518715187,33.864055162041616],[-114.52569095110951,33.85890080389803],[-114.52928024510244,33.81508875967759],[-114.50415518715187,33.76010893947939],[-114.49697659916599,33.69653852237522],[-114.52569095110951,33.68622980608806],[-114.54004812708126,33.591733240122394],[-114.52569095110951,33.55221649435494],[-114.55799459704596,33.53159906178061],[-114.65849482884828,33.41304882447824],[-114.72669141471414,33.40531728726287],[-114.69797706277062,33.36150524304242],[-114.73028070870708,33.30566636315363],[-114.67644129881297,33.27044491583915],[-114.68361988679887,33.148458439774394],[-114.70874494474944,33.090901440504396],[-114.65849482884828,33.03248538154381],[-114.64772694686947,33.04708939628396],[-114.60106612496125,33.025612904019034],[-114.57594106701066,33.036780679996795],[-114.51851236312362,33.02990820247202],[-114.46467295322952,32.91307608455084],[-114.46826224722247,32.84521036899368],[-114.53286953909539,32.79108960848608],[-114.52569095110951,32.7567272208622],[-114.615423300933,32.73439166890668],[-114.70156635676356,32.74555944488444],[-114.71951282672826,32.71892859447594],[-116.21265912779127,32.61068707346073],[-117.12433980199802,32.5342307609976],[-117.13510768397683,32.6184186106761],[-117.16741132991329,32.67168031149311],[-117.19612568185681,32.68886150530505],[-117.24637579775796,32.66910313242132],[-117.2571436797368,32.72580107200071],[-117.25355438574385,32.786794310033095],[-117.28226873768736,32.822015757347565],[-117.24996509175091,32.87441839847398],[-117.28226873768736,33.01272700866008],[-117.3289295595956,33.121827589365886],[-117.36123320553205,33.16821681265812],[-117.50480496524965,33.33401533294332],[-117.59453731507315,33.38641797406974],[-117.63043025500255,33.430230018290175],[-117.68426966489665,33.46201522684226],[-117.7165733108331,33.460297107461066],[-117.78476989669896,33.541907778067774],[-117.8780915405154,33.59259229981299],[-117.92834165641656,33.60547819517195],[-118.00012753627536,33.65444459753597],[-118.08985988609885,33.730041850308496],[-118.17600294192941,33.76354517824178],[-118.18318152991529,33.72316937278372],[-118.25855670376703,33.703410999899994],[-118.32316399563996,33.71543783556835],[-118.35905693556936,33.736914327833276],[-118.41289634546345,33.742068685976854],[-118.4272535214352,33.77471295421954],[-118.39494987549875,33.80392098369983],[-118.39136058150581,33.8408605503955],[-118.44161069740696,33.94051147450474],[-118.4810929313293,33.995491294702944],[-118.54211092920929,34.038444279232785],[-118.66773621896218,34.03930333892338],[-118.74670068680686,34.03243086139861],[-118.8041293906939,34.00150471253712],[-118.85437950659505,34.034148980779804],[-118.95487973839738,34.04789393582935],[-119.08768361613616,34.09857845757457],[-119.13075514405143,34.10029657695576],[-119.216898199882,34.145826740557396],[-119.27791619776197,34.26695415693156],[-119.31380913769138,34.27554475383753],[-119.37482713557135,34.32107491743917],[-119.38918431154312,34.31849773836738],[-119.46097019140191,34.37433661825618],[-119.53634536525365,34.3958131105211],[-119.55788112921128,34.41299430433304],[-119.67273853698536,34.41643054309542],[-119.7301672408724,34.3958131105211],[-119.79477453274532,34.41728960278602],[-119.87373900059,34.40869900588005],[-120.00654287832877,34.46024258731587],[-120.08909664016639,34.46024258731587],[-120.14293605006048,34.473128482674824],[-120.30086498574985,34.46711506484064],[-120.47315109741098,34.44821575164751],[-120.47674039140391,34.47484660205601],[-120.52340121331213,34.53154454163541],[-120.58082991719917,34.55731633235332],[-120.62390144511444,34.55388009359093],[-120.64543720907209,34.58137000369003],[-120.59877638716387,34.704215539445386],[-120.63825862108621,34.7557591208812],[-120.60954426914267,34.857987224062235],[-120.67056226702266,34.904376447354466],[-120.63825862108621,35.00316831177311],[-120.63466932709326,35.12343666845668],[-120.69927661896618,35.1715440111301],[-120.74952673486735,35.177557428964285],[-120.76029461684615,35.15951717546175],[-120.85720555465554,35.20676545844458],[-120.89668778857788,35.24800032359323],[-120.86079484864848,35.36053714306142],[-120.86797343663436,35.40349012759127],[-120.9074556705567,35.44902029119291],[-121.00436660836607,35.46104712686126],[-121.10127754617545,35.54867121530215],[-121.16588483804837,35.635436244052435],[-121.25202789387893,35.65691273631736],[-121.31304589175892,35.71361067589675],[-121.33099236172362,35.7831945108351],[-121.38842106561066,35.82357031629316],[-121.41354612356122,35.855355524845244],[-121.4637962394624,35.885422614016136],[-121.48533200342003,35.970469523385226],[-121.50327847338473,36.00053661255612],[-121.57506435324353,36.02544934358343],[-121.62890376313763,36.11479155140551],[-121.71863611296112,36.19554316232162],[-121.83708281472815,36.25052298251982],[-121.87656504865048,36.28918066859668],[-121.905279400594,36.35790544384443],[-121.90169010660105,36.393985950849505],[-121.9411723405234,36.48075097959979],[-121.93399375253752,36.559784471134705],[-121.97347598645986,36.57352942618426],[-121.93758304653045,36.637099843288425],[-121.87297575465755,36.60445557504575],[-121.84067210872108,36.63022736576365],[-121.8155470507705,36.682630006890065],[-121.78683269882697,36.80375742326423],[-121.86220787267871,36.93175731716317],[-121.905279400594,36.96869688385883],[-121.9411723405234,36.9781465404554],[-121.97347598645986,36.95409286911868],[-122.10627986419863,36.95581098849988],[-122.20678009600095,37.014227047460466],[-122.28574456384564,37.101851135901356],[-122.33599467974679,37.1173142103321],[-122.34317326773267,37.1439450607406],[-122.40419126561264,37.195488642176414],[-122.4185484415844,37.248750342993425],[-122.40060197161971,37.35956904308043],[-122.44367349953498,37.43602535554355],[-122.45085208752087,37.48069645945459],[-122.49392361543615,37.49272329512294],[-122.51545937939379,37.52107226491264],[-122.51904867338672,37.576052085110845],[-122.50110220342202,37.599246696756964],[-122.49392361543615,37.66539429293292],[-122.51545937939379,37.780508291472906],[-122.46520926349262,37.80456196280962],[-122.40778055960558,37.811434440334395],[-122.38624479564794,37.79081700776007],[-122.36111973769738,37.715219754987544],[-122.39342338363383,37.70748821777217],[-122.35394114971149,37.6155688308783],[-122.36111973769738,37.592374219232184],[-122.264208799888,37.572615846348455],[-122.16729786207861,37.5038910711007],[-122.13858351013509,37.50818636955369],[-122.08833339423393,37.45406560904608],[-122.04526186631865,37.456642788117875],[-122.0667976302763,37.49100517574175],[-122.10986915819157,37.50732730986309],[-122.14576209812097,37.58206550294502],[-122.17088715607156,37.675703009220086],[-122.2462623299233,37.72209223251232],[-122.25344091790917,37.761608978279774],[-122.33240538575384,37.783944530235296],[-122.30010173981739,37.84751494733947],[-122.32522679776797,37.90593100630006],[-122.37906620766208,37.90507194660946],[-122.42931632356323,37.96348800557005],[-122.40060197161971,37.95575646835468],[-122.36829832568324,37.9780920203102],[-122.36829832568324,38.01245440793407],[-122.30010173981739,38.01073628855288],[-122.264208799888,38.04423961648616],[-122.30010173981739,38.10523285451854],[-122.39342338363383,38.1430314809048],[-122.44008420554205,38.1172596901869],[-122.49033432144321,38.11210533204331],[-122.48315573345732,38.07172952658526],[-122.50110220342202,38.0322127808178],[-122.44726279352793,37.98840073659736],[-122.49033432144321,37.96692424433244],[-122.50469149741497,37.92912561794617],[-122.4364949115491,37.881018275272744],[-122.46161996949968,37.86899143960439],[-122.50110220342202,37.8939041706317],[-122.47597714547145,37.83291093259932],[-122.52981655536556,37.81916597754977],[-122.56212020130201,37.85181024579245],[-122.65544184511845,37.90421288691886],[-122.70210266702667,37.8939041706317],[-122.78465642886428,37.95146116990169],[-122.82054936879368,37.99699133350333],[-122.88156736667366,38.02534030329303],[-122.9389960705607,38.0322127808178],[-123.0107819504195,38.003863811028104],[-122.96053183451833,38.11296439173391],[-122.94976395253951,38.15419925688256],[-122.9928354804548,38.23323274841748],[-122.96771042250421,38.250413942229414],[-123.02513912639125,38.3105481205712],[-123.0646213603136,38.30195752366523],[-123.06821065430654,38.35951452293522],[-123.12922865218651,38.450574850138494],[-123.20101453204532,38.49438689435894],[-123.25126464794647,38.51070902848028],[-123.33022911579116,38.565688848678484],[-123.46303299352994,38.71688335422353],[-123.51328310943109,38.74179608525085],[-123.5419974613746,38.77701753256532],[-123.65326557515574,38.854332904719044],[-123.7394086309863,38.953983828828285],[-123.68915851508514,39.02099048469484],[-123.69274780907809,39.05707099169991],[-123.74299792497925,39.16531251271512],[-123.80042662886629,39.27097685465854],[-123.82555168681685,39.36117812217122],[-123.81478380483804,39.44622503154031],[-123.76812298292982,39.5596209106991],[-123.78606945289452,39.60429201461014],[-123.78606945289452,39.66013089449894],[-123.83631956879569,39.739164386033856],[-123.85067674476744,39.83194283261832],[-123.90810544865448,39.86286898147981],[-123.92964121261213,39.910117264462635],[-124.05526650236501,40.024372203312026],[-124.0803915603156,40.029526561455604],[-124.0803915603156,40.066466128151276],[-124.10910591225911,40.10340569484694],[-124.1880703801038,40.13089560494604],[-124.36394578575785,40.260613618226174],[-124.34958860978608,40.31473437873378],[-124.36394578575785,40.374868557075565],[-124.41060660766607,40.43843897417973],[-124.37830296172962,40.52262682385823],[-124.32805284582845,40.6162643301333],[-124.17730249812497,40.84391514814148],[-124.13782026420263,40.92552581874818],[-124.11269520625206,41.02775392192921],[-124.15576673416734,41.0595391304813],[-124.15935602816027,41.1428679204692],[-124.14499885218851,41.14458603985039],[-124.10551661826617,41.229632949219486],[-124.0624450903509,41.43924351372513],[-124.0803915603156,41.54748503474034],[-124.1342309702097,41.657444675136745],[-124.1629453221532,41.73991440543405],[-124.19524896808967,41.73647816667166],[-124.25626696596964,41.78286738996389],[-124.22037402604025,41.846437807068064],[-124.20242755607555,41.94093437303372],[-124.21319543805437,41.99849137230372]]]]}},{"type":"Feature","id":"US-Delaware","properties":{"name":"Delaware","country":"US"},"geometry":{"type":"MultiPolygon","coordinates":[[[[-75.56031536375363,39.63006380532805],[-75.5567260697607,39.60601013399133],[-75.56031536375363,39.63006380532805],[-75.56031536375363,39.63006380532805]]],[[[-75.7900301793018,39.72198319222191],[-75.71824429944299,39.79242608685086],[-75.66440488954889,39.821634116331154],[-75.57826183371833,39.8388153101431],[-75.49929736587366,39.83366095199951],[-75.41674360403604,39.801875743447425],[-75.45981513195132,39.76579523644236],[-75.47776160191601,39.713392595315945],[-75.51006524785248,39.685902685216845],[-75.53160101181011,39.69191610305102],[-75.6105654796548,39.62233226811267],[-75.60338689166892,39.5888289401794],[-75.56390465774658,39.56219808977089],[-75.56031536375363,39.520104164931645],[-75.58902971569715,39.49605049359493],[-75.58902971569715,39.46082904628046],[-75.538779599796,39.416157942369416],[-75.51365454184541,39.366332480314796],[-75.43827936799367,39.313070779497785],[-75.40238642806428,39.2546547205372],[-75.39161854608545,39.204829258482576],[-75.40956501605015,39.174762169311684],[-75.40238642806428,39.066520648296475],[-75.34495772417723,39.02528578314782],[-75.31983266622666,38.98834621645216],[-75.31265407824078,38.924775799347984],[-75.19061808248082,38.80708462173621],[-75.13318937859378,38.7821718907089],[-75.09729643866439,38.80278932328323],[-75.08293926269262,38.77186317442174],[-75.06499279272792,38.66104447433474],[-75.05063561675617,38.45143390982909],[-75.42751148601486,38.45229296951969],[-75.69311924149241,38.46002450673506],[-75.70029782947829,38.52187680445804],[-75.7900301793018,39.64810405883058],[-75.7900301793018,39.72198319222191]]]]}},{"type":"Feature","id":"US-District-of-Columbia","properties":{"name":"District of Columbia","country":"US"},"geometry":{"type":"Polygon","coordinates":[[[-77.11806895668957,38.934225455944556],[-77.04269378283783,38.99435963428633],[-76.90988990509905,38.892990590795904],[-77.03910448884488,38.79162154730547],[-77.03910448884488,38.87151409853098],[-77.11806895668957,38.934225455944556]]]}},{"type":"Feature","id":"US-Hawaii","properties":{"name":"Hawaii","country":"US"},"geometry":{"type":"MultiPolygon","coordinates":[[[[-156.05741174341742,19.742831968009675],[-156.05023315543156,19.780630594395937],[-155.98203656956568,19.845919130881306],[-155.93896504165042,19.85193254871548],[-155.8923042197422,19.931825099940994],[-155.83487551585515,19.976496203852037],[-155.82410763387634,20.026321665906657],[-155.8851256317563,20.107073276822767],[-155.89948280772808,20.145730962899627],[-155.903072101721,20.235932230412303],[-155.8743577497775,20.267717438964382],[-155.80975045790456,20.259985901749012],[-155.74514316603165,20.232495991649913],[-155.73437528405282,20.205006081550813],[-155.65541081620816,20.16720745516455],[-155.60157140631406,20.126831649706496],[-155.55849987839878,20.131986007850074],[-155.46876752857528,20.104496097750975],[-155.3287850628506,20.038348501575015],[-155.2821242409424,20.02202636745367],[-155.20315977309772,19.969623726327256],[-155.14573106921068,19.920657323963233],[-155.0847130713307,19.85536878747787],[-155.09548095330953,19.814992982019817],[-155.0918916593166,19.737677609866097],[-155.06317730737305,19.72908701296013],[-155.005748603486,19.739395729247292],[-154.98062354553545,19.69042932688326],[-154.98421283952837,19.64146292451924],[-154.9052483716837,19.571020029890292],[-154.82628390383903,19.537516701957017],[-154.80833743387433,19.519476448454483],[-154.82269460984608,19.481677822068214],[-154.86935543175431,19.437865777847776],[-154.93037342963427,19.39748997238972],[-154.98062354553545,19.349382629716295],[-155.06317730737305,19.31673836147361],[-155.13496318723185,19.276362556015556],[-155.20674906709067,19.260899481584815],[-155.2641777709777,19.273785376943763],[-155.29648141691416,19.266053839728393],[-155.36108870878707,19.209355900149],[-155.4185174126741,19.187879407884076],[-155.46517823458234,19.146644542735423],[-155.5154283504835,19.13289958768587],[-155.55849987839878,19.08221506594066],[-155.55491058440583,19.053866096150955],[-155.58362493634934,19.022080887598875],[-155.60157140631406,18.971396365853657],[-155.67335728617286,18.91727560534605],[-155.72719669606695,18.969678246472462],[-155.80616116391164,19.014349350383497],[-155.8851256317563,19.03926208141081],[-155.9210185716857,19.12087275201752],[-155.903072101721,19.217946497054967],[-155.88871492574924,19.3476645103351],[-155.92460786567864,19.438724837538373],[-155.9210185716857,19.47824158330583],[-155.95332221762217,19.488550299592994],[-155.97126868758687,19.58648310432104],[-155.99639374553743,19.643181043900434],[-156.0286973914739,19.650053521425214],[-156.05741174341742,19.742831968009675]]],[[[-156.69989536815368,20.920602803818035],[-156.68194889818898,20.97987792246922],[-156.64246666426664,21.027985265142647],[-156.59221654836546,21.03313962328623],[-156.54555572645725,21.004790653496528],[-156.50966278652785,20.93778399762997],[-156.47376984659846,20.894831013100124],[-156.3876267907679,20.919743744127437],[-156.32301949889498,20.94981083329833],[-156.22969785507854,20.931770579795796],[-156.22969785507854,20.918025624746242],[-156.16867985719855,20.874213580525804],[-156.13278691726916,20.86132768516685],[-156.11484044730446,20.82696529754297],[-156.00357233352332,20.795180088990882],[-155.98562586355862,20.767690178891783],[-155.98562586355862,20.723019074980748],[-156.01434021550216,20.686079508285076],[-156.06100103741036,20.651717120661203],[-156.082536801368,20.654294299732996],[-156.14355479924797,20.623368150871507],[-156.19380491514914,20.631958747777475],[-156.30148373493734,20.586428584175835],[-156.37685890878907,20.578697046960464],[-156.43787690666906,20.601032598915985],[-156.46300196461965,20.781435133941336],[-156.4881270225702,20.798616327753273],[-156.53837713847136,20.777998895178946],[-156.6316987822878,20.820951879708794],[-156.67835960419603,20.870777341763414],[-156.69989536815368,20.920602803818035]]],[[[-156.70348466214662,20.532307823668233],[-156.67835960419603,20.55722055469554],[-156.5778593723937,20.606186957059563],[-156.5419664324643,20.58041516634166],[-156.55632360843606,20.542616539955397],[-156.53837713847136,20.528012525215246],[-156.5850379603796,20.511690391093907],[-156.6029844303443,20.524576286452863],[-156.6675917222172,20.504817913569134],[-156.70348466214662,20.532307823668233]]],[[[-157.0624140614406,20.904280669696696],[-157.03728900349003,20.927475281342808],[-156.9906281815818,20.931770579795796],[-156.89730653776536,20.91544844567445],[-156.8362885398854,20.86390486423864],[-156.80757418794187,20.820092820018196],[-156.83987783387832,20.7642539401294],[-156.9080744197442,20.739341209102086],[-156.96909241762415,20.735045910649106],[-156.99421747557474,20.786589492084914],[-157.00498535755355,20.84930084949849],[-157.05523547345473,20.87679075959759],[-157.0624140614406,20.904280669696696]]],[[[-157.31007534695345,21.101864398533984],[-157.2885395829958,21.14653550244502],[-157.25623593705936,21.171448233472333],[-157.26341452504525,21.221273695526953],[-157.20239652716526,21.21955557614576],[-157.19162864518643,21.2075287404774],[-156.9978067695677,21.182616009450093],[-156.9619138296383,21.211824038930388],[-156.94755665366654,21.175743531925313],[-156.86859218582185,21.164575755947553],[-156.77168124801247,21.1800388303783],[-156.71066325013248,21.158562338113377],[-156.73937760207602,21.11131405513055],[-156.80398489394892,21.067502010910104],[-156.87577077380772,21.04946175740757],[-157.00139606356063,21.07695166750667],[-157.09471770737707,21.10358251791518],[-157.14855711727117,21.09155568224682],[-157.2526466430664,21.087260383793833],[-157.31007534695345,21.101864398533984]]],[[[-158.27918472504723,21.578642526815266],[-158.1248450833508,21.586374064030636],[-158.0781842614426,21.628467988869886],[-158.06382708547085,21.658535078040778],[-158.01716626356261,21.69976994318943],[-157.96691614766146,21.71265583854838],[-157.94538038370382,21.689461226902267],[-157.92384461974618,21.629327048560484],[-157.85205873988738,21.55716603455034],[-157.83770156391563,21.5124949306393],[-157.85205873988738,21.49960903528035],[-157.84129085790858,21.459233229822296],[-157.77668356603564,21.411984946839468],[-157.76591568405684,21.46095134920349],[-157.72284415614155,21.459233229822296],[-157.7372013321133,21.40425340962409],[-157.7084869801698,21.383635977049764],[-157.71207627416274,21.358723246022457],[-157.65105827628275,21.298589067680673],[-157.69412980419804,21.266803859128586],[-157.73361203812038,21.282266933559335],[-157.80898721197212,21.25735420253202],[-157.83052297592974,21.279689754487542],[-157.89154097380973,21.306320604896044],[-157.98127332363322,21.31577026149261],[-158.0889521434214,21.298589067680673],[-158.114077201372,21.302025306443063],[-158.1392022593226,21.374186320453198],[-158.17868449324493,21.403394349933492],[-158.18227378723788,21.430025200342],[-158.23252390313903,21.487582199611992],[-158.23252390313903,21.539984840738406],[-158.27918472504723,21.578642526815266]]],[[[-159.78668820208202,22.030507924069234],[-159.78309890808907,22.064870311693113],[-159.74361667416673,22.097514579935797],[-159.72925949819498,22.13960850477504],[-159.61081279642795,22.20146080249802],[-159.58209844448444,22.22379635445354],[-159.4995446826468,22.2083332800228],[-159.488776800668,22.229809772287716],[-159.43134809678097,22.22036011569115],[-159.40263374483743,22.23238695135951],[-159.34879433494334,22.215205757547572],[-159.31290139501394,22.183420548995485],[-159.29495492504924,22.144762862918626],[-159.29495492504924,22.105246117151168],[-159.33443715897158,22.05112535664356],[-159.33084786497864,21.960065029440287],[-159.3452050409504,21.936011358103578],[-159.44570527275272,21.86900470223702],[-159.47441962469622,21.88189059759597],[-159.6036342084421,21.892199313883133],[-159.668241500315,21.953192551915514],[-159.75438455614554,21.978105282942828],[-159.78668820208202,22.030507924069234]]],[[[-160.24611783317832,21.849246329353292],[-160.23176065720656,21.886185896048957],[-160.18868912929128,21.92398452243522],[-160.12049254342543,21.96264220851208],[-160.11331395543954,21.995286476754764],[-160.0738317215172,22.003018013970134],[-160.06665313353133,21.976387163561633],[-160.08459960349603,21.92742076119761],[-160.07742101551014,21.89649461233612],[-160.14920689536893,21.872440940999404],[-160.20663559925597,21.78911215101151],[-160.24970712717126,21.814883941729413],[-160.24611783317832,21.849246329353292]]]]}},{"type":"Feature","id":"US-Iowa","properties":{"name":"Iowa","country":"US"},"geometry":{"type":"Polygon","coordinates":[[[-96.45359569665696,43.50012771146711],[-95.73932619206191,43.50012771146711],[-94.61587717227172,43.50012771146711],[-93.96980425354253,43.49926865177651],[-93.16939169311692,43.49926865177651],[-92.7530335899359,43.50012771146711],[-91.94903173551735,43.50012771146711],[-91.2168157609576,43.50012771146711],[-91.2347622309223,43.455456607556066],[-91.1988692909929,43.412503623026225],[-91.20245858498585,43.34893320592205],[-91.10554764717646,43.31371175860758],[-91.05888682526825,43.24842322212221],[-91.12349411714116,43.1968796406864],[-91.14502988109881,43.15220853677536],[-91.17733352703527,43.131591104201036],[-91.17374423304233,43.03881265761657],[-91.14502988109881,42.96321540484404],[-91.14502988109881,42.904799345883454],[-91.10195835318353,42.88332285361853],[-91.05529753127531,42.73814176590765],[-90.93685082950829,42.68316194570945],[-90.76815401184011,42.65137673715736],[-90.70713601396014,42.63419554334543],[-90.64252872208722,42.54055803707036],[-90.64252872208722,42.508772828518275],[-90.64252872208722,42.46839702306023],[-90.56356425424254,42.438329933889335],[-90.55638566625666,42.415994381933814],[-90.47742119841197,42.38420917338173],[-90.41999249452495,42.33008841287412],[-90.43076037650376,42.27854483143831],[-90.37692096660966,42.21497441433414],[-90.20822414894148,42.15226305692056],[-90.16156332703326,42.11704160960609],[-90.16515262102621,42.04058529714296],[-90.14002756307562,42.00880008859088],[-90.16515262102621,41.95639744746447],[-90.15438473904739,41.90657198540985],[-90.18309909099091,41.84471968768687],[-90.17950979699796,41.8094982403724],[-90.28001002880029,41.76740431553315],[-90.31231367473674,41.742491584505835],[-90.31231367473674,41.6978204805948],[-90.34461732067321,41.64713595884958],[-90.34102802668026,41.59043801927019],[-90.3984567305673,41.572397765767654],[-90.46306402244022,41.523431363403624],[-90.55638566625666,41.52429042309422],[-90.59227860618606,41.51312264711646],[-90.6497073100731,41.465015304443035],[-90.73585036590366,41.45041128970289],[-90.8471184796848,41.45556564784647],[-90.92967224152241,41.4212032602226],[-90.97633306343063,41.434089155581546],[-91.04452964929649,41.41604890207901],[-91.06606541325412,41.368800619096184],[-91.07324400124001,41.30523020199201],[-91.11272623516234,41.23908260581605],[-91.04094035530355,41.16606253211531],[-90.99427953339533,41.160908173971734],[-90.94761871148711,41.09647869717696],[-90.94402941749416,41.01229084749847],[-90.96556518145181,40.9212305202952],[-91.00504741537415,40.90490838617386],[-91.05529753127531,40.84821044659446],[-91.09119047120471,40.825015834948346],[-91.09477976519764,40.76745883567835],[-91.11631552915529,40.725364910839104],[-91.11990482314823,40.67296226971269],[-91.18451211502115,40.637740822398214],[-91.24911940689407,40.63859988208881],[-91.3603875206752,40.60166031539315],[-91.40704834258342,40.54238519674196],[-91.36756610866108,40.51231810757107],[-91.38192328463285,40.43500273541735],[-91.37474469664696,40.3920497508875],[-91.41781622456224,40.37830479583795],[-91.4860128104281,40.38431821367213],[-91.52549504435044,40.41094906408063],[-91.52908433834338,40.45905640675406],[-91.56497727827278,40.46077452613525],[-91.62240598215982,40.509740928499276],[-91.61881668816687,40.540667077360766],[-91.68342398003979,40.552693913029124],[-91.68701327403274,40.58104288281882],[-91.73008480194801,40.613687151061505],[-92.09260349523495,40.60166031539315],[-92.63817618216181,40.590492539415386],[-93.34526709877099,40.58018382312822],[-93.56780332633326,40.58018382312822],[-94.03441154541545,40.57331134560345],[-94.59434140831408,40.57073416653166],[-95.16503915319153,40.57760664405643],[-95.7644512500125,40.58533818127181],[-95.75009407404073,40.60939185260852],[-95.78598701397013,40.65749919528194],[-95.83264783587835,40.671244150331496],[-95.88648724577246,40.72106961238612],[-95.87930865778657,40.752854820938204],[-95.83264783587835,40.782921910109096],[-95.84700501185011,40.85422386442864],[-95.81111207192072,40.89803590864908],[-95.8362371298713,40.9212305202952],[-95.82905854188542,40.97792845987459],[-95.86136218782187,40.995109653686534],[-95.85777289382894,41.0311901606916],[-95.88289795177951,41.056961951409505],[-95.86495148181481,41.080156563055624],[-95.88289795177951,41.160049114281136],[-95.83982642386424,41.17465312902128],[-95.92596947969479,41.195270561595606],[-95.91161230372303,41.22705577014769],[-95.92955877368773,41.2811765306553],[-95.88289795177951,41.31639797796977],[-95.9546838316383,41.33959258961589],[-95.92955877368773,41.3645053206432],[-95.93314806768068,41.46415624475244],[-96.00493394753947,41.47274684165841],[-95.9977553595536,41.53889443783437],[-96.03005900549005,41.53975349752497],[-96.03723759347594,41.50796828897288],[-96.09107700337003,41.5320219603096],[-96.08030912139121,41.580129302983025],[-96.11979135531355,41.6136326309163],[-96.09466629736296,41.64713595884958],[-96.12338064930648,41.68235740616405],[-96.08389841538416,41.6978204805948],[-96.10543417934178,41.74420970388703],[-96.07671982739826,41.76139089769897],[-96.06595194541946,41.80090764346643],[-96.10902347333473,41.82066601635016],[-96.11261276732768,41.85331028459284],[-96.16286288322883,41.90571292571925],[-96.14132711927118,41.915162582315816],[-96.13055923729237,41.97186052189521],[-96.1879879411794,41.977014880038794],[-96.18439864718647,42.0027866707567],[-96.23823805708057,42.012236327353264],[-96.22029158711587,42.02598128240282],[-96.27413099700996,42.04745777466774],[-96.27054170301703,42.118759728987285],[-96.3495061708617,42.16686707166071],[-96.36027405284052,42.20810193680936],[-96.32438111291113,42.22957842907429],[-96.37463122881228,42.31806157720577],[-96.41411346273462,42.342974308233075],[-96.41411346273462,42.40826284471844],[-96.38180981679817,42.446061471104706],[-96.39616699276992,42.48386009749097],[-96.44641710867108,42.49073257501574],[-96.4930779305793,42.51736342542425],[-96.47872075460754,42.55602111150111],[-96.51461369453695,42.63075930458304],[-96.57563169241692,42.68230288601885],[-96.62947110231102,42.70549749766497],[-96.63306039630396,42.77078603415033],[-96.59357816238162,42.793121586105855],[-96.5828102804028,42.83779269001689],[-96.54332804648045,42.85153764506644],[-96.54332804648045,42.920262420314195],[-96.50025651856518,42.95977916608165],[-96.52179228252282,42.977819419584186],[-96.4930779305793,43.0018730909209],[-96.511024400544,43.04998043359433],[-96.46077428464284,43.06372538864388],[-96.43564922669226,43.120423328223275],[-96.46795287262873,43.15049041739417],[-96.4751314606146,43.22179237171371],[-96.56127451644517,43.224369550785504],[-96.55050663446634,43.251000401194005],[-96.57922098640987,43.29567150510504],[-96.5289708705087,43.29996680355803],[-96.52538157651576,43.394463369523685],[-96.60434604436044,43.44944318972189],[-96.57922098640987,43.48122839827398],[-96.59716745637456,43.50012771146711],[-96.45359569665696,43.50012771146711]]]}},{"type":"Feature","id":"US-Kentucky","properties":{"name":"Kentucky","country":"US"},"geometry":{"type":"MultiPolygon","coordinates":[[[[-89.1314359510595,36.982441838908386],[-89.18168606696067,37.02711294281942],[-89.16732889098891,37.07436122580225],[-89.10990018710187,37.11903232971329],[-89.0775965411654,37.17487120960209],[-89.03093571925719,37.21095171660716],[-88.98427489734897,37.228991970109696],[-88.9160783114831,37.22469667165671],[-88.80481019770197,37.18861616465164],[-88.75456008180082,37.15511283671836],[-88.62893479204791,37.12075044909449],[-88.56073820618205,37.076079345183445],[-88.51407738427383,37.064911569205684],[-88.46023797437974,37.07350216611165],[-88.42434503445034,37.14995847857478],[-88.44947009240092,37.206656418154175],[-88.5104880902809,37.26249529804297],[-88.51766667826678,37.283971790307895],[-88.48536303233033,37.3398106701967],[-88.47818444434444,37.387058953179526],[-88.41357715247152,37.42485757956579],[-88.36332703657037,37.40252202761027],[-88.29871974469744,37.44719313152131],[-88.25564821678216,37.456642788117875],[-88.08336210512105,37.472964922239214],[-88.06182634116341,37.51591790676906],[-88.1336122210222,37.57433396572965],[-88.15873727897278,37.664535233242326],[-88.11925504505045,37.71264257591575],[-88.05823704717046,37.74270966508664],[-88.02952269522694,37.79940760466604],[-87.94696893338933,37.77191769456694],[-87.90389740547405,37.81229350002499],[-87.93979034540345,37.89046793186931],[-87.90389740547405,37.92483031949319],[-87.87159375953759,37.9213940807308],[-87.83211152561525,37.876722976819764],[-87.68136117791178,37.903353827228266],[-87.66341470794707,37.87758203651036],[-87.67418258992589,37.82947469383693],[-87.63470035600356,37.82689751476514],[-87.58803953409534,37.861259902389016],[-87.62752176801767,37.91623972258722],[-87.6023967100671,37.972937662166615],[-87.57368235812358,37.96778330402304],[-87.55214659416593,37.92568937918379],[-87.50189647826478,37.90936724506244],[-87.45164636236362,37.94115245361453],[-87.37986048250482,37.93599809547095],[-87.30089601466014,37.89819946908469],[-87.22193154681547,37.84923306672066],[-87.15732425494255,37.838065290742904],[-87.12860990299903,37.78480358992589],[-87.08912766907669,37.787380768997686],[-87.06400261112611,37.8105753806438],[-87.04605614116142,37.8939041706317],[-87.010163201232,37.919675961349604],[-86.90607367543674,37.94287057299572],[-86.8558235595356,37.987541676906766],[-86.79480556165561,37.98925979628795],[-86.75173403374033,37.91280348382483],[-86.71584109381094,37.8939041706317],[-86.67994815388154,37.915380662896624],[-86.64405521395214,37.906790065990656],[-86.66200168391684,37.86297802177021],[-86.63687662596625,37.842360589195884],[-86.59739439204392,37.8672733202232],[-86.59021580405803,37.9213940807308],[-86.50766204222042,37.92912561794617],[-86.52560851218512,37.961769886188854],[-86.51842992419924,38.042521497104964],[-86.45382263232632,38.050253034320335],[-86.43228686836868,38.08633354132541],[-86.46459051430514,38.10093755606555],[-86.43228686836868,38.12585028709287],[-86.40357251642516,38.10609191420914],[-86.37485816448164,38.131004645236445],[-86.32819734257342,38.13272276461764],[-86.32460804858049,38.15419925688256],[-86.3712688704887,38.16450797316973],[-86.37485816448164,38.19371600265002],[-86.34614381253812,38.195434122031216],[-86.27076863868638,38.13787712276122],[-86.26717934469345,38.057125511845115],[-86.17385770087701,38.00987722886228],[-86.09489323303232,38.00901816917168],[-86.0482324111241,37.95919270711706],[-86.03387523515235,37.99011885597855],[-85.95132147331474,38.0055819304093],[-85.92260712137121,38.026199362983625],[-85.90466065140652,38.08633354132541],[-85.90824994539945,38.16107173440734],[-85.8508212415124,38.222924032130315],[-85.82928547755478,38.27704479263792],[-85.79339253762538,38.28821256861568],[-85.74314242172422,38.26759513604135],[-85.67494583585835,38.30109846397463],[-85.60674924999249,38.439407074160734],[-85.4990704302043,38.46861510364103],[-85.47394537225372,38.50641373002729],[-85.41651666836668,38.54077611765117],[-85.43805243232433,38.60176935568355],[-85.45240960829608,38.70915181700816],[-85.4093380803808,38.73750078679786],[-85.35190937649377,38.731487368963684],[-85.25858773267733,38.73750078679786],[-85.22269479274793,38.700561220102195],[-85.15449820688207,38.69197062319623],[-85.1042480909809,38.7254739511295],[-84.97862280122801,38.77959471163711],[-84.94631915529155,38.77529941318412],[-84.8888904514045,38.79505778606785],[-84.80992598355984,38.792480606996065],[-84.83146174751747,38.83027923338233],[-84.78480092560925,38.869795979149785],[-84.79915810158101,38.89127247141471],[-84.86017609946099,38.897285889248884],[-84.87094398143981,38.92907109780097],[-84.83146174751747,38.961715366043656],[-84.83864033550336,38.98834621645216],[-84.8960690393904,39.04933945448454],[-84.8888904514045,39.066520648296475],[-84.82069386553866,39.105178334373335],[-84.75608657366574,39.14641319952199],[-84.73096151571515,39.14469508014079],[-84.67712210582106,39.09830585684856],[-84.60174693196932,39.074252185511845],[-84.55149681606815,39.09916491653916],[-84.501246700167,39.09658773746737],[-84.47253234822348,39.12150046849468],[-84.44381799627996,39.1146279909699],[-84.4294608203082,39.055352872318714],[-84.32537129451295,39.027862962219615],[-84.28947835458354,38.95570194820947],[-84.23204965069651,38.884399993889936],[-84.23204965069651,38.827702054310535],[-84.2141031807318,38.805366502355014],[-84.07053142101421,38.770145055040544],[-83.9520847192472,38.78646718916188],[-83.84799519345194,38.746950443394425],[-83.83722731147311,38.71774241391413],[-83.78338790157902,38.69540686195861],[-83.7654414316143,38.65245387742877],[-83.66494119981199,38.627541146401455],[-83.61469108391084,38.684239085980856],[-83.5213694400944,38.70313839917399],[-83.4675300302003,38.67564848907488],[-83.36702979839798,38.658467295262945],[-83.32754756447564,38.63784986268862],[-83.30960109451094,38.60091029599295],[-83.26294027260272,38.62152772856728],[-83.15526145281453,38.62066866887668],[-83.11936851288513,38.666198832478315],[-83.05476122101221,38.69540686195861],[-83.02245757507575,38.72891018989189],[-82.96861816518165,38.72891018989189],[-82.89324299132991,38.75640009999099],[-82.86811793337932,38.728051130201294],[-82.87888581535815,38.69025250381503],[-82.8465821694217,38.59489687815878],[-82.79992134751348,38.56311166960669],[-82.72454617366174,38.557957311463106],[-82.64917099981,38.49009159590595],[-82.60251017790178,38.46002450673506],[-82.5953315899159,38.4222258803488],[-82.59892088390883,38.34491050819508],[-82.57020653196531,38.31398435933359],[-82.57379582595826,38.26415889727897],[-82.6132780598806,38.23580992748927],[-82.59892088390883,38.21862873367733],[-82.60968876588765,38.1713804506945],[-82.63840311783117,38.1713804506945],[-82.63840311783117,38.138736182451815],[-82.58456370793708,38.106950973899735],[-82.54867076800768,38.06829328782287],[-82.51636712207122,37.99956851257512],[-82.46252771217712,37.980669199381985],[-82.50200994609946,37.93342091639916],[-82.47329559415594,37.899917588465875],[-82.41945618426183,37.88359545434454],[-82.42304547825478,37.85438742486424],[-82.37638465634656,37.80198478373783],[-82.34049171641716,37.78566264961649],[-82.29383089450894,37.6705486510765],[-82.23999148461485,37.661098994479936],[-82.21486642666426,37.62501848747487],[-82.1825627807278,37.62673660685606],[-82.15743772277723,37.592374219232184],[-82.12872337083371,37.591515159541586],[-82.11795548885489,37.55972995098951],[-82.01745525705256,37.533958160271595],[-81.96720514115141,37.537394399033985],[-82.35484889238892,37.265072477114764],[-82.4876527701277,37.23156914918149],[-82.56661723797238,37.19634770186701],[-82.63481382383823,37.15425377702776],[-82.72454617366174,37.1155960909509],[-82.72454617366174,37.04171695755957],[-82.78197487754878,37.00821362962629],[-82.82504640546405,37.006495510245095],[-82.86811793337932,36.9781465404554],[-82.85735005140052,36.92746201871018],[-82.87888581535815,36.88880433263332],[-82.96861816518165,36.85787818377183],[-83.07270769097691,36.85444194500944],[-83.13013639486394,36.78571716976169],[-83.13731498284983,36.74276418523185],[-83.19474368673687,36.73932794646946],[-83.31319038850388,36.70926085729857],[-83.45317285422854,36.664589753387524],[-83.52854802808028,36.66630787276872],[-83.6469947298473,36.624213947929476],[-83.67570908179081,36.60101933628336],[-83.69006625776258,36.582979082780824],[-83.9879776591766,36.5898515603056],[-84.27153188461884,36.59156967968679],[-84.54431822808228,36.59586497813977],[-84.84222962949629,36.60531463473634],[-85.02528362313623,36.61905958978589],[-85.29089137861378,36.62679112700126],[-85.48830254822548,36.614764291332904],[-85.83287477154771,36.621636768857684],[-86.03387523515235,36.63022736576365],[-86.33178663656636,36.64912667895678],[-86.50766204222042,36.65256291771917],[-86.56509074610746,36.63366360452604],[-86.59021580405803,36.65256291771917],[-87.11425272702726,36.64225420143201],[-87.44446777437774,36.640536082050815],[-87.85364728957289,36.63366360452604],[-87.85005799557995,36.663730693696934],[-88.06900492914929,36.67833470843708],[-88.03311198921989,36.552052933919335],[-88.05464775317753,36.49707311372113],[-88.5463810302103,36.502227471864714],[-88.99863207332074,36.502227471864714],[-89.30013276872768,36.50738183000829],[-89.4185794704947,36.498791233102324],[-89.37191864858649,36.620777709167086],[-89.32525782667827,36.63194548514485],[-89.26065053480535,36.56493882927828],[-89.21398971289713,36.58040190370903],[-89.18886465494654,36.64139514174141],[-89.16015030300302,36.66630787276872],[-89.19963253692536,36.71613333482334],[-89.18527536095361,36.75393196120961],[-89.12784665706657,36.75135478213782],[-89.11707877508775,36.775408453474526],[-89.17809677296772,36.80719366202661],[-89.17450747897479,36.8398379302693],[-89.13861453904539,36.84756946748467],[-89.11707877508775,36.887086213252125],[-89.09913230512305,36.964401585405845],[-89.1314359510595,36.982441838908386]]],[[[-89.48677605636055,36.49707311372113],[-89.54061546625466,36.497932173411726],[-89.57291911219112,36.54775763546635],[-89.55856193621936,36.57352942618426],[-89.48318676236762,36.57181130680306],[-89.46524029240292,36.52971738196381],[-89.48677605636055,36.49707311372113]]]]}},{"type":"Feature","id":"US-Maryland","properties":{"name":"Maryland","country":"US"},"geometry":{"type":"MultiPolygon","coordinates":[[[[-75.99461993689937,37.953179289282886],[-76.04487005280052,37.953179289282886],[-76.04845934679346,38.015031587005865],[-76.01974499484994,38.039085258342574],[-75.9802627609276,38.0047228707187],[-75.99461993689937,37.953179289282886]]],[[[-76.09512016870168,38.12499122740227],[-76.0879415807158,38.19285694295942],[-76.04845934679346,38.204024718937184],[-76.02333428884289,38.17825292821927],[-76.00538781887819,38.076883884728844],[-76.05922722877229,38.09492413823138],[-76.04487005280052,38.11811874987749],[-76.09512016870168,38.12499122740227]]],[[[-76.39662086410864,38.77100411473114],[-76.37867439414394,38.78818530854308],[-76.36072792417924,38.74866856277562],[-76.39662086410864,38.77100411473114]]],[[[-79.47623511005109,39.721124132531315],[-78.38150044220441,39.72284225191251],[-77.5344270598706,39.720265072840725],[-76.99244366693667,39.720265072840725],[-76.56890697576975,39.721124132531315],[-75.7900301793018,39.72198319222191],[-75.7900301793018,39.64810405883058],[-75.70029782947829,38.52187680445804],[-75.69311924149241,38.46002450673506],[-75.42751148601486,38.45229296951969],[-75.05063561675617,38.45143390982909],[-75.0542249107491,38.41449434313343],[-75.08652855668556,38.32429307562075],[-75.10447502665026,38.311407180261796],[-75.17626090650906,38.13014558554585],[-75.24086819838197,38.02705842267422],[-75.62492265562655,37.99441415443154],[-75.64645841958419,37.94716587144871],[-75.66799418354184,37.95060211021109],[-75.71465500545006,37.976373900929005],[-75.78285159131592,37.972937662166615],[-75.86181605916059,37.917957841968416],[-75.89411970509705,37.91709878227782],[-75.89770899908999,37.97465578154781],[-75.87258394113941,38.03478995988959],[-75.81156594325942,38.0588436312263],[-75.87258394113941,38.0605617506075],[-75.86540535315353,38.09921943668436],[-75.82592311923119,38.13358182430824],[-75.90129829308293,38.14131336152361],[-75.9443698209982,38.11296439173391],[-75.95872699696997,38.13701806307063],[-75.94078052700527,38.18684352512525],[-75.84745888318884,38.21003813677136],[-75.86899464714647,38.24354146470464],[-75.90129829308293,38.23237368872688],[-75.91565546905468,38.26329983758837],[-75.86181605916059,38.35951452293522],[-75.91565546905468,38.338897090360895],[-75.94078052700527,38.29852128490284],[-75.94078052700527,38.24697770346703],[-75.9694948789488,38.246118643776434],[-76.00897711287112,38.31226623995239],[-75.9694948789488,38.319997777167764],[-75.97308417294173,38.365527940769404],[-76.00179852488525,38.37411853767537],[-76.01615570085701,38.33202461283612],[-76.04845934679346,38.303675643046425],[-76.02692358283582,38.280481031400306],[-76.05922722877229,38.2272193305833],[-76.07358440474404,38.25213206161061],[-76.13460240262403,38.23237368872688],[-76.16690604856048,38.242682405014044],[-76.22433475244752,38.31398435933359],[-76.25663839838398,38.32515213531135],[-76.24945981039811,38.362091702007014],[-76.33560286622865,38.49180971528715],[-76.26381698636986,38.503836550955505],[-76.24587051640516,38.53733987888878],[-76.27458486834868,38.531326461054604],[-76.30688851428513,38.57513850527505],[-76.27817416234163,38.60950089289892],[-76.23510263442634,38.62840020609205],[-76.2135668704687,38.60692371382713],[-76.17049534255342,38.62925926578265],[-76.16690604856048,38.59833311692116],[-76.0879415807158,38.59060157970579],[-76.04128075880759,38.55709825177251],[-76.02692358283582,38.565688848678484],[-76.08435228672286,38.62496396732967],[-76.14537028460285,38.63699080299802],[-76.17408463654637,38.673071310003095],[-76.19920969449694,38.6704941309313],[-76.25663839838398,38.73664172710726],[-76.27458486834868,38.71258805577055],[-76.31765639626396,38.72976924958249],[-76.3212456902569,38.67908472783727],[-76.34637074820748,38.685957205362044],[-76.33560286622865,38.77272223411234],[-76.27099557435574,38.85175572564725],[-76.22074545845459,38.81309803957039],[-76.19203110651107,38.82168863647636],[-76.20279898848989,38.928212038110374],[-76.23151334043341,38.942816052850524],[-76.29253133831338,38.90244024739247],[-76.33560286622865,38.90587648615485],[-76.33201357223572,38.8646416210062],[-76.375085100151,38.850037606266056],[-76.36072792417924,38.939379814088134],[-76.3032992202922,39.02614484283842],[-76.27817416234163,38.98233279861798],[-76.20279898848989,38.972883142021416],[-76.16331675456755,38.99951399242992],[-76.18485251852519,39.04590321572215],[-76.14537028460285,39.093151498704984],[-76.20279898848989,39.085419961489606],[-76.2135668704687,39.04074885757857],[-76.19920969449694,39.01411800717006],[-76.24228122241222,39.02872202191021],[-76.23151334043341,39.08284278241782],[-76.25304910439104,39.13352730416303],[-76.27817416234163,39.14555413983139],[-76.22074545845459,39.262386257752574],[-76.1776739305393,39.29846676475764],[-76.18485251852519,39.31908419733197],[-76.13460240262403,39.34056068959689],[-76.10947734467345,39.37234589814898],[-76.00179852488525,39.36719154000539],[-76.04128075880759,39.38780897257972],[-75.97667346693467,39.4479431509215],[-76.01256640686407,39.45309750906508],[-75.9694948789488,39.55790279131791],[-76.09512016870168,39.53728535874358],[-76.11665593265933,39.49605049359493],[-76.07358440474404,39.4754330610206],[-76.05922722877229,39.4479431509215],[-76.10229875668756,39.435916315253145],[-76.22433475244752,39.35258752526524],[-76.24945981039811,39.37921837567375],[-76.22433475244752,39.42560759896598],[-76.25304910439104,39.4496612703027],[-76.25304910439104,39.411862643916436],[-76.2853527503275,39.36805059969599],[-76.25663839838398,39.3388425702157],[-76.28176345633456,39.29932582444824],[-76.3032992202922,39.381795554745544],[-76.3571386301863,39.393822390413895],[-76.33560286622865,39.305339242282415],[-76.36431721817218,39.312211719807195],[-76.38585298212982,39.27613121280212],[-76.34278145421455,39.25723189960899],[-76.41815662806628,39.21943327322273],[-76.44328168601686,39.19537960188601],[-76.48994250792508,39.20225207941079],[-76.49712109591096,39.224587631366305],[-76.57608556375564,39.26410437713376],[-76.56531768177682,39.224587631366305],[-76.53301403584035,39.213419855388544],[-76.52583544785448,39.178198408074074],[-76.42892451004509,39.131809184781844],[-76.42174592205922,39.074252185511845],[-76.43969239202391,39.05277569324693],[-76.3930315701157,39.011540828098276],[-76.47558533195331,38.972883142021416],[-76.45046027400274,38.94109793346933],[-76.46122815598156,38.90673554584545],[-76.49353180191801,38.91017178460784],[-76.5186568598686,38.86292350162501],[-76.49712109591096,38.81739333802337],[-76.55813909379094,38.76756787596875],[-76.52583544785448,38.72461489143891],[-76.53301403584035,38.67822566814667],[-76.51147827188272,38.615514310733104],[-76.5186568598686,38.539057998269975],[-76.49353180191801,38.48321911838118],[-76.41456733407334,38.41449434313343],[-76.38585298212982,38.361232642316416],[-76.41815662806628,38.322574956239556],[-76.46840674396744,38.32858837407373],[-76.43610309803098,38.292507867068664],[-76.40379945209452,38.311407180261796],[-76.375085100151,38.29938034459344],[-76.40021015810157,38.25900453913538],[-76.38585298212982,38.21776967398673],[-76.3212456902569,38.138736182451815],[-76.3391921602216,38.119836869258684],[-76.3212456902569,38.03650807927079],[-76.35354933619335,38.05283021339213],[-76.3930315701157,38.10265567544675],[-76.42174592205922,38.10609191420914],[-76.43969239202391,38.16107173440734],[-76.46840674396744,38.153340197191966],[-76.47558533195331,38.10437379482794],[-76.5007103899039,38.13701806307063],[-76.52942474184742,38.134440883998835],[-76.54737121181212,38.17567574914749],[-76.5904427397274,38.21433343522435],[-76.67299650156501,38.234091808108076],[-76.79862179131791,38.23666898717987],[-76.82733614326143,38.34748768726686],[-76.85605049520495,38.358655463244624],[-76.87040767117671,38.33202461283612],[-76.83451473124731,38.27360855387553],[-76.84169331923319,38.2547092406824],[-76.92065778707787,38.29164880737807],[-76.92783637506375,38.32085683685836],[-76.97449719697197,38.34748768726686],[-77.01756872488724,38.445420491994916],[-77.08935460474605,38.40762186560865],[-77.20780130651306,38.35951452293522],[-77.25087283442834,38.38270913458134],[-77.27599789237892,38.481500998999984],[-77.23651565845658,38.55194389362893],[-77.18267624856249,38.60091029599295],[-77.11089036870368,38.62668208671086],[-77.12883683866839,38.63527268361683],[-77.13242613266132,38.67393036969369],[-77.10730107471075,38.697124981339805],[-77.04269378283783,38.71860147360473],[-77.03910448884488,38.79162154730547],[-76.90988990509905,38.892990590795904],[-77.04269378283783,38.99435963428633],[-77.11806895668957,38.934225455944556],[-77.15037260262602,38.966010664496636],[-77.22215848248483,38.97116502264022],[-77.25087283442834,38.985769037380365],[-77.2472835404354,39.02700390252902],[-77.34060518425184,39.06308440953409],[-77.4626411800118,39.07597030489304],[-77.48417694396943,39.10947363282632],[-77.52006988389884,39.12064140880408],[-77.5164805899059,39.170466870858704],[-77.48417694396943,39.185929945289445],[-77.45905188601886,39.228023870128695],[-77.54160564785647,39.26496343682436],[-77.56314141181412,39.30362112290122],[-77.61698082170821,39.30276206321062],[-77.67440952559525,39.324238555475546],[-77.72107034750347,39.32166137640376],[-77.75696328743287,39.33368821207211],[-77.73542752347524,39.38780897257972],[-77.75337399343994,39.424748539275384],[-77.78567763937639,39.43505725556255],[-77.77849905139051,39.463406225352244],[-77.84669563725637,39.49862767266672],[-77.88976716517165,39.55790279131791],[-77.8323384612846,39.57078868667686],[-77.8323384612846,39.60257389522894],[-77.88258857718577,39.59913765646656],[-77.94360657506574,39.61889602935029],[-78.00821386693866,39.601714835538345],[-78.03692821888218,39.636077223162225],[-78.09794621676217,39.678171148001475],[-78.18408927259273,39.69535234181341],[-78.28458950439504,39.620614148731484],[-78.3527860902609,39.64037252161521],[-78.38508973619736,39.608587313063126],[-78.43533985209852,39.61803696965969],[-78.39585761817618,39.59054705956059],[-78.4425184400844,39.59140611925118],[-78.41739338213382,39.54931219441194],[-78.46764349803497,39.516667926169255],[-78.5681437298373,39.520104164931645],[-78.59326878778788,39.535567239362386],[-78.65428678566785,39.53470817967179],[-78.72607266552666,39.56391620915208],[-78.73325125351253,39.586251761107604],[-78.77991207542075,39.601714835538345],[-78.73325125351253,39.613741671206704],[-78.77991207542075,39.62233226811267],[-78.91630524715247,39.48660083699836],[-78.95578748107481,39.44021161370613],[-79.05628771287712,39.47113776256762],[-79.09576994679946,39.47285588194881],[-79.14243076870768,39.408426405154046],[-79.25369888248882,39.35688282371823],[-79.28959182241822,39.29932582444824],[-79.3326633503335,39.30018488413884],[-79.45111005210052,39.211701736007356],[-79.48700299202991,39.20568831817317],[-79.47623511005109,39.721124132531315]]]]}},{"type":"Feature","id":"US-Michigan","properties":{"name":"Michigan","country":"US"},"geometry":{"type":"MultiPolygon","coordinates":[[[[-84.65199704787048,45.8625418606086],[-84.62328269592696,45.877145875348745],[-84.5909790499905,45.82560229391293],[-84.3576749404494,45.77148153340533],[-84.41869293832939,45.72165607135071],[-84.501246700167,45.73711914578145],[-84.55149681606815,45.78952178690786],[-84.65199704787048,45.8625418606086]]],[[[-85.39498090440904,45.7783540109301],[-85.37703443444434,45.81271639855398],[-85.35190937649377,45.79553520474204],[-85.39498090440904,45.7783540109301]]],[[[-85.52419548815487,45.82989759236592],[-85.44882031430313,45.796394264432635],[-85.4631774902749,45.765468115571146],[-85.53137407614076,45.79811238381383],[-85.52419548815487,45.82989759236592]]],[[[-85.62828501395013,45.59795147590475],[-85.60315995599956,45.6391863410534],[-85.59239207402074,45.69846145970459],[-85.57085631006309,45.711347355063545],[-85.56726701607016,45.76031375742757],[-85.50265972419724,45.754300339593385],[-85.50624901819018,45.68128026589265],[-85.49189184221842,45.60997831157311],[-85.56008842808427,45.572179685186846],[-85.62828501395013,45.59795147590475]]],[[[-85.70007089380894,45.73626008609085],[-85.65341007190072,45.74313256361563],[-85.67135654186542,45.696743340323394],[-85.696481599816,45.69760240001399],[-85.70007089380894,45.73626008609085]]],[[[-85.88312488744887,45.44332073159731],[-85.83646406554065,45.42871671685716],[-85.83287477154771,45.37803219511194],[-85.88312488744887,45.44332073159731]]],[[[-86.0661788810888,45.1400726608166],[-86.04464311713117,45.15983103370033],[-85.97644653126531,45.138354541435405],[-85.99798229522295,45.05588481113811],[-86.05900029310293,45.10055591504914],[-86.0661788810888,45.1400726608166]]],[[[-86.15591123091231,45.01035464753647],[-86.11642899698997,45.04815327392273],[-86.09489323303232,45.007777468464674],[-86.15591123091231,45.01035464753647]]],[[[-86.69071603586036,45.61685078909788],[-86.61893015600155,45.56187096889968],[-86.64764450794507,45.54297165570655],[-86.66200168391684,45.57389780456804],[-86.71225179981799,45.610837371263706],[-86.69071603586036,45.61685078909788]]],[[[-86.82351991359913,41.760531838008376],[-86.71584109381094,41.818947896968965],[-86.61893015600155,41.89368609005089],[-86.48612627826277,42.11790066929669],[-86.36409028250281,42.24332338412383],[-86.29589369663697,42.35843738266382],[-86.26000075670757,42.44348429203291],[-86.22410781677816,42.59467879757797],[-86.2276971107711,42.64450425963259],[-86.20616134681346,42.71924245271452],[-86.2097506408064,42.859269182281814],[-86.23128640476405,43.015618045970456],[-86.27076863868638,43.11870520884208],[-86.39639392843928,43.31628893767937],[-86.43587616236162,43.39704054859548],[-86.4789476902769,43.51559078589785],[-86.53996568815688,43.61781888907888],[-86.53996568815688,43.659053754227536],[-86.4610012203122,43.74667784266842],[-86.43587616236162,43.789630827198266],[-86.43228686836868,43.855778423374225],[-86.46459051430514,43.970892421914215],[-86.5148406302063,44.048207794067935],[-86.50048345423454,44.075697704167034],[-86.42869757437575,44.11950974838748],[-86.34255451854519,44.24922776166761],[-86.26717934469345,44.34544244701446],[-86.25282216872168,44.45196584864848],[-86.22051852278523,44.56707984718847],[-86.26000075670757,44.66329453253532],[-86.25641146271462,44.691643502325014],[-86.15950052490524,44.72858306902068],[-86.08771464504645,44.741468964379635],[-86.0661788810888,44.82136151560515],[-86.0733574690747,44.88493193270932],[-86.03746452914528,44.91585808157081],[-85.99080370723706,44.90039500714006],[-85.93337500335004,44.969119782387814],[-85.8687677114771,44.93905269321692],[-85.80774971359713,44.95022046919468],[-85.77903536165361,44.97771037929378],[-85.74673171571716,45.05158951268512],[-85.71083877578775,45.06533446773467],[-85.65699936589365,45.14608607865078],[-85.61751713197131,45.18646188410884],[-85.58521348603486,45.180448466274655],[-85.54214195811957,45.21051555544555],[-85.53137407614076,45.177012227512265],[-85.59957066200661,45.149522317413165],[-85.61033854398543,45.1134418104081],[-85.56726701607016,45.04385797546975],[-85.64982077790778,44.9742741405314],[-85.60315995599956,44.99059627465274],[-85.60315995599956,44.92702585754857],[-85.6246957199572,44.92101243971439],[-85.65341007190072,44.84885142570425],[-85.62828501395013,44.767240755097546],[-85.59957066200661,44.76552263571635],[-85.53137407614076,44.8900862908529],[-85.52060619416194,44.9742741405314],[-85.47394537225372,44.991455334343335],[-85.50265972419724,44.85572390322903],[-85.55649913409134,44.817925276842765],[-85.57803489804898,44.760368277572766],[-85.52778478214782,44.748341441904415],[-85.4990704302043,44.80418032179321],[-85.47394537225372,44.81534809777097],[-85.39498090440904,44.93132115600155],[-85.37703443444434,44.99832781186811],[-85.38062372843729,45.04643515454154],[-85.36626655246552,45.11687804917048],[-85.38780231642316,45.18989812287122],[-85.36985584645846,45.27064973378733],[-85.30883784857848,45.31274365862658],[-85.27294490864908,45.31532083769837],[-85.20833761677616,45.35655570284702],[-85.14373032490325,45.37030065789657],[-85.05399797507975,45.364287240062396],[-84.96067633126331,45.37631407573075],[-84.91760480334803,45.39349526954269],[-84.92119409734097,45.42184423933239],[-85.03964079910799,45.43644825407253],[-85.08989091500915,45.476824059530585],[-85.11860526695267,45.57475686425863],[-85.06117656306563,45.6391863410534],[-85.01451574115741,45.65121317672176],[-84.94272986129862,45.71048829537295],[-84.9499084492845,45.73711914578145],[-85.01451574115741,45.76031375742757],[-84.79915810158101,45.74742786206861],[-84.77403304363044,45.78952178690786],[-84.5550861100611,45.70189769846698],[-84.46176446624466,45.65207223641236],[-84.41510364433644,45.669253430224295],[-84.3756214104141,45.65550847517474],[-84.32896058850588,45.66409907208072],[-84.2141031807318,45.634891042600415],[-84.12796012490125,45.56187096889968],[-84.11719224292243,45.51290456653566],[-84.05617424504244,45.48970995488954],[-83.93772754327543,45.49314619365193],[-83.90901319133191,45.485414656436554],[-83.80492366553665,45.419267060260594],[-83.72236990369903,45.41325364242642],[-83.60033390793907,45.35226040439404],[-83.49624438214381,45.357414762537616],[-83.42086920829207,45.29040810667106],[-83.38138697436975,45.268931614406135],[-83.4136906203062,45.24573700276002],[-83.3598512104121,45.16326727246272],[-83.32036897648976,45.13749548174481],[-83.2701188605886,45.02324054289542],[-83.3419047404474,45.041280796397956],[-83.39933344433445,45.07048882587825],[-83.45317285422854,45.03526737856378],[-83.43881567825677,44.94077081259812],[-83.3957441503415,44.902972186211855],[-83.32036897648976,44.880636634256334],[-83.30242250652506,44.829952112511116],[-83.29883321253212,44.74576426283262],[-83.27370815458154,44.713979054280536],[-83.28806533055331,44.652985816248155],[-83.31677968249681,44.59542881697816],[-83.30960109451094,44.53958993708936],[-83.32754756447564,44.44423431143311],[-83.33113685846858,44.34028808887088],[-83.37420838638386,44.32740219351193],[-83.42445850228502,44.272422373313724],[-83.51060155811558,44.27414049269492],[-83.5393159100591,44.248368701977014],[-83.56803026200262,44.155590255392546],[-83.58238743797438,44.0567983909739],[-83.65058402384024,44.052503092520915],[-83.67929837578376,44.03618095839958],[-83.67929837578376,43.99408703356033],[-83.83004872348724,43.98893267541675],[-83.87670954539546,43.95886558624586],[-83.90901319133191,43.89357704976049],[-83.9269596612966,43.787053648126474],[-83.95567401324013,43.750973141121406],[-83.90901319133191,43.67279870927709],[-83.85158448744487,43.64530879917798],[-83.81928084150842,43.67365776896768],[-83.80133437154372,43.641013500725],[-83.72954849168491,43.62297324722247],[-83.68288766977669,43.590328978979784],[-83.6469947298473,43.60407393402933],[-83.54649449804498,43.70716109690096],[-83.49624438214381,43.70716109690096],[-83.47111932419324,43.728637589165885],[-83.49624438214381,43.77244963338633],[-83.46394073620736,43.81024825977259],[-83.4316370902709,43.88498645285452],[-83.41727991429914,43.84203346832468],[-83.34908332843328,43.86866431873318],[-83.33113685846858,43.89357704976049],[-83.40651203232032,43.920207900169],[-83.32036897648976,43.917630721097204],[-83.28088674256742,43.93824815367153],[-83.26294027260272,43.973469600986],[-83.1803865107651,43.98206019789197],[-83.05835051500515,44.006113869228685],[-83.0260468690687,44.044771555305545],[-82.91477875528754,44.070543346023456],[-82.87529652136521,44.044771555305545],[-82.7927427595276,44.02329506304062],[-82.73890334963349,43.989791735107346],[-82.67788535175352,43.88412739316392],[-82.64199241182412,43.85234218461184],[-82.61686735387353,43.76901339462394],[-82.59892088390883,43.590328978979784],[-82.53790288602886,43.43741635405353],[-82.52354571005709,43.225228610476094],[-82.4876527701277,43.10238307472074],[-82.42304547825478,43.00788650875508],[-82.4158668902689,42.966651643606426],[-82.45534912419124,42.92713489783897],[-82.48047418214182,42.80257124270242],[-82.46611700617005,42.762195437244365],[-82.50918853408534,42.66512169220692],[-82.52354571005709,42.607564692936926],[-82.58815300193001,42.550866753357525],[-82.64199241182412,42.554302992119915],[-82.6850639397394,42.51822248511485],[-82.68147464574645,42.57492042469424],[-82.71377829168291,42.59811503634035],[-82.67788535175352,42.611859991389906],[-82.62404594185942,42.66512169220692],[-82.67429605776057,42.68745724416244],[-82.72813546765467,42.68316194570945],[-82.79633205352053,42.653953916229156],[-82.8214571114711,42.62646400613006],[-82.78915346553465,42.60326939448394],[-82.78197487754878,42.56461170840708],[-82.83581428744287,42.56804794716947],[-82.87529652136521,42.523376843258426],[-82.87170722737227,42.451215829248284],[-82.89683228532284,42.385068233072325],[-82.95785028320283,42.339538069470684],[-83.06552910299102,42.31806157720577],[-83.13013639486394,42.234732787217865],[-83.12295780687806,42.12563220651206],[-83.13372568885688,42.087833580125796],[-83.18756509875098,42.06635708786087],[-83.19115439274393,42.00622290951909],[-83.24858309663097,41.97271958158581],[-83.2701188605886,41.93921625365253],[-83.31677968249681,41.93578001489014],[-83.3419047404474,41.879941135001346],[-83.38138697436975,41.87049147840478],[-83.44240497224972,41.8086391806818],[-83.42445850228502,41.74077346512465],[-83.45317285422854,41.73304192790927],[-83.76185213762137,41.723592271312704],[-84.36126423444234,41.70641107750077],[-84.80633668956689,41.696102361213605],[-84.80633668956689,41.760531838008376],[-85.11860526695267,41.75967277831778],[-85.78980324363243,41.75881371862718],[-86.50048345423454,41.75967277831778],[-86.82351991359913,41.760531838008376]]],[[[-89.25347194681946,47.87617777536774],[-89.17809677296772,47.93545289401893],[-88.83711384363843,48.056580310393095],[-88.81198878568786,48.0548621910119],[-88.65764914399143,48.1390500406904],[-88.5463810302103,48.17513054769547],[-88.52484526625265,48.1656808910989],[-88.42434503445034,48.190593622126215],[-88.42793432844329,48.1665399507895],[-88.47100585635856,48.15279499573995],[-88.57868467614676,48.084070220492194],[-88.57868467614676,48.05829842977429],[-88.66841702597026,48.01105014679146],[-88.85147101961019,47.96551998318982],[-89.00222136731367,47.90882204361043],[-88.99504277932779,47.89164084979849],[-88.91248901749017,47.89164084979849],[-89.12425736307362,47.828929492384916],[-89.18886465494654,47.83150667145671],[-89.25347194681946,47.87617777536774]]],[[[-90.416403200532,46.566111747207465],[-90.34820661466614,46.60047413483134],[-90.30513508675087,46.60305131390313],[-90.16515262102621,46.64514523874238],[-90.02875944929448,46.674353268222674],[-89.91749133551335,46.74050086439863],[-89.8492947496475,46.79548068459684],[-89.79186604576046,46.81867529624296],[-89.67341934399343,46.8332793109831],[-89.61957993409933,46.81867529624296],[-89.51549040830407,46.84186990788907],[-89.4365259404594,46.83929272881728],[-89.24988265282653,46.90372220561205],[-89.14220383303832,46.98447381652816],[-89.06323936519365,46.98876911498114],[-88.95914983939839,47.00852748786487],[-88.923256899469,47.04203081579815],[-88.9053104295043,47.085842860018595],[-88.81557807968079,47.14168173990739],[-88.76532796377964,47.155426694956944],[-88.65764914399143,47.22586958958589],[-88.57509538215382,47.24562796246962],[-88.49972020830208,47.293735305143045],[-88.46023797437974,47.340124528435275],[-88.38845209452094,47.38479563234632],[-88.18027304293042,47.45781570604705],[-87.9792725793258,47.479292198311974],[-87.7998078796788,47.4732787804778],[-87.71725411784118,47.43977545254452],[-87.71366482384823,47.40111776646766],[-87.75314705777058,47.405413064920644],[-87.81416505565055,47.38479563234632],[-87.88236164151641,47.39596340832408],[-87.95773681536815,47.3873728114181],[-87.93979034540345,47.34699700596005],[-88.05464775317753,47.298030603596025],[-88.16232657296572,47.216419932989325],[-88.23052315883159,47.19923873917738],[-88.24846962879629,47.135668322073215],[-88.27359468674686,47.143399859288586],[-88.29871974469744,47.09872875537754],[-88.3489698605986,47.07639320342203],[-88.3669163305633,47.01883620415203],[-88.40998785847859,46.977601339003385],[-88.44229150441504,46.9724469808598],[-88.48536303233033,46.83156119160191],[-88.46382726837268,46.78689008769087],[-88.49613091430913,46.75682299851998],[-88.4566486803868,46.75940017759177],[-88.384862800528,46.8341383706737],[-88.37409491854918,46.87193699705996],[-88.3489698605986,46.8607692210822],[-88.24488033480334,46.92949399632995],[-88.14438010300103,46.966433563025625],[-88.1874516309163,46.91918528004279],[-88.23052315883159,46.89856784746847],[-88.28436256872568,46.832420251292504],[-88.17668374893749,46.904581265302646],[-88.08336210512105,46.92004433973339],[-88.03311198921989,46.908876563755626],[-87.90030811148111,46.909735623446224],[-87.84646870158701,46.88396383272832],[-87.8177543496435,46.89083631025309],[-87.75673635176351,46.8607692210822],[-87.72802199982,46.827265893148926],[-87.67418258992589,46.83671554974549],[-87.59521812208122,46.78259478923788],[-87.5844502401024,46.73019214811147],[-87.52343224222241,46.68809822327223],[-87.50189647826478,46.64772241781417],[-87.45164636236362,46.60562849297492],[-87.38344977649776,46.59274259761597],[-87.39062836448365,46.52487688205881],[-87.3511461305613,46.500823210722096],[-87.25782448674487,46.48793731536315],[-87.10707413904139,46.496527912269116],[-87.0173417892179,46.53346747896478],[-86.97785955529555,46.52659500144001],[-86.92760943939439,46.46474270371703],[-86.88453791147911,46.44154809207091],[-86.81634132561325,46.43811185330853],[-86.78762697366973,46.477628599075985],[-86.73019826978269,46.4716151812418],[-86.69789462384624,46.438970912999125],[-86.68353744787447,46.49824603165031],[-86.70866250582506,46.543776195251944],[-86.65123380193802,46.56095738906388],[-86.62610874398743,46.53346747896478],[-86.64764450794507,46.485360136291355],[-86.5866265100651,46.463024584335834],[-86.49330486624866,46.52487688205881],[-86.34973310653106,46.57813858287582],[-86.13796476094761,46.67263514884148],[-86.09848252702527,46.654594895338946],[-85.87953559345593,46.69067540234401],[-85.7144280697807,46.67693044729447],[-85.58880278002779,46.674353268222674],[-85.4811239602396,46.68036668605685],[-85.25858773267733,46.75338675975759],[-85.17244467684677,46.76369547604475],[-85.06476585705856,46.75768205821058],[-84.9499084492845,46.76970889387893],[-85.02887291712916,46.69754787986879],[-85.03605150511505,46.581574821638206],[-85.02887291712916,46.542917135561346],[-85.05758726907268,46.52659500144001],[-85.02528362313623,46.48278295721956],[-84.96785491924919,46.47591047969479],[-84.93555127331273,46.48965543474434],[-84.9140155093551,46.46731988278882],[-84.86017609946099,46.469897061860614],[-84.79915810158101,46.4458433905239],[-84.67712210582106,46.48793731536315],[-84.63046128391284,46.48450107660076],[-84.5909790499905,46.4449843308333],[-84.59456834398344,46.41491724166241],[-84.50483599415993,46.438970912999125],[-84.47971093620936,46.43295749516494],[-84.44381799627996,46.488796375053745],[-84.3756214104141,46.50941380762807],[-84.29306764857648,46.493091673506726],[-84.25358541465414,46.500823210722096],[-84.22487106271062,46.53432653865538],[-84.12796012490125,46.5300312402024],[-84.11001365493655,46.504259449484486],[-84.14590659486595,46.4183534804248],[-84.12078153691536,46.31526631755317],[-84.11719224292243,46.23365564694646],[-84.22128176871769,46.231937527565265],[-84.24999612066121,46.17609864767647],[-84.1961567107671,46.165789931389305],[-84.1782102408024,46.18383018489184],[-84.1243708309083,46.180393946129456],[-84.09565647896478,46.14774967788677],[-84.02745989309892,46.13142754376543],[-84.07412071500714,46.097065156141554],[-83.9879776591766,46.03263567934679],[-83.9449061312613,46.03177661965619],[-83.87312025140251,45.993118933579325],[-83.84440589945899,46.02576320182201],[-83.79415578355783,45.99569611265112],[-83.7654414316143,46.01803166460664],[-83.82287013550135,46.10393763366633],[-83.7726200196002,46.09105173830738],[-83.62545896588965,46.10221951428514],[-83.58238743797438,46.08933361892618],[-83.53213732207321,46.011159187081866],[-83.47470861818618,45.98452833667336],[-83.51060155811558,45.92954851647516],[-83.56085167401673,45.91236732266322],[-83.65776261182612,45.9458706505965],[-83.76903072560725,45.93212569554695],[-83.88029883938839,45.96820620255202],[-83.91978107331073,45.957897486264855],[-84.01669201112011,45.95875654595545],[-84.11360294892948,45.97851491883918],[-84.32896058850588,45.95617936688366],[-84.3756214104141,45.93212569554695],[-84.50842528815288,45.99140081419814],[-84.56226469804697,46.03263567934679],[-84.60892551995519,46.02662226151261],[-84.65558634186341,46.05239405223052],[-84.69147928179281,46.01717260491604],[-84.68430069380693,45.973360560695596],[-84.73814010370103,45.9458706505965],[-84.7345508097081,45.90721296451964],[-84.70224716377163,45.853092204012036],[-84.74531869168692,45.83591101020009],[-84.83146174751747,45.87199151720517],[-84.84222962949629,45.89862236761367],[-84.91760480334803,45.930407576165756],[-84.93555127331273,45.95617936688366],[-85.01451574115741,46.011159187081866],[-85.15090891288912,46.05067593284932],[-85.19756973479734,46.04466251501514],[-85.31601643656437,46.08675643985439],[-85.38062372843729,46.08246114140141],[-85.4272845503455,46.10221951428514],[-85.4452310203102,46.085038320473195],[-85.51342760617605,46.09448797706976],[-85.60315995599956,46.030058500275],[-85.66417795387953,45.96734714286142],[-85.696481599816,45.96047466533665],[-85.81133900759008,45.980233038220376],[-85.8938927694277,45.96734714286142],[-85.92260712137121,45.94844782966829],[-85.91542853338532,45.919239800187995],[-85.99798229522295,45.95102500874008],[-86.0733574690747,45.965629023480226],[-86.15950052490524,45.95360218781187],[-86.19539346483465,45.96305184440843],[-86.27794722667227,45.942434411834114],[-86.32460804858049,45.90635390482904],[-86.33178663656636,45.85223314432144],[-86.36409028250281,45.79038084659846],[-86.41434039840398,45.79381708536084],[-86.43946545635455,45.76031375742757],[-86.51842992419924,45.74742786206861],[-86.53996568815688,45.707911116301155],[-86.5866265100651,45.70533393722936],[-86.5866265100651,45.6666762511525],[-86.62969803798038,45.65894471393713],[-86.61534086200862,45.60654207281072],[-86.68712674186742,45.634031982909825],[-86.71943038780387,45.6683943705337],[-86.6763588598886,45.691588982179816],[-86.67276956589565,45.72079701166011],[-86.63328733197332,45.74742786206861],[-86.62969803798038,45.78179024969249],[-86.58303721607216,45.7783540109301],[-86.52919780617806,45.853092204012036],[-86.53996568815688,45.8900317707077],[-86.58303721607216,45.89862236761367],[-86.64764450794507,45.8341928908189],[-86.7840376796768,45.854810323393224],[-86.77326979769798,45.810998279172786],[-86.8199306196062,45.77062247371473],[-86.8378770895709,45.722515131041305],[-86.94555590935909,45.6958842806328],[-86.96350237932378,45.672689668986685],[-86.98503814328143,45.70619299691996],[-86.9742702613026,45.753441279902795],[-86.98862743727437,45.810998279172786],[-87.0173417892179,45.838488189271885],[-87.05323472914729,45.82216605515055],[-87.07118119911199,45.719078892278915],[-87.06041331713317,45.70877017599175],[-87.1716814309143,45.661521893008924],[-87.26500307473074,45.55070319292192],[-87.32602107261073,45.42528047809478],[-87.39421765847658,45.369441598205974],[-87.46600353833539,45.27322691285912],[-87.61316459204592,45.12375052669526],[-87.59162882808828,45.095401556905564],[-87.65982541395414,45.107428392573915],[-87.68853976589766,45.14780419803197],[-87.73520058780588,45.17185786936869],[-87.74237917579175,45.19677060039599],[-87.68853976589766,45.29813964388643],[-87.64905753197532,45.33937450903508],[-87.65623611996119,45.368582538515376],[-87.69571835388354,45.3900590307803],[-87.75314705777058,45.349683225322245],[-87.85005799557995,45.34109262841628],[-87.85005799557995,45.34109262841628],[-87.87518305353053,45.38146843387433],[-87.85005799557995,45.40208586644866],[-87.86082587755877,45.43473013469134],[-87.81416505565055,45.46393816417164],[-87.79262929169292,45.49830055179551],[-87.80339717367173,45.538676357253564],[-87.77468282172822,45.59795147590475],[-87.82493293762937,45.66238095269952],[-87.7818614097141,45.67354872867728],[-87.81057576165762,45.711347355063545],[-87.85723658356584,45.726810429494286],[-87.87877234752347,45.75515939928398],[-87.96491540335403,45.75859563804637],[-87.99721904929049,45.79553520474204],[-88.07259422314223,45.7800721303113],[-88.13720151501515,45.81872981638816],[-88.07618351713516,45.8634009202992],[-88.10130857508575,45.88144117380173],[-88.10130857508575,45.92181697925979],[-88.24488033480334,45.96305184440843],[-88.2951304507045,45.95102500874008],[-88.38127350653507,45.99140081419814],[-88.42434503445034,45.97851491883918],[-88.49972020830208,45.996555172341715],[-88.50689879628796,46.01803166460664],[-88.60380973409734,46.016313545225444],[-88.61457761607616,45.988823635126344],[-88.66482773197731,45.988823635126344],[-88.67918490794908,46.01373636615365],[-88.74020290582905,46.027481321203204],[-88.78327443374434,46.016313545225444],[-89.09195371713717,46.138300021290206],[-90.12208109311092,46.33674280981809],[-90.11849179911799,46.35993742146421],[-90.2189920309203,46.50340038979389],[-90.31590296872969,46.51714534484344],[-90.35179590865908,46.53776277741777],[-90.35179590865908,46.53776277741777],[-90.39486743657436,46.53260841927418],[-90.416403200532,46.566111747207465]]]]}},{"type":"Feature","id":"US-Mississippi","properties":{"name":"Mississippi","country":"US"},"geometry":{"type":"MultiPolygon","coordinates":[[[[-88.5104880902809,30.21734677545775],[-88.4028092704927,30.206178999479988],[-88.45305938639386,30.188997805668052],[-88.49613091430913,30.196729342883422],[-88.5104880902809,30.21734677545775]]],[[[-88.77250655176552,30.245695745247446],[-88.71507784787848,30.256863521225206],[-88.60739902809027,30.2319507901979],[-88.58586326413264,30.219064894838944],[-88.6720063199632,30.223360193291924],[-88.77250655176552,30.245695745247446]]],[[[-88.98786419134191,30.21648771576715],[-88.93402478144782,30.222501133601334],[-88.88018537155371,30.249131984009836],[-88.89454254752548,30.22421925298252],[-88.96991772137721,30.20102464133641],[-88.98786419134191,30.21648771576715]]],[[[-89.16015030300302,30.238823267722672],[-89.08477512915128,30.237964208032075],[-89.05606077720776,30.249131984009836],[-89.07400724717247,30.21219241731417],[-89.10990018710187,30.206178999479988],[-89.17091818498184,30.22851455143551],[-89.16015030300302,30.238823267722672]]],[[[-91.16656564505645,33.00413641175411],[-91.11990482314823,33.05482093349933],[-91.20245858498585,33.10808263431634],[-91.18451211502115,33.141585962249614],[-91.14502988109881,33.12955912658126],[-91.09477976519764,33.136431604106036],[-91.08401188321884,33.156189976989765],[-91.09119047120471,33.22061945378453],[-91.04452964929649,33.26529055769557],[-91.05170823728237,33.2850489305793],[-91.08760117721177,33.27388115460154],[-91.09836905919059,33.23780064759647],[-91.14144058710586,33.29621670655706],[-91.14144058710586,33.35119652675526],[-91.05888682526825,33.42851189890899],[-91.07683329523294,33.456001809008086],[-91.11272623516234,33.39329045159451],[-91.17374423304233,33.38126361592615],[-91.20963717297172,33.40188104850048],[-91.1988692909929,33.41820318262182],[-91.13785129311293,33.42679377952779],[-91.12349411714116,33.47318300282002],[-91.17374423304233,33.49637761446614],[-91.17015493904938,33.452565570245696],[-91.2347622309223,33.43882061519614],[-91.18451211502115,33.5075453904439],[-91.23117293692937,33.5616661509515],[-91.13067270512705,33.59688759826598],[-91.13785129311293,33.625236568055676],[-91.22758364293642,33.669048612276114],[-91.22040505495055,33.69310228361283],[-91.15938705707056,33.706847238662384],[-91.13426199911999,33.67678014949149],[-91.07683329523294,33.657880836298354],[-91.03376176731767,33.6733439107291],[-91.06247611926119,33.71629689525895],[-91.10913694116941,33.70427005959059],[-91.14502988109881,33.72660561154611],[-91.14144058710586,33.777290133291324],[-91.05529753127531,33.77900825267252],[-91.0265831793318,33.76354517824178],[-90.99069023940238,33.79275320772207],[-91.04811894328942,33.81508875967759],[-91.07324400124001,33.86233704266042],[-91.0086367093671,33.92934369852698],[-91.08760117721177,33.95855172800727],[-91.07683329523294,33.983464459034586],[-91.0194045913459,34.003222831918315],[-91.0014581213812,33.96628326522265],[-90.96197588745888,33.980028220272196],[-90.98710094540945,34.018685906349056],[-90.90095788957889,34.02384026449264],[-90.87224353763537,34.07624290561905],[-90.88301141961419,34.09686033819337],[-90.92249365353653,34.09428315912159],[-90.95479729947299,34.138095203342026],[-90.91172577155771,34.165585113441125],[-90.85429706767067,34.13723614365143],[-90.80763624576245,34.161289814988145],[-90.81481483374833,34.18276630725307],[-90.88660071360714,34.18190724756247],[-90.93685082950829,34.218846814258136],[-90.90454718357184,34.24375954528545],[-90.8471184796848,34.20681997858978],[-90.83276130371303,34.26781321662216],[-90.76456471784718,34.280699111981114],[-90.73943965989659,34.30647090269902],[-90.76815401184011,34.34512858877588],[-90.75020754187541,34.368323200422],[-90.68201095600956,34.369182260112595],[-90.69277883798837,34.322793036820364],[-90.65688589805897,34.32193397712977],[-90.65688589805897,34.37605473763737],[-90.56715354823548,34.42502114000139],[-90.58868931219311,34.496323094320935],[-90.54202849028489,34.54013513854138],[-90.54561778427784,34.5633297501875],[-90.58868931219311,34.615732391313905],[-90.58868931219311,34.67071221151211],[-90.55279637226371,34.688752465014645],[-90.55638566625666,34.646658540175395],[-90.51690343233432,34.63119546574465],[-90.46665331643317,34.674148450274494],[-90.47383190441904,34.700779300683],[-90.54561778427784,34.7024974200642],[-90.56715354823548,34.73685980768807],[-90.54202849028489,34.74888664335643],[-90.54920707827078,34.77895373252732],[-90.51331413834139,34.80214834417344],[-90.52049272632726,34.75318194180941],[-90.50254625636256,34.723973912329114],[-90.4522961404614,34.74029604645046],[-90.47383190441904,34.80214834417344],[-90.45588543445434,34.823624836438356],[-90.48459978639787,34.861423462824625],[-90.47742119841197,34.88633619385193],[-90.43793896448965,34.88461807447074],[-90.42358178851788,34.83393355272552],[-90.31231367473674,34.87173217911179],[-90.24770638286383,34.90953080549805],[-90.24770638286383,34.94818849157491],[-90.3087243807438,34.99543677455774],[-89.48677605636055,34.993718655176544],[-88.92684619346193,34.99457771486714],[-88.20180880688807,34.99543677455774],[-88.15514798497985,34.922416700857],[-88.09771928109281,34.89234961168611],[-88.14079080900808,34.58137000369003],[-88.20898739487394,34.02899462263622],[-88.23052315883159,33.891545072140715],[-88.3489698605986,32.92939821867218],[-88.3669163305633,32.74727756426564],[-88.44229150441504,32.13734518394183],[-88.4745951503515,31.894231291502912],[-88.43870221042211,31.2301781506715],[-88.41716644646446,30.86679590154901],[-88.40639856448564,30.560111592005917],[-88.39563068250682,30.369400340693403],[-88.40998785847859,30.341910430594304],[-88.43511291642916,30.354796325953252],[-88.47100585635856,30.32043393832938],[-88.53561314823148,30.34362854997549],[-88.5822739701397,30.330742654616543],[-88.6002204401044,30.356514445334447],[-88.66482773197731,30.362527863168623],[-88.72943502385023,30.342769490284894],[-88.81198878568786,30.384863415124144],[-88.81916737367374,30.360809743787435],[-88.89454254752548,30.393454012030112],[-88.97350701537015,30.390876832958327],[-89.08477512915128,30.367682221312208],[-89.18527536095361,30.33160171430714],[-89.2929541807418,30.303252744517437],[-89.27859700477005,30.349641967809674],[-89.31448994469945,30.37541375852758],[-89.3647400606006,30.352219146881467],[-89.33243641466414,30.337615132141316],[-89.3288471206712,30.303252744517437],[-89.4185794704947,30.254286342153414],[-89.44729382243823,30.185561566905662],[-89.47959746837468,30.19415216381163],[-89.5262582902829,30.180407208762084],[-89.56932981819818,30.180407208762084],[-89.6159906401064,30.223360193291924],[-89.63034781607816,30.280058132871325],[-89.63034781607816,30.33933325152251],[-89.68418722597225,30.40548084769847],[-89.68418722597225,30.451870070990708],[-89.72008016590165,30.488809637686373],[-89.75956239982399,30.50513177180771],[-89.77391957579576,30.538635099740993],[-89.80981251572516,30.567843129221288],[-89.82416969169691,30.649453799827995],[-89.85288404364043,30.661480635496346],[-89.81699110371103,30.737077888268878],[-89.8313482796828,30.768004037130368],[-89.80622322173221,30.78948052939529],[-89.77391957579576,30.896862990719903],[-89.74879451784517,30.91318512484124],[-89.75238381183811,30.9518428109181],[-89.72725875388754,30.970742124111233],[-89.75238381183811,31.001668272972722],[-90.34461732067321,30.999950153591527],[-90.82558271572715,30.999091093900937],[-91.63676315813157,30.999091093900937],[-91.59010233622335,31.01713134740347],[-91.56497727827278,31.06695680945809],[-91.62240598215982,31.10990979398793],[-91.62599527615276,31.133963465324648],[-91.59010233622335,31.173480211092105],[-91.60087021820218,31.208701658406582],[-91.64394174611746,31.234473449124486],[-91.64035245212452,31.26711771736717],[-91.5757451602516,31.261104299532988],[-91.51472716237161,31.27828549334493],[-91.50754857438574,31.315225060040596],[-91.55062010230102,31.347010268592683],[-91.55420939629396,31.385667954669543],[-91.57933445424455,31.39941290971909],[-91.54703080830808,31.43291623765237],[-91.53267363233633,31.389963253122524],[-91.5039592803928,31.365050522095217],[-91.47165563445634,31.371063939929392],[-91.47165563445634,31.395976670956706],[-91.51831645636456,31.46040614775147],[-91.5219057503575,31.523976564855644],[-91.4501198704987,31.539439639286385],[-91.40704834258342,31.569506728457277],[-91.42140551855518,31.596996638556377],[-91.4860128104281,31.585828862578623],[-91.51831645636456,31.611600653296527],[-91.50036998639986,31.64424492153921],[-91.46447704647046,31.620191250202495],[-91.39986975459755,31.620191250202495],[-91.3962804606046,31.71125157740577],[-91.35679822668226,31.74131866657666],[-91.27424446484464,31.745613965029648],[-91.25988728887289,31.76107703946039],[-91.36397681466815,31.770526696056955],[-91.33885175671756,31.851278306973065],[-91.29578022880229,31.86072796356963],[-91.28860164081641,31.823788396873965],[-91.26347658286582,31.809184382133814],[-91.24553011290112,31.83323805347053],[-91.26706587685877,31.851278306973065],[-91.1809228210282,31.91828496283962],[-91.18810140901408,31.96123794736947],[-91.1629763510635,31.982714439634393],[-91.09477976519764,31.99474127530275],[-91.09477976519764,32.03769425983259],[-91.1629763510635,32.06002981178811],[-91.14502988109881,32.081506304053036],[-91.09836905919059,32.048002976119754],[-91.08042258922589,32.078929124981244],[-91.0373510613106,32.097828438174375],[-91.00504741537415,32.15710355682556],[-91.05888682526825,32.17772098939989],[-91.05170823728237,32.124459288582884],[-91.16656564505645,32.13390894517945],[-91.15938705707056,32.2017746607366],[-91.06247611926119,32.21895585454854],[-91.0373510613106,32.24215046619466],[-90.98710094540945,32.21551961578615],[-90.96915447544475,32.251600122791224],[-90.97633306343063,32.29713028639286],[-90.93326153551536,32.290257808868084],[-90.87583283162832,32.35812352442524],[-90.89019000760007,32.37358659885598],[-90.91172577155771,32.33922421123211],[-90.99427953339533,32.35382822597225],[-90.99427953339533,32.40365368802687],[-90.96556518145181,32.420834881838815],[-90.99427953339533,32.450901971009706],[-91.03017247332473,32.43372077719776],[-91.11272623516234,32.47581470203701],[-91.10195835318353,32.525640164091634],[-91.08401188321884,32.52649922378223],[-91.02299388533885,32.48526435863358],[-90.98710094540945,32.49127777646776],[-91.00504741537415,32.513613328423276],[-91.08042258922589,32.55656631295312],[-91.03017247332473,32.583197163361625],[-91.0014581213812,32.61498237191371],[-91.0265831793318,32.6467675804658],[-91.04811894328942,32.60725083469834],[-91.11990482314823,32.58491528274282],[-91.14144058710586,32.59694211841118],[-91.15220846908468,32.64161322232222],[-91.11990482314823,32.6742574905649],[-91.06247611926119,32.702606460354595],[-91.05529753127531,32.72580107200071],[-91.16656564505645,32.751572862718625],[-91.1629763510635,32.812566100751],[-91.14502988109881,32.844351309303086],[-91.06965470724707,32.88902241321413],[-91.06247611926119,32.9225257411474],[-91.09477976519764,32.98437803887038],[-91.13426199911999,32.98094180010799],[-91.13067270512705,32.923384800838],[-91.1809228210282,32.90104924888249],[-91.21322646696467,32.91994856207562],[-91.20245858498585,32.96118342722426],[-91.16656564505645,33.00413641175411]]]]}},{"type":"Feature","id":"US-Montana","properties":{"name":"Montana","country":"US"},"geometry":{"type":"Polygon","coordinates":[[[-116.04755160411604,49.00068691035909],[-115.20765680976808,48.998968790977905],[-114.37494060340603,49.00154597004969],[-113.69297474474745,48.99725067159671],[-113.01100888608886,48.998968790977905],[-111.76193457654576,48.99725067159671],[-111.00459354403543,48.99725067159671],[-110.17187733767337,48.998968790977905],[-108.99458890798907,48.998968790977905],[-108.48849845498454,48.998968790977905],[-107.44042460904609,48.998968790977905],[-106.62565487264872,48.999827850668495],[-106.11238583165832,48.998968790977905],[-105.05713339773398,48.998968790977905],[-104.64795388253881,48.998968790977905],[-104.04854178571784,48.999827850668495],[-104.04854178571784,48.3890364106541],[-104.04495249172491,48.37443239591395],[-104.04495249172491,45.9450115909059],[-104.04136319773197,45.750005041140405],[-104.04136319773197,45.0009049909399],[-104.05930966769667,44.99746875217751],[-104.47207847688476,44.99832781186811],[-105.37299126911269,45.0000459312493],[-105.84677807618075,45.0000459312493],[-105.92933183801837,44.99403251341513],[-106.56822616876168,44.994891573105726],[-107.08508450374504,44.99660969248692],[-107.13533461964619,45.0000459312493],[-108.26955152141521,45.0000459312493],[-109.06278549385493,45.0000459312493],[-109.10226772777727,45.006059349083486],[-109.79859076240761,45.0017640506305],[-110.1108593397934,45.003482170011694],[-110.20059168961689,44.99660969248692],[-110.36210991929919,45.0009049909399],[-110.40159215322153,44.99403251341513],[-110.70668214262142,44.99231439403393],[-110.7856466104661,45.002623110321096],[-111.0548436599366,45.0009049909399],[-111.05843295392954,44.86689167920679],[-111.0548436599366,44.62463684645846],[-111.04766507195072,44.474301400604],[-111.12304024580246,44.49405977348773],[-111.14457600976009,44.53615369832698],[-111.23071906559065,44.586838220072195],[-111.22354047760477,44.62377778676786],[-111.32404070940709,44.7242877705677],[-111.38505870728707,44.75521391942919],[-111.41377305923059,44.710542815518146],[-111.48555893908939,44.70796563644636],[-111.46761246912469,44.679616666656656],[-111.52504117301173,44.59542881697816],[-111.47120176311762,44.54044899677996],[-111.5860591708917,44.56278454873548],[-111.61836281682817,44.54903959368593],[-111.70450587265871,44.56020736966369],[-111.71527375463754,44.54388523554235],[-111.82295257442574,44.50952284791847],[-111.86961339633396,44.56364360842608],[-111.94857786417863,44.5567711309013],[-111.99523868608685,44.53529463863638],[-112.03113162601625,44.54646241461414],[-112.10650679986799,44.52069062389623],[-112.1352211518115,44.53958993708936],[-112.18547126771267,44.53271745956459],[-112.22854279562794,44.56278454873548],[-112.28597149951499,44.56879796656966],[-112.31827514545145,44.53873087739877],[-112.3505787913879,44.53873087739877],[-112.3577573793738,44.48632823627236],[-112.3864717313173,44.4476705501955],[-112.47261478714786,44.480314818438174],[-112.50132913909138,44.46313362462624],[-112.54081137301372,44.483751057200564],[-112.65925807478074,44.48546917658176],[-112.72027607266072,44.50436848977489],[-112.7812940705407,44.48461011689116],[-112.83513348043479,44.42275781916818],[-112.81359771647716,44.37722765556655],[-112.84590136241361,44.35832834237342],[-112.88538359633596,44.39612696875968],[-112.94999088820887,44.41674440133401],[-113.00383029810297,44.45110678895788],[-113.02536606206061,44.49663695255952],[-113.00741959209591,44.525844982039814],[-113.08279476594765,44.59542881697816],[-113.05049112001119,44.636663682126816],[-113.06843758997589,44.679616666656656],[-113.13304488184882,44.77325417293172],[-113.24790228962289,44.82307963498634],[-113.34122393343932,44.78528100860008],[-113.35558110941109,44.81964339622395],[-113.4560813412134,44.86517355982559],[-113.49556357513575,44.94850234981349],[-113.44531345923458,44.95967012579125],[-113.4381348712487,45.006918408774084],[-113.45249204722046,45.05932104990049],[-113.52068863308632,45.09282437783377],[-113.51351004510045,45.11515992978929],[-113.57452804298042,45.12804582514824],[-113.59965310093101,45.19075718256182],[-113.68579615676155,45.253468539975394],[-113.6893854507545,45.283535629146286],[-113.73963556665566,45.329924852438516],[-113.73245697866977,45.3900590307803],[-113.7611713306133,45.40638116490164],[-113.78270709457094,45.45534756726566],[-113.7611713306133,45.48111935798357],[-113.76476062460624,45.52063610375103],[-113.8329572104721,45.52063610375103],[-113.80783215252151,45.60224677435774],[-113.86167156241562,45.62372326662266],[-113.9047430903309,45.62200514724147],[-113.89756450234502,45.64434069919699],[-113.93345744227442,45.68213932558325],[-113.98729685216851,45.704474877538765],[-114.01960049810498,45.69330710156101],[-114.01242191011909,45.658085654246534],[-114.0662613200132,45.62801856507564],[-114.13445790587905,45.557575670446695],[-114.20265449174491,45.535240118491174],[-114.24931531365313,45.54554883477834],[-114.26008319563195,45.49572337272372],[-114.34622625146251,45.45964286571865],[-114.36417272142721,45.49056901458014],[-114.41442283732836,45.50946832777327],[-114.46108365923658,45.561011909209086],[-114.55081600906009,45.561011909209086],[-114.53645883308832,45.60654207281072],[-114.56517318503184,45.63746822167221],[-114.50056589315892,45.669253430224295],[-114.49697659916599,45.71048829537295],[-114.56517318503184,45.774058712477114],[-114.50056589315892,45.85051502494024],[-114.41083354333543,45.85137408463084],[-114.38570848538485,45.8891727110171],[-114.43236930729307,45.935561934309334],[-114.41083354333543,45.977655859148584],[-114.47903012920129,46.0008504707947],[-114.49338730517304,46.04723969408693],[-114.46108365923658,46.097065156141554],[-114.52210165711656,46.12541412593125],[-114.51492306913069,46.1675080507705],[-114.44672648326483,46.173521468604676],[-114.45031577725777,46.24138718416184],[-114.4718515412154,46.26715897487974],[-114.42519071930718,46.28777640745407],[-114.42160142531425,46.38742733156331],[-114.37494060340603,46.443266211452105],[-114.4000656613566,46.50254133010329],[-114.35699413344133,46.505118509175084],[-114.32110119351192,46.6107828511185],[-114.33186907549074,46.66060831317312],[-114.36058342743426,46.669198910079096],[-114.4539050712507,46.64944053719537],[-114.46826224722247,46.63140028369283],[-114.54722671506714,46.64428617905178],[-114.615423300933,46.6399908805988],[-114.64413765287652,46.67349420853208],[-114.62260188891888,46.70699753646536],[-114.64772694686947,46.73276932718326],[-114.69797706277062,46.74050086439863],[-114.71233423874239,46.71472907368073],[-114.76617364863648,46.696688820178196],[-114.78770941259413,46.71129283491834],[-114.76617364863648,46.758541117901174],[-114.88820964439644,46.808366579955795],[-114.94563834828348,46.859051101701006],[-114.93128117231171,46.92004433973339],[-115.00306705217052,46.9715879211692],[-115.04972787407874,46.970728861478605],[-115.07126363803637,47.02227244291442],[-115.13946022390223,47.09271533754337],[-115.20047822178222,47.1391045608356],[-115.2435497496975,47.15027233681336],[-115.26149621966219,47.182057545365446],[-115.30097845358452,47.18807096319962],[-115.29379986559866,47.220715231442306],[-115.32610351153511,47.25593667875678],[-115.41224656736566,47.26452727566275],[-115.52710397513974,47.30318496173961],[-115.55222903309033,47.34957418503184],[-115.7209258507585,47.424312378113775],[-115.76040808468085,47.42259425873258],[-115.71733655676556,47.45352040759407],[-115.63837208892087,47.46039288511884],[-115.62760420694207,47.479292198311974],[-115.68503291082911,47.48530561614616],[-115.7029793807938,47.53427201851018],[-115.74246161471615,47.53856731696316],[-115.73528302673026,47.567775346443455],[-115.68862220482204,47.59526525654256],[-115.73169373273731,47.64251353952539],[-115.72451514475145,47.69663430003299],[-115.77117596665965,47.717251732607316],[-115.79630102461024,47.75762753806537],[-115.82501537655375,47.75247317992179],[-115.85372972849729,47.82807043269432],[-115.90756913839138,47.84611068619685],[-116.04755160411604,47.97668775916758],[-116.05114089810897,48.21636541284412],[-116.04755160411604,48.310002919119185],[-116.04755160411604,49.00068691035909]]]}},{"type":"Feature","id":"US-New-Hampshire","properties":{"name":"New Hampshire","country":"US"},"geometry":{"type":"Polygon","coordinates":[[[-71.50082385773858,45.01379088629886],[-71.49005597575976,45.072206945259445],[-71.42544868388684,45.127186765457644],[-71.43621656586566,45.1400726608166],[-71.39673433194332,45.20364307792077],[-71.44339515385154,45.23456922678226],[-71.37878786197862,45.24401888337883],[-71.36443068600686,45.26635443533434],[-71.28546621816218,45.30243494233942],[-71.23162680826808,45.250032301213004],[-71.13112657646576,45.24573700276002],[-71.08446575455754,45.30587118110181],[-71.03062634466345,44.65556299531995],[-70.9911441107411,43.91591260171601],[-70.9911441107411,43.83945628925289],[-70.9731976407764,43.570570606096055],[-70.95166187681876,43.550812233212326],[-70.9731976407764,43.475214980439794],[-70.95884046480465,43.466624383533826],[-70.98755481674817,43.37985935478354],[-70.9552511708117,43.33432919118191],[-70.80809011710117,43.224369550785504],[-70.8296258810588,43.18828904378043],[-70.8296258810588,43.12901392512924],[-70.70400059130591,43.059430090190894],[-70.8116794110941,42.90995370402703],[-70.81885799908,42.87215507764077],[-70.84757235102352,42.86098730166301],[-70.90141176091761,42.88675909238091],[-71.03062634466345,42.859269182281814],[-71.0629299905999,42.80600748146481],[-71.13112657646576,42.82147055589555],[-71.18496598635986,42.79054440703406],[-71.18137669236692,42.73728270621706],[-71.25675186621866,42.73642364652646],[-71.29264480614806,42.696906900759004],[-71.7448958492585,42.70721561704617],[-72.45916535385354,42.726973989929895],[-72.49146899979,42.77250415353153],[-72.51300476374763,42.76391355662556],[-72.55607629166292,42.85153764506644],[-72.52377264572645,42.91424900248002],[-72.52018335173352,42.96321540484404],[-72.4735225298253,42.97180600175001],[-72.44480817788178,43.01046368782687],[-72.46634394183941,43.05513479173791],[-72.43404029590296,43.08348376152761],[-72.45198676586766,43.139322641416406],[-72.43762958989589,43.25787287871878],[-72.39455806198062,43.312852698916984],[-72.41609382593826,43.3643962803528],[-72.38020088600886,43.48036933858338],[-72.39814735597356,43.51043642775427],[-72.38020088600886,43.57400684485844],[-72.32636147611476,43.60235581464814],[-72.30482571215713,43.6959933209232],[-72.27252206622066,43.73379194730946],[-72.2043254803548,43.770731514005135],[-72.18278971639717,43.8085301403914],[-72.1863790103901,43.863509960589596],[-72.11818242452425,43.921066959859594],[-72.11818242452425,43.99408703356033],[-72.07511089660896,44.03188565994659],[-72.03203936869369,44.09116077859778],[-72.03203936869369,44.13153658405583],[-72.06793230862309,44.189952643016426],[-72.04639654466544,44.23891904538045],[-72.06793230862309,44.26812707486074],[-72.03203936869369,44.32052971598715],[-71.90641407894078,44.348019626086256],[-71.87052113901139,44.336851850108495],[-71.81309243512435,44.35489210361103],[-71.79514596515965,44.39956320752207],[-71.70900290932909,44.41159004319042],[-71.65875279342794,44.445093371123704],[-71.63362773547735,44.483751057200564],[-71.57619903159032,44.502650370393695],[-71.59773479554795,44.55333489213891],[-71.55825256162561,44.564502668116674],[-71.55107397363973,44.62721402553025],[-71.58696691356913,44.65985829377293],[-71.62644914749147,44.74748238221382],[-71.57260973759738,44.79215348612485],[-71.55825256162561,44.84713330632306],[-71.49364526975269,44.91156278311782],[-71.54030609166091,44.988019095580945],[-71.50082385773858,45.01379088629886]]]}},{"type":"Feature","id":"US-New-York","properties":{"name":"New York","country":"US"},"geometry":{"type":"MultiPolygon","coordinates":[[[[-72.03562866268662,41.25540473993739],[-72.02486078070781,41.27086781436814],[-71.92794984289843,41.28976712756127],[-72.00332501675017,41.252827560865605],[-72.03562866268662,41.25540473993739]]],[[[-72.14330748247482,41.09819681655816],[-72.12536101251013,41.115378010370094],[-72.08587877858778,41.10163305532055],[-72.08587877858778,41.0586800707907],[-72.10741454254543,41.08874715996159],[-72.14330748247482,41.09819681655816]]],[[[-72.21509336233362,41.183243725927255],[-72.15766465844658,41.1969886809768],[-72.20073618636187,41.160049114281136],[-72.21509336233362,41.183243725927255]]],[[[-74.07075835668357,40.66093543404433],[-74.05281188671887,40.60337843477434],[-74.08511553265532,40.56987510684106],[-74.22150870438705,40.5028684509745],[-74.26099093830938,40.502009391283906],[-74.25022305633055,40.54496237581375],[-74.2179194103941,40.5587073308633],[-74.20356223442234,40.63086834487344],[-74.07075835668357,40.66093543404433]]],[[[-76.375085100151,43.87467773656736],[-76.31765639626396,43.917630721097204],[-76.33560286622865,43.878973035020344],[-76.375085100151,43.87467773656736]]],[[[-76.45404956799568,43.8909998706887],[-76.4109780400804,43.925362258312575],[-76.37867439414394,43.921066959859594],[-76.45404956799568,43.8909998706887]]],[[[-79.7633786294863,42.269954234532335],[-79.64493192771927,42.315484398133975],[-79.45469934609346,42.41084002379023],[-79.3506098202982,42.489014455634546],[-79.24293100051,42.531967440164394],[-79.14960935669356,42.55344393242932],[-79.11012712277123,42.6135781107711],[-79.06346630086301,42.64450425963259],[-79.04910912489125,42.689175363543626],[-78.91989454114541,42.73728270621706],[-78.85169795527955,42.78367192950929],[-78.86605513125131,42.85239670475704],[-78.91271595315953,42.88675909238091],[-78.90553736517364,42.923698659076585],[-78.93066242312423,42.95548386762867],[-79.01321618496185,42.985550956799564],[-79.0096268909689,43.06458444833448],[-79.07423418284182,43.07747034369343],[-79.04193053690537,43.143617939869394],[-79.05987700687007,43.251000401194005],[-79.07064488884889,43.262168177171766],[-78.97014465704657,43.2810674903649],[-78.83375148531485,43.317147997369965],[-78.63275102171022,43.35752380282802],[-78.48917926199262,43.374704996639956],[-78.3707325602256,43.37642311602115],[-78.23433938849388,43.36869157880578],[-78.10512480474804,43.37556405633055],[-77.79644552135521,43.339483549325486],[-77.7138917595176,43.32316141520415],[-77.6600523496235,43.28278560974609],[-77.57749858778588,43.243268863978635],[-77.5344270598706,43.23467826707267],[-77.39085530015299,43.27677219191191],[-77.2652300104001,43.27763125160251],[-77.11089036870368,43.28793996788967],[-77.03551519485194,43.27161783376833],[-76.95296143301432,43.270758774077734],[-76.90271131711317,43.29223526634266],[-76.79503249732497,43.309416460154594],[-76.73042520545205,43.343778847778474],[-76.6981215595156,43.34463790746907],[-76.62992497364974,43.41336268271682],[-76.52224615386153,43.46834250291502],[-76.48635321393213,43.475214980439794],[-76.41815662806628,43.52160420373203],[-76.36790651216512,43.52589950218501],[-76.29612063230633,43.513013606826064],[-76.23510263442634,43.5293357409474],[-76.20279898848989,43.574865904549036],[-76.195620400504,43.64960409763097],[-76.22792404644046,43.80423484193841],[-76.29970992629926,43.83859722956229],[-76.26022769237692,43.88155021409214],[-76.20997757647577,43.8909998706887],[-76.20279898848989,43.862650900899],[-76.12742381463815,43.897872348213475],[-76.13819169661696,43.93481191490914],[-76.20638828248282,43.975187720367195],[-76.2853527503275,43.96230182500824],[-76.2674062803628,43.98721455603555],[-76.3212456902569,44.031026600256],[-76.375085100151,44.03188565994659],[-76.37149580615807,44.10061043519435],[-76.31406710227103,44.19940229961299],[-76.24587051640516,44.20369759806597],[-76.16331675456755,44.239778105071046],[-76.16331675456755,44.28101297021969],[-76.09870946269463,44.29991228341283],[-76.00179852488525,44.34716056639566],[-75.9694948789488,44.34286526794267],[-75.91206617506175,44.367777998969984],[-75.82233382523825,44.43220747576475],[-75.8079766492665,44.471724221532206],[-75.7649051213512,44.51553626575265],[-75.61774406764067,44.61948248831487],[-75.50647595385954,44.70538845737457],[-75.3054754902549,44.82651587374873],[-75.30906478424784,44.836824590035896],[-75.06499279272792,44.930462096310954],[-74.97167114891148,44.983723797127965],[-74.90706385703857,44.983723797127965],[-74.8280993891939,45.01550900568005],[-74.73118845138451,44.99059627465274],[-74.66299186551865,44.999186871558706],[-74.33636611216112,44.99231439403393],[-74.14613353053531,44.991455334343335],[-73.76207907329074,45.003482170011694],[-73.67593601746017,45.002623110321096],[-73.34213167611676,45.011213707227064],[-73.33854238212382,44.917576200952006],[-73.3636674400744,44.891804410234094],[-73.37802461604616,44.83768364972649],[-73.33136379413794,44.78871724736246],[-73.36725673406734,44.741468964379635],[-73.37443532205322,44.66243547284472],[-73.38879249802498,44.63580462243622],[-73.37443532205322,44.575670444094435],[-73.30623873618735,44.5000731913219],[-73.2918815602156,44.44079807267072],[-73.33495308813087,44.372073297422965],[-73.3098280301803,44.27414049269492],[-73.32418520615207,44.24321434383343],[-73.39238179201791,44.18909358332583],[-73.41032826198261,44.1126372708627],[-73.43904261392613,44.044771555305545],[-73.40673896798968,44.02157694365943],[-73.41032826198261,43.933093795527945],[-73.37443532205322,43.875536796257954],[-73.39238179201791,43.820556976059756],[-73.34931026410264,43.77159057369573],[-73.40673896798968,43.68826178370783],[-73.43186402594026,43.590328978979784],[-73.39597108601086,43.56799342702426],[-73.37084602806028,43.624691366603656],[-73.30264944219442,43.624691366603656],[-73.29547085420855,43.57916120300202],[-73.24881003230033,43.55424847197471],[-73.2559886202862,43.25959099809997],[-73.27752438424385,42.897067808668076],[-73.27752438424385,42.83349739156391],[-73.2918815602156,42.80171218301182],[-73.26316720827208,42.74587330312303],[-73.38520320403204,42.42544403853038],[-73.507239199792,42.0861154607446],[-73.48570343583435,42.050034953739534],[-73.51800708177082,41.68751176430764],[-73.53595355173552,41.434089155581546],[-73.55031072770727,41.295780545395445],[-73.48211414184142,41.21245175540755],[-73.72618613336134,41.10077399562995],[-73.65440025350253,41.01314990718907],[-73.65798954749548,40.98480093739937],[-73.68311460544605,40.948720430394296],[-73.75848977929779,40.91263992338923],[-73.76566836728367,40.844774207832074],[-73.81232918919189,40.84649232721326],[-73.78002554325543,40.794948745777454],[-73.71541825138252,40.86968693885938],[-73.67593601746017,40.856801043500425],[-73.64004307753078,40.8928815505055],[-73.56466790367904,40.91607616215161],[-73.50006061180612,40.91779428153281],[-73.48570343583435,40.9461432513225],[-73.40673896798968,40.9203714606046],[-73.39956038000379,40.95559290791907],[-73.36725673406734,40.93153923658236],[-73.29547085420855,40.92466675905759],[-73.23086356233563,40.90490838617386],[-73.148309800498,40.92896205751057],[-73.14113121251212,40.96590162420623],[-73.08011321463215,40.97277410173101],[-73.04422027470275,40.96246538544385],[-72.77502322523225,40.96504256451564],[-72.63504075950759,40.98222375832758],[-72.58479064360644,40.99768683275832],[-72.47711182381823,41.05180759326593],[-72.44480817788178,41.0861699808898],[-72.4017366499665,41.09733775686756],[-72.35507582805828,41.14029074139741],[-72.27970065420654,41.15833099489994],[-72.23662912629126,41.156612875518746],[-72.30123641816418,41.11194177160771],[-72.33354006410065,41.106787413464126],[-72.27970065420654,41.080156563055624],[-72.26175418424184,41.04235793666936],[-72.20073618636187,41.0320492203822],[-72.16125395243952,41.05352571264712],[-72.10382524855248,40.99167341492414],[-72.04998583865839,41.00627742966429],[-71.96743207682077,41.04751229481294],[-71.96025348883488,41.071565966149656],[-71.89923549095491,41.08101562274622],[-71.85616396303963,41.07070690645906],[-71.87411043300433,41.052666652956525],[-72.1145931305313,40.971915042040415],[-72.39455806198062,40.86625070009699],[-72.57402276162762,40.81298899927999],[-72.86475557505575,40.733096448054475],[-73.05498815668156,40.66608979218792],[-73.20932779837798,40.63086834487344],[-73.30623873618735,40.62055962858628],[-73.327774500145,40.633445523945234],[-73.55748931569316,40.58190194250942],[-73.77643624926249,40.590492539415386],[-73.94154377293773,40.54324425643256],[-73.93077589095891,40.57588852467524],[-74.01332965279653,40.57417040529405],[-74.0025617708177,40.59564689755897],[-74.04204400474005,40.629150225492246],[-74.01691894678946,40.65921731466314],[-74.04563329873298,40.69014346352463],[-74.02409753477535,40.70904277671776],[-74.00974035880358,40.76488165660656],[-73.96666883088831,40.82072053649536],[-73.8948829510295,40.98136469863698],[-73.90565083300832,40.99768683275832],[-74.3794376400764,41.20901551664516],[-74.69529551145511,41.357632843118424],[-74.74195633336333,41.40488112610125],[-74.73836703937039,41.43065291681916],[-74.79579574325743,41.42378043929438],[-74.80656362523625,41.44267975248752],[-74.89629597505974,41.44010257341573],[-74.88911738707387,41.45556564784647],[-74.94295679696796,41.48391461763617],[-74.9824390308903,41.479619319183186],[-74.98602832488325,41.50882734866348],[-75.07576067470674,41.60590109370093],[-75.04704632276322,41.61620980998809],[-75.0542249107491,41.752800300793],[-75.10447502665026,41.77084055429554],[-75.07576067470674,41.79833046439464],[-75.11165361463614,41.84042438923389],[-75.20856455244552,41.86963241871418],[-75.26240396233962,41.86619617995179],[-75.29111831428314,41.95210214901148],[-75.30906478424784,41.9486659102491],[-75.359314900149,41.999350431994316],[-75.74336935739358,41.99763231261312],[-76.34996004220042,41.99849137230372],[-76.74837167541675,42.0019276110661],[-77.12524754467545,41.999350431994316],[-77.99744598495985,41.99849137230372],[-78.59685808178081,42.00020949168491],[-78.87323371923719,41.99763231261312],[-79.75978933549335,41.99849137230372],[-79.7633786294863,42.00020949168491],[-79.7633786294863,42.269954234532335]]]]}},{"type":"Feature","id":"US-Ohio","properties":{"name":"Ohio","country":"US"},"geometry":{"type":"MultiPolygon","coordinates":[[[[-82.73531405564056,41.60332391462914],[-82.67788535175352,41.61792792936929],[-82.6850639397394,41.5870017805078],[-82.73531405564056,41.60332391462914]]],[[[-82.84299287542875,41.64713595884958],[-82.8214571114711,41.7244513310033],[-82.78197487754878,41.69438424183241],[-82.7927427595276,41.66431715266152],[-82.84299287542875,41.62823664565645],[-82.84299287542875,41.64713595884958]]],[[[-84.80633668956689,41.696102361213605],[-84.36126423444234,41.70641107750077],[-83.76185213762137,41.723592271312704],[-83.45317285422854,41.73304192790927],[-83.4495835602356,41.710706375953755],[-83.37420838638386,41.68665270461704],[-83.32754756447564,41.70125671935719],[-83.19474368673687,41.63081382472824],[-83.10501133691336,41.6136326309163],[-83.06552910299102,41.595592377413766],[-83.0009218111181,41.53889443783437],[-82.93272522525226,41.51398170680706],[-82.86811793337932,41.53374007969079],[-82.86093934539345,41.576693064220635],[-82.83581428744287,41.587860840198395],[-82.78556417154171,41.54061255721557],[-82.71736758567586,41.54233067659676],[-82.72095687966879,41.510545468044675],[-82.61686735387353,41.42807573774737],[-82.5594386499865,41.399726767957674],[-82.48047418214182,41.38168651445514],[-82.33331312843129,41.43065291681916],[-82.2543486605866,41.434089155581546],[-82.19333066270663,41.46415624475244],[-82.01027666906668,41.51569982618825],[-81.8774727913279,41.48305555794557],[-81.80927620546206,41.495941453304525],[-81.73749032560325,41.488209916089154],[-81.633400799808,41.54061255721557],[-81.52931127401274,41.6144916906069],[-81.50059692206922,41.623082287512865],[-81.44316821818218,41.672907749567486],[-81.28523928249282,41.760531838008376],[-81.24934634256343,41.76139089769897],[-81.00886364503644,41.854169344283434],[-80.90118482524825,41.868773359023585],[-80.81504176941769,41.89798138850388],[-80.5817376598766,41.957256507155066],[-80.52071966199662,41.97787393972939],[-80.52071966199662,40.63859988208881],[-80.58532695386954,40.6154052704427],[-80.63557706977069,40.6162643301333],[-80.66788071570716,40.57331134560345],[-80.62839848178481,40.53551271921719],[-80.59609483584836,40.463351705207046],[-80.61045201182012,40.402358467174665],[-80.5996841298413,40.32074779656796],[-80.61763059980599,40.26490891667916],[-80.65352353973539,40.24515054379543],[-80.67147000970009,40.19274790266902],[-80.7073629496295,40.15151303752037],[-80.7073629496295,40.101687575465746],[-80.73966659556595,40.07591578474784],[-80.73966659556595,39.971110502495016],[-80.76479165351654,39.95392930868308],[-80.75761306553065,39.909258204772044],[-80.80427388743887,39.91870786136861],[-80.78991671146711,39.867164279932794],[-80.82580965139651,39.847405907049065],[-80.82580965139651,39.79843950468504],[-80.86888117931178,39.75720463953639],[-80.82939894538946,39.71425165500654],[-80.86529188531885,39.69191610305102],[-80.8796490612906,39.620614148731484],[-80.93707776517765,39.612882611516106],[-81.04475658496585,39.536426299052984],[-81.10218528885288,39.48745989668896],[-81.1308996407964,39.44622503154031],[-81.17038187471874,39.439352554015535],[-81.20986410864109,39.3929633307233],[-81.27088210652106,39.386090853198525],[-81.3462572803728,39.34571504774047],[-81.38573951429514,39.34313786866868],[-81.40727527825278,39.38780897257972],[-81.46829327613275,39.40413110670106],[-81.55802562595626,39.3388425702157],[-81.56879350793507,39.26754061589615],[-81.68006162171622,39.27355403373033],[-81.69082950369503,39.2263057507475],[-81.72672244362444,39.21599703446034],[-81.75543679556796,39.18077558714587],[-81.74466891358914,39.09830585684856],[-81.81286549945499,39.08198372272722],[-81.80209761747618,39.04504415603155],[-81.76620467754677,39.020131425004244],[-81.78056185351853,38.924775799347984],[-81.81286549945499,38.94625229161291],[-81.84516914539145,38.92907109780097],[-81.85593702737027,38.892990590795904],[-81.88824067330673,38.87409127760277],[-81.92772290722907,38.89127247141471],[-81.89900855528555,38.92563485903858],[-81.94208008320084,38.99350057459574],[-81.98156231712316,38.99435963428633],[-82.02822313903138,39.02872202191021],[-82.04975890298903,38.996936813358126],[-82.0928304309043,38.973742201712014],[-82.14308054680546,38.89814494893948],[-82.14308054680546,38.84058794966949],[-82.2184557206572,38.79591684575845],[-82.1825627807278,38.70571557824577],[-82.17179489874898,38.61895054949549],[-82.19333066270663,38.59317875877758],[-82.25075936659367,38.59919217661176],[-82.29383089450894,38.57513850527505],[-82.30459877648777,38.49095065559655],[-82.32254524645246,38.4488567307573],[-82.40509900829008,38.439407074160734],[-82.53072429804298,38.40504468653686],[-82.5953315899159,38.4222258803488],[-82.60251017790178,38.46002450673506],[-82.64917099981,38.49009159590595],[-82.72454617366174,38.557957311463106],[-82.79992134751348,38.56311166960669],[-82.8465821694217,38.59489687815878],[-82.87888581535815,38.69025250381503],[-82.86811793337932,38.728051130201294],[-82.89324299132991,38.75640009999099],[-82.96861816518165,38.72891018989189],[-83.02245757507575,38.72891018989189],[-83.05476122101221,38.69540686195861],[-83.11936851288513,38.666198832478315],[-83.15526145281453,38.62066866887668],[-83.26294027260272,38.62152772856728],[-83.30960109451094,38.60091029599295],[-83.32754756447564,38.63784986268862],[-83.36702979839798,38.658467295262945],[-83.4675300302003,38.67564848907488],[-83.5213694400944,38.70313839917399],[-83.61469108391084,38.684239085980856],[-83.66494119981199,38.627541146401455],[-83.7654414316143,38.65245387742877],[-83.78338790157902,38.69540686195861],[-83.83722731147311,38.71774241391413],[-83.84799519345194,38.746950443394425],[-83.9520847192472,38.78646718916188],[-84.07053142101421,38.770145055040544],[-84.2141031807318,38.805366502355014],[-84.23204965069651,38.827702054310535],[-84.23204965069651,38.884399993889936],[-84.28947835458354,38.95570194820947],[-84.32537129451295,39.027862962219615],[-84.4294608203082,39.055352872318714],[-84.44381799627996,39.1146279909699],[-84.47253234822348,39.12150046849468],[-84.501246700167,39.09658773746737],[-84.55149681606815,39.09916491653916],[-84.60174693196932,39.074252185511845],[-84.67712210582106,39.09830585684856],[-84.73096151571515,39.14469508014079],[-84.75608657366574,39.14641319952199],[-84.82069386553866,39.105178334373335],[-84.82069386553866,39.3096345407354],[-84.81351527755277,39.54845313472134],[-84.81351527755277,39.92729845827458],[-84.80274739557396,40.302707543065424],[-84.80274739557396,41.488209916089154],[-84.80633668956689,41.696102361213605]]]]}},{"type":"Feature","id":"US-Oregon","properties":{"name":"Oregon","country":"US"},"geometry":{"type":"Polygon","coordinates":[[[-123.54917604936048,46.25942743766437],[-123.47380087550874,46.26801803457034],[-123.42714005360054,46.22936034849348],[-123.43072934759347,46.182112065510644],[-123.3697113497135,46.14603155850558],[-123.27997899988999,46.14517249881498],[-123.16512159211592,46.188984543035424],[-123.11487147621474,46.185548304273034],[-122.90310313063131,46.083320201092],[-122.87797807268072,46.030917559965594],[-122.8133707808078,45.961333725027245],[-122.80978148681487,45.91236732266322],[-122.78465642886428,45.86769621875218],[-122.7954243108431,45.81013921948219],[-122.75953137091369,45.734541966709656],[-122.77388854688546,45.69932051939519],[-122.76312066490664,45.65636753486534],[-122.64467396313962,45.60997831157311],[-122.47956643946438,45.57991122240222],[-122.44008420554205,45.56358908828088],[-122.37906620766208,45.57561592394923],[-122.33240538575384,45.54812601385013],[-122.26779809388094,45.54383071539715],[-122.18524433204331,45.577334043330424],[-122.1026905702057,45.58334746116461],[-121.90886869458694,45.654649415484144],[-121.86579716667165,45.69330710156101],[-121.81195775677756,45.70705205661056],[-121.73658258292582,45.69416616125161],[-121.63249305713057,45.704474877538765],[-121.53199282532825,45.726810429494286],[-121.4637962394624,45.70103863877638],[-121.40277824158241,45.69330710156101],[-121.33817094970948,45.70533393722936],[-121.21613495394953,45.67097154960549],[-121.18383130801308,45.60654207281072],[-121.1335811921119,45.60997831157311],[-121.06538460624606,45.652931296102956],[-120.9433486104861,45.65636753486534],[-120.89668778857788,45.64262257981579],[-120.85720555465554,45.67183060929609],[-120.68850873698736,45.715642653516525],[-120.63466932709326,45.74570974268742],[-120.55929415324152,45.73797820547205],[-120.48391897938978,45.69416616125161],[-120.4049545115451,45.69932051939519],[-120.28291851578516,45.72165607135071],[-120.21113263592636,45.72595136980369],[-120.17165040200402,45.76203187680876],[-120.07115017020169,45.785226488454875],[-119.96706064440644,45.82474323422233],[-119.8019531207312,45.84793784586845],[-119.66914924299243,45.85652844277442],[-119.6224884210842,45.90549484513844],[-119.57223830518305,45.92525321802217],[-119.48609524935249,45.90635390482904],[-119.25638043380434,45.93985723276232],[-119.19536243592435,45.92783039709396],[-119.1271658500585,45.93298475523755],[-119.02666561825617,45.969065262242616],[-118.98718338433383,45.999991411104105],[-118.40212846348463,46.0008504707947],[-117.50480496524965,45.99827329172291],[-116.9161607504075,45.99569611265112],[-116.85873204652046,45.90377672575725],[-116.81924981259812,45.880582114111135],[-116.76182110871108,45.816152637316364],[-116.69721381683817,45.82044793576935],[-116.66132087690876,45.7800721303113],[-116.5931242910429,45.7783540109301],[-116.53569558715586,45.73711914578145],[-116.53569558715586,45.691588982179816],[-116.48903476524765,45.649495057340566],[-116.46390970729706,45.603105834048336],[-116.55005276312762,45.51032738746387],[-116.55364205712056,45.46307910448104],[-116.58953499704997,45.44332073159731],[-116.67567805288053,45.314461778007775],[-116.67208875888758,45.283535629146286],[-116.70439240482403,45.23972358492584],[-116.72951746277462,45.1400726608166],[-116.77617828468284,45.10571027319273],[-116.79771404864047,45.06018010959109],[-116.84796416454164,45.022381483204825],[-116.85873204652046,44.97856943898438],[-116.83360698856987,44.92874397692976],[-116.86591063450633,44.87032791796917],[-116.93051792637925,44.80503938148381],[-116.93051792637925,44.786999127981275],[-117.04537533415333,44.744905203142025],[-117.09562545005448,44.66501265191651],[-117.12433980199802,44.58168386192861],[-117.16023274192742,44.52498592234922],[-117.22484003380033,44.483751057200564],[-117.21407215182151,44.42705311762117],[-117.24278650376503,44.39612696875968],[-117.18894709387092,44.336851850108495],[-117.21766144581446,44.28874450743507],[-117.17100062390622,44.25867741826418],[-117.10280403804038,44.2801539105291],[-117.04537533415333,44.22946938878388],[-116.97358945429454,44.239778105071046],[-116.96641086630865,44.194247941469406],[-116.90180357443575,44.17964392672926],[-116.8982142804428,44.153013076320754],[-116.9341072203722,44.09975137550375],[-116.97717874828749,44.0851473607636],[-116.97358945429454,44.04906685375853],[-116.9341072203722,44.02157694365943],[-116.93769651436514,43.98463737696376],[-116.98076804228042,43.91505354202541],[-116.98076804228042,43.86866431873318],[-117.02025027620274,43.859214662136615],[-117.02742886418864,43.8085301403914],[-117.02742886418864,42.00020949168491],[-117.62325166701666,41.99849137230372],[-118.60312892708927,41.99419607385073],[-118.69645057090571,41.99161889477894],[-119.2097196118961,41.99333701416013],[-119.9993642903429,41.99505513354133],[-119.9993642903429,41.99419607385073],[-119.9993642903429,41.99505513354133],[-120.32957933769336,41.99333701416013],[-121.03667025430254,41.99333701416013],[-121.44584976949768,41.99677325292252],[-121.99860104441044,42.003645730447296],[-122.16011927409274,42.007941028900284],[-122.50110220342202,42.00880008859088],[-122.6339060811608,42.004504790137894],[-123.0466748903489,42.0027866707567],[-123.14717512215121,42.00965914828148],[-123.34817558575585,41.999350431994316],[-123.62455122321222,42.00020949168491],[-123.65685486914867,41.99505513354133],[-124.21319543805437,41.99849137230372],[-124.28857061190611,42.045739655286546],[-124.34241002180022,42.092987938269374],[-124.36753507975078,42.15226305692056],[-124.36035649176492,42.18061202671026],[-124.41060660766607,42.250195861648606],[-124.40342801968019,42.27768577174771],[-124.42855307763077,42.331806532255314],[-124.43573166561666,42.44004805327052],[-124.38907084370842,42.56632982778827],[-124.41419590165901,42.65824921468214],[-124.47521389953899,42.73298740776407],[-124.51469613346133,42.734705527145266],[-124.55417836738366,42.84036986908868],[-124.50033895748956,42.9176852412424],[-124.45726742957429,43.00015497153971],[-124.43573166561666,43.07145692585925],[-124.43573166561666,43.11612802977029],[-124.40342801968019,43.184852805018046],[-124.38189225572255,43.26989971438714],[-124.40342801968019,43.305980221392204],[-124.34241002180022,43.351510384993844],[-124.31369566985668,43.38844995168951],[-124.25626696596964,43.5018458308483],[-124.20242755607555,43.667644351133504],[-124.14858814618145,43.91075824357243],[-124.12346308823088,44.10404667395673],[-124.10910591225911,44.26554989578895],[-124.116284500245,44.272422373313724],[-124.0803915603156,44.441657132361314],[-124.08398085430854,44.5009322510125],[-124.05885579635796,44.65899923408233],[-124.05885579635796,44.73803272561725],[-124.07680226632266,44.77153605355053],[-124.04808791437914,44.849710485394844],[-124.00501638646386,45.044717035160346],[-123.97630203452033,45.145227018960185],[-123.96194485854858,45.280099390383896],[-123.9727127405274,45.33679732996329],[-123.96194485854858,45.430434836238355],[-123.97630203452033,45.48970995488954],[-123.95835556455563,45.51032738746387],[-123.94040909459093,45.661521893008924],[-123.94399838858388,45.726810429494286],[-123.98348062250622,45.76203187680876],[-123.96194485854858,45.83677006989069],[-123.96912344653447,45.908072024210234],[-123.99424850448503,45.946729710287094],[-123.93681980059799,45.977655859148584],[-123.93323050660506,46.07129336542365],[-124.00142709247092,46.23709188570885],[-123.90451615466154,46.169226170151695],[-123.85426603876039,46.15719933448334],[-123.8650339207392,46.18984360272602],[-123.78248015890158,46.19843419963199],[-123.757355100951,46.21303821437213],[-123.71787286702866,46.188984543035424],[-123.67480133911339,46.215615393443926],[-123.62096192921928,46.215615393443926],[-123.54917604936048,46.25942743766437]]]}},{"type":"Feature","id":"US-Tennessee","properties":{"name":"Tennessee","country":"US"},"geometry":{"type":"Polygon","coordinates":[[[-89.73443734187342,36.00053661255612],[-89.69136581395813,36.02029498543985],[-89.68059793197932,36.08472446223462],[-89.60163346413464,36.11908684985849],[-89.60522275812758,36.171489490984904],[-89.7057229899299,36.23505990808908],[-89.69495510795107,36.25310016159161],[-89.58727628816288,36.23935520654206],[-89.53343687826877,36.252241101901014],[-89.53702617226172,36.27543571354713],[-89.61240134611346,36.30893904148041],[-89.61240134611346,36.340724250032494],[-89.5262582902829,36.34158330972309],[-89.5083118203182,36.37336851827518],[-89.5442047602476,36.4240530400204],[-89.51907970229702,36.479032860218595],[-89.54061546625466,36.497932173411726],[-89.48677605636055,36.49707311372113],[-89.49395464434645,36.47044226331263],[-89.44729382243823,36.46442884547845],[-89.4185794704947,36.498791233102324],[-89.30013276872768,36.50738183000829],[-88.99863207332074,36.502227471864714],[-88.5463810302103,36.502227471864714],[-88.05464775317753,36.49707311372113],[-88.03311198921989,36.552052933919335],[-88.06900492914929,36.67833470843708],[-87.85005799557995,36.663730693696934],[-87.85364728957289,36.63366360452604],[-87.44446777437774,36.640536082050815],[-87.11425272702726,36.64225420143201],[-86.59021580405803,36.65256291771917],[-86.56509074610746,36.63366360452604],[-86.50766204222042,36.65256291771917],[-86.33178663656636,36.64912667895678],[-86.03387523515235,36.63022736576365],[-85.83287477154771,36.621636768857684],[-85.48830254822548,36.614764291332904],[-85.29089137861378,36.62679112700126],[-85.02528362313623,36.61905958978589],[-84.84222962949629,36.60531463473634],[-84.54431822808228,36.59586497813977],[-84.27153188461884,36.59156967968679],[-83.9879776591766,36.5898515603056],[-83.69006625776258,36.582979082780824],[-83.67570908179081,36.60101933628336],[-83.5572623800238,36.59758309752097],[-83.27729744857449,36.598442157211565],[-83.25935097860979,36.594146858758585],[-82.69583182171822,36.59328779906799],[-82.47688488814887,36.59586497813977],[-81.93490149521494,36.594146858758585],[-81.92413361323612,36.6164824107141],[-81.64775797577975,36.61218711226112],[-81.67647232772327,36.5881334409244],[-81.70877597365974,36.536589859488586],[-81.69441879768797,36.467865084240835],[-81.71595456164562,36.45755636795367],[-81.74107961959619,36.401717488064875],[-81.7051866796668,36.3381470709607],[-81.76620467754677,36.3381470709607],[-81.79491902949029,36.35790544384443],[-81.83440126341263,36.34759672755727],[-81.90977643726437,36.302066563955634],[-82.02822313903138,36.13025462583625],[-82.07847325493255,36.10620095449954],[-82.13231266482664,36.10620095449954],[-82.14666984079841,36.14915393902938],[-82.21486642666426,36.159462655316545],[-82.24717007260072,36.13111368552685],[-82.290241600516,36.135408983979836],[-82.35125959839598,36.117368730477295],[-82.40509900829008,36.087301641306404],[-82.45893841818418,36.00740909008089],[-82.5594386499865,35.95414738926389],[-82.6132780598806,35.971328583075824],[-82.5953315899159,36.03146276141761],[-82.6312245298453,36.06582514904149],[-82.74967123161231,36.0056909706997],[-82.8214571114711,35.9215031210212],[-82.87529652136521,35.95242926988269],[-82.91118946129461,35.92665747916479],[-82.90042157931579,35.87253671865718],[-82.99374322313223,35.77374485423854],[-83.07988627896279,35.78920792866928],[-83.15526145281453,35.76429519764197],[-83.18397580475805,35.72993281001809],[-83.24140450864509,35.72649657125571],[-83.25576168461684,35.69642948208482],[-83.31319038850388,35.655194616936164],[-83.34908332843328,35.66120803477034],[-83.36702979839798,35.638872482814826],[-83.44599426624266,35.61138257271572],[-83.48547650016499,35.56842958818588],[-83.7726200196002,35.562416170351696],[-83.82645942949429,35.523758484274836],[-83.88388813338133,35.51688600675006],[-83.91260248532485,35.47565114160141],[-83.95926330723307,35.462765246242455],[-84.02028130511304,35.40950354542545],[-84.00592412914129,35.37170491903918],[-84.03822777507774,35.350228426774265],[-84.02028130511304,35.301262024410235],[-84.09924577295773,35.247141263902634],[-84.19974600476004,35.243705025140244],[-84.21051388673887,35.266040577095765],[-84.28947835458354,35.22480571194711],[-84.32178200052,34.988564297032966],[-84.97862280122801,34.98770523734237],[-85.46676678426783,34.98255087919878],[-85.60674924999249,34.98426899857998],[-85.82569618356183,34.988564297032966],[-86.39639392843928,34.99200053579535],[-86.52919780617806,34.99028241641416],[-86.86300214752147,34.99200053579535],[-87.43728918639187,35.00316831177311],[-87.66341470794707,35.00316831177311],[-88.20180880688807,35.008322669916694],[-88.20180880688807,34.99543677455774],[-88.92684619346193,34.99457771486714],[-89.48677605636055,34.993718655176544],[-90.3087243807438,34.99543677455774],[-90.29795649876499,35.03753069939699],[-90.20822414894148,35.02636292341923],[-90.17592050300503,35.112268892478916],[-90.14361685706857,35.13460444443444],[-90.10054532915329,35.1165641909319],[-90.0646523892239,35.13804068319683],[-90.11849179911799,35.18786614525145],[-90.0754202712027,35.22480571194711],[-90.09695603516035,35.24971844297443],[-90.15079544505444,35.2557318608086],[-90.16515262102621,35.29610766626666],[-90.10772391713917,35.304698263172625],[-90.10772391713917,35.343355949249485],[-90.0754202712027,35.38373175470754],[-90.12925968109681,35.41379884387843],[-90.13643826908269,35.37685927718277],[-90.17950979699796,35.382013635326345],[-90.16874191501914,35.4215303810938],[-90.08618815318152,35.4790873803638],[-90.057473801238,35.40349012759127],[-90.01799156731568,35.46791960438604],[-90.05029521325213,35.50400011139111],[-90.03234874328743,35.55382557344573],[-90.00004509735096,35.5615571106611],[-89.92108062950629,35.51344976798767],[-89.91031274752747,35.54781215561155],[-89.94261639346394,35.55640275251752],[-89.94620568745687,35.601932916119154],[-89.85288404364043,35.63801342312423],[-89.86365192561925,35.670657691366905],[-89.90672345353452,35.65089931848318],[-89.93902709947099,35.66550333322333],[-89.96056286342863,35.723919392183916],[-89.90672345353452,35.759140839498386],[-89.87441980759807,35.74110058599585],[-89.81340180971809,35.75999989918898],[-89.78109816378164,35.804671003100026],[-89.7416159298593,35.80553006279062],[-89.70213369593695,35.83387903258032],[-89.77391957579576,35.86480518144181],[-89.7416159298593,35.90689910628106],[-89.65547287402873,35.88714073339733],[-89.65547287402873,35.92579841947419],[-89.72008016590165,35.967892344313434],[-89.73443734187342,36.00053661255612]]]}},{"type":"Feature","id":"US-Utah","properties":{"name":"Utah","country":"US"},"geometry":{"type":"Polygon","coordinates":[[[-114.04113626206261,41.99333701416013],[-113.82218932849328,41.988182656016555],[-112.88179430234301,41.999350431994316],[-112.19264985569855,42.0010685513755],[-112.17470338573385,41.99677325292252],[-111.47120176311762,41.999350431994316],[-111.04766507195072,42.0019276110661],[-111.04407577795777,41.565525288242874],[-111.04766507195072,41.37739121600215],[-111.04766507195072,40.99768683275832],[-110.7138607306073,40.995968713377124],[-110.23648462954628,40.995109653686534],[-110.0498413419134,40.99768683275832],[-109.536572300923,40.99854589244892],[-109.04842831788318,41.00026401183011],[-109.04842831788318,40.53980801767017],[-109.05201761187611,40.50029127190271],[-109.05201761187611,38.905017426464255],[-109.05919619986199,38.719460533295326],[-109.05919619986199,38.27532667325673],[-109.04124972989729,38.16450797316973],[-109.04124972989729,37.53052192150921],[-109.04483902389023,37.49959577264772],[-109.04483902389023,36.998763973029725],[-109.6263046507465,36.99790491333913],[-110.46978873908739,36.99790491333913],[-110.49132450304502,37.0039183311733],[-111.06561154191542,37.002200211792115],[-111.41377305923059,37.00134115210152],[-112.53722207902078,37.00048209241092],[-113.33404534545345,37.00048209241092],[-114.05190414404143,37.00048209241092],[-114.05190414404143,37.756454620136196],[-114.0483148500485,37.76590427673276],[-114.05190414404143,37.99956851257512],[-114.0483148500485,38.14818583904838],[-114.05190414404143,38.404185626846264],[-114.0483148500485,38.677366608456076],[-114.0483148500485,40.10426475453754],[-114.04472555605555,40.23226464843648],[-114.04472555605555,40.771754134131335],[-114.04113626206261,41.00026401183011],[-114.04113626206261,41.99333701416013]]]}},{"type":"Feature","id":"US-Virginia","properties":{"name":"Virginia","country":"US"},"geometry":{"type":"MultiPolygon","coordinates":[[[[-75.9982092308923,37.84837400703007],[-75.97308417294173,37.83548811167111],[-75.9982092308923,37.81229350002499],[-75.9982092308923,37.84837400703007]]],[[[-75.66799418354184,37.95060211021109],[-75.64645841958419,37.94716587144871],[-75.62492265562655,37.99441415443154],[-75.24086819838197,38.02705842267422],[-75.29829690226902,37.95919270711706],[-75.35213631216313,37.87500485743857],[-75.38085066410665,37.85181024579245],[-75.39879713407134,37.869850499294984],[-75.45263654396544,37.86383708146081],[-75.5208331298313,37.79683042559425],[-75.56390465774658,37.73669624725247],[-75.60338689166892,37.62845472623726],[-75.59979759767597,37.57347490603905],[-75.68235135951359,37.46351526564265],[-75.65722630156301,37.45148842997429],[-75.72183359343593,37.37331399812997],[-75.7649051213512,37.30544828257282],[-75.79720876728767,37.29599862597625],[-75.79361947329473,37.24703222361223],[-75.83310170721707,37.17315309022089],[-75.89770899908999,37.118173270022695],[-75.95513770297703,37.11989138940389],[-75.94078052700527,37.089824300233],[-75.97308417294173,37.08552900178001],[-75.97667346693467,37.15769001579015],[-76.01256640686407,37.20493829877298],[-76.02692358283582,37.25734093989939],[-76.01974499484994,37.31747511824118],[-75.98744134891349,37.368159639986395],[-75.97667346693467,37.44461595244952],[-75.94078052700527,37.53481721996219],[-75.9264233510335,37.60010575644756],[-75.86899464714647,37.667971472004716],[-75.80438735527355,37.76246803797037],[-75.81874453124531,37.791676067450666],[-75.74336935739358,37.80628008219082],[-75.68952994749947,37.86211896207961],[-75.68594065350653,37.88617263341633],[-75.75772653336533,37.90421288691886],[-75.66799418354184,37.95060211021109]]],[[[-75.99461993689937,37.953179289282886],[-76.03410217082171,37.915380662896624],[-76.04487005280052,37.953179289282886],[-75.99461993689937,37.953179289282886]]],[[[-81.96720514115141,37.537394399033985],[-81.92772290722907,37.51248166800667],[-81.99233019910199,37.48327363852638],[-81.98874090510905,37.45492466873668],[-81.93490149521494,37.43602535554355],[-81.92772290722907,37.35870998338983],[-81.8774727913279,37.33207913298132],[-81.85234773337733,37.287408029070285],[-81.78774044150441,37.28483084999849],[-81.74466891358914,37.26335435773357],[-81.74466891358914,37.24273692515924],[-81.67647232772327,37.2015020600106],[-81.55443633196332,37.20751547784477],[-81.5077755100551,37.23242820887208],[-81.50059692206922,37.25819999958999],[-81.4180431602316,37.272804014330134],[-81.38932880828808,37.32005229731297],[-81.36061445634456,37.3380925508155],[-81.32113222242222,37.29943486473864],[-81.22422128461284,37.23500538794387],[-81.1129531708317,37.27881743216432],[-80.98014929309292,37.30201204381043],[-80.91913129521295,37.306307342263416],[-80.85093470934709,37.34668314772147],[-80.88323835528355,37.383622714417136],[-80.85811329733298,37.42743475863758],[-80.78273812348124,37.3947904903949],[-80.76838094750947,37.372454938439375],[-80.62121989379894,37.43344817647176],[-80.55302330793307,37.47382398192981],[-80.5099517800178,37.48155551914518],[-80.4740588400884,37.42313946018459],[-80.29818343443434,37.50818636955369],[-80.28382625846258,37.533099100581],[-80.3304870803708,37.53653533934339],[-80.32689778637786,37.56402524944249],[-80.26229049450494,37.59323327892278],[-80.21921896658966,37.62759566654666],[-80.28023696446964,37.656803696026955],[-80.2945941404414,37.692025143341425],[-80.25152261252612,37.72552847127471],[-80.25870120051201,37.756454620136196],[-80.18332602666027,37.85266930548305],[-80.07564720687206,37.942011513305125],[-80.01103991499915,37.98582355752557],[-79.97514697506975,38.02963560174601],[-79.9536112111121,38.081179183181824],[-79.92489685916858,38.106950973899735],[-79.94643262312623,38.13186370492704],[-79.92130756517565,38.17997104760047],[-79.83157521535215,38.24955488253882],[-79.78850368743687,38.26759513604135],[-79.81003945139452,38.30539376242762],[-79.73107498354983,38.38013195550955],[-79.68800345563456,38.43167553694536],[-79.69877133761338,38.48751441683416],[-79.64852122171222,38.59146063939639],[-79.53725310793108,38.55108483393833],[-79.47623511005109,38.45744732766327],[-79.31112758637586,38.411917164061634],[-79.21062735457355,38.492668774977744],[-79.15678794467945,38.61121901228012],[-79.12089500475004,38.66018541464414],[-79.09218065280652,38.65932635495354],[-79.08859135881359,38.72031959298592],[-79.0275733609336,38.79076248761487],[-78.99526971499715,38.850037606266056],[-78.86964442524425,38.76327257751577],[-78.79785854538545,38.87495033729336],[-78.71530478354784,38.935943575325744],[-78.71530478354784,38.905017426464255],[-78.67941184361844,38.92563485903858],[-78.62557243372433,38.98233279861798],[-78.60044737577375,38.96429254511544],[-78.55019725987259,39.01841330562305],[-78.57173302383023,39.0321582606726],[-78.48558996799967,39.10775551344513],[-78.4604649100491,39.1137689312793],[-78.40303620616206,39.16703063209631],[-78.43892914609145,39.1979567809578],[-78.39944691216913,39.24434600425003],[-78.42098267612675,39.25723189960899],[-78.33842891428914,39.34829222681226],[-78.36355397223971,39.35774188340883],[-78.34201820828208,39.38866803227032],[-78.35996467824678,39.412721703607026],[-78.34560750227502,39.46598340442404],[-78.10871409874099,39.312211719807195],[-77.82874916729168,39.13266824447244],[-77.75337399343994,39.28300369032689],[-77.72107034750347,39.32166137640376],[-77.67440952559525,39.324238555475546],[-77.61698082170821,39.30276206321062],[-77.56314141181412,39.30362112290122],[-77.54160564785647,39.26496343682436],[-77.45905188601886,39.228023870128695],[-77.48417694396943,39.185929945289445],[-77.5164805899059,39.170466870858704],[-77.52006988389884,39.12064140880408],[-77.48417694396943,39.10947363282632],[-77.4626411800118,39.07597030489304],[-77.34060518425184,39.06308440953409],[-77.2472835404354,39.02700390252902],[-77.25087283442834,38.985769037380365],[-77.22215848248483,38.97116502264022],[-77.15037260262602,38.966010664496636],[-77.11806895668957,38.934225455944556],[-77.03910448884488,38.87151409853098],[-77.03910448884488,38.79162154730547],[-77.04269378283783,38.71860147360473],[-77.10730107471075,38.697124981339805],[-77.13242613266132,38.67393036969369],[-77.12883683866839,38.63527268361683],[-77.20062271852719,38.61723243011429],[-77.2472835404354,38.63527268361683],[-77.2472835404354,38.59060157970579],[-77.31189083230832,38.49352783466834],[-77.32624800828007,38.4488567307573],[-77.3190694202942,38.38356819427194],[-77.2652300104001,38.33288367252672],[-77.16114048460484,38.345769567885675],[-77.1396047206472,38.36810511984119],[-77.0857653107531,38.36810511984119],[-77.04269378283783,38.400749388083874],[-77.01039013690136,38.37497759736597],[-77.03192590085901,38.311407180261796],[-76.96372931499315,38.2564273600636],[-76.96372931499315,38.21433343522435],[-76.83810402524026,38.16364891347913],[-76.74837167541675,38.161930794097934],[-76.72324661746617,38.13787712276122],[-76.70171085350853,38.15591737626376],[-76.61556779767797,38.14818583904838],[-76.60121062170622,38.11038721266212],[-76.54378191781917,38.076883884728844],[-76.51506756587565,38.026199362983625],[-76.46840674396744,38.01331346762467],[-76.41456733407334,37.96692424433244],[-76.34278145421455,37.94716587144871],[-76.23510263442634,37.88874981248812],[-76.25304910439104,37.83291093259932],[-76.30688851428513,37.81229350002499],[-76.31406710227103,37.72037411313112],[-76.29970992629926,37.695461382103815],[-76.3391921602216,37.65594463633636],[-76.29253133831338,37.63618626345263],[-76.36072792417924,37.61041447273472],[-76.47199603796038,37.66539429293292],[-76.51147827188272,37.642199681286804],[-76.5366033298333,37.66367617355173],[-76.5366033298333,37.698897620866205],[-76.58326415174152,37.768481455804555],[-76.65146073760738,37.795971365903654],[-76.6801750895509,37.826038455074546],[-76.72324661746617,37.83634717136171],[-76.79862179131791,37.92483031949319],[-76.83810402524026,37.934279976089755],[-76.85246120121201,37.972937662166615],[-76.89912202312023,37.99870945288452],[-76.9063006111061,37.972937662166615],[-76.80580037930379,37.89648134970349],[-76.734014499445,37.798548544975446],[-76.6801750895509,37.77793111240112],[-76.67658579555795,37.756454620136196],[-76.61915709167091,37.74442778446784],[-76.58326415174152,37.66195805417053],[-76.54378191781917,37.6164278905689],[-76.43610309803098,37.61299165180651],[-76.4109780400804,37.58206550294502],[-76.29970992629926,37.561448070370695],[-76.34996004220042,37.53653533934339],[-76.35354933619335,37.5047501307913],[-76.30688851428513,37.49787765326653],[-76.29253133831338,37.51677696645966],[-76.26381698636986,37.48155551914518],[-76.24587051640516,37.387058953179526],[-76.27458486834868,37.309743581025806],[-76.3391921602216,37.36386434153341],[-76.41456733407334,37.40252202761027],[-76.44687098000979,37.3664415206052],[-76.40738874608746,37.33293819267192],[-76.38226368813687,37.28568990968909],[-76.34996004220042,37.27366307402073],[-76.42892451004509,37.253045641446406],[-76.49353180191801,37.24960940268402],[-76.47199603796038,37.21610607475074],[-76.3930315701157,37.225555731347306],[-76.40021015810157,37.160267194861945],[-76.34996004220042,37.17057591114911],[-76.33560286622865,37.1439450607406],[-76.29253133831338,37.12676386692866],[-76.27099557435574,37.08466994208941],[-76.3032992202922,37.00134115210152],[-76.31765639626396,37.014227047460466],[-76.375085100151,36.998763973029725],[-76.42892451004509,36.96955594354943],[-76.4648174499745,37.02797200251002],[-76.56890697576975,37.08037464363643],[-76.61915709167091,37.11903232971329],[-76.60479991569916,37.160267194861945],[-76.65146073760738,37.221260432894326],[-76.73042520545205,37.21352889567895],[-76.75913955739557,37.19205240341403],[-76.79503249732497,37.23156914918149],[-76.85963978919789,37.241018805778054],[-76.87399696516965,37.26077717866178],[-76.94937213902139,37.23071008949089],[-76.90988990509905,37.20236111970119],[-76.86681837718378,37.20923359722597],[-76.80221108531084,37.19806582124821],[-76.74837167541675,37.15081753826538],[-76.7160680294803,37.149099418884184],[-76.68735367753678,37.198924880938804],[-76.65863932559326,37.09669677775777],[-76.65505003160031,37.03913977848778],[-76.57608556375564,37.02281764436644],[-76.48635321393213,36.952374749737494],[-76.4827639199392,36.89653586984869],[-76.38585298212982,36.89997210861108],[-76.35354933619335,36.9231667202572],[-76.34996004220042,36.894817750467496],[-76.31765639626396,36.88536809387093],[-76.32842427824278,36.95924722726227],[-76.2674062803628,36.964401585405845],[-76.22074545845459,36.93948885437854],[-76.09512016870168,36.90856270551705],[-76.03410217082171,36.93175731716317],[-75.99461993689937,36.9223076605666],[-75.96590558495585,36.8123480201702],[-75.92283405704057,36.69207966348663],[-75.89053041110411,36.63108642545425],[-75.86540535315353,36.55033481453814],[-76.375085100151,36.55033481453814],[-76.80580037930379,36.55033481453814],[-76.91706849308493,36.552052933919335],[-76.91706849308493,36.543462337013366],[-77.29753365633655,36.544321396703964],[-78.2451072704727,36.544321396703964],[-78.51071502595026,36.540885157941574],[-79.5121280499805,36.540885157941574],[-80.12230802878028,36.54260327732277],[-80.2945941404414,36.544321396703964],[-80.70377365563655,36.5623616502065],[-80.83657753337533,36.55892541144411],[-81.17756046270462,36.57181130680306],[-81.37497163231632,36.574388485874856],[-81.67647232772327,36.5881334409244],[-81.64775797577975,36.61218711226112],[-81.92413361323612,36.6164824107141],[-81.93490149521494,36.594146858758585],[-82.47688488814887,36.59586497813977],[-82.69583182171822,36.59328779906799],[-83.25935097860979,36.594146858758585],[-83.27729744857449,36.598442157211565],[-83.5572623800238,36.59758309752097],[-83.67570908179081,36.60101933628336],[-83.6469947298473,36.624213947929476],[-83.52854802808028,36.66630787276872],[-83.45317285422854,36.664589753387524],[-83.31319038850388,36.70926085729857],[-83.19474368673687,36.73932794646946],[-83.13731498284983,36.74276418523185],[-83.13013639486394,36.78571716976169],[-83.07270769097691,36.85444194500944],[-82.96861816518165,36.85787818377183],[-82.87888581535815,36.88880433263332],[-82.85735005140052,36.92746201871018],[-82.86811793337932,36.9781465404554],[-82.82504640546405,37.006495510245095],[-82.78197487754878,37.00821362962629],[-82.72454617366174,37.04171695755957],[-82.72454617366174,37.1155960909509],[-82.63481382383823,37.15425377702776],[-82.56661723797238,37.19634770186701],[-82.4876527701277,37.23156914918149],[-82.35484889238892,37.265072477114764],[-81.96720514115141,37.537394399033985]]]]}},{"type":"Feature","id":"US-Washington","properties":{"name":"Washington","country":"US"},"geometry":{"type":"MultiPolygon","coordinates":[[[[-122.52622726137261,47.35902384162841],[-122.51187008540084,47.44922510914108],[-122.47597714547145,47.51107740686406],[-122.43290561755617,47.46640630295302],[-122.44008420554205,47.4165808408984],[-122.37188761967619,47.3890909307993],[-122.4364949115491,47.36589631915319],[-122.45444138151382,47.343560767197665],[-122.51904867338672,47.3332520509105],[-122.52622726137261,47.35902384162841]]],[[[-122.6518525511255,48.548821513105125],[-122.6518525511255,48.583183900729],[-122.5800666712667,48.54796245341453],[-122.6410846691467,48.525626901459006],[-122.6518525511255,48.548821513105125]]],[[[-122.7236384309843,48.73180122720226],[-122.70210266702667,48.74382806287062],[-122.60878102321023,48.645036198451976],[-122.67338831508314,48.68111670545704],[-122.7236384309843,48.73180122720226]]],[[[-122.741584900949,48.584042960419595],[-122.71287054900549,48.60895569144691],[-122.6697990210902,48.568579885988854],[-122.7236384309843,48.54023091619916],[-122.741584900949,48.584042960419595]]],[[[-122.77029925289253,48.22753318882188],[-122.7236384309843,48.303989501285],[-122.67338831508314,48.35467402303022],[-122.66620972709725,48.401922306013056],[-122.60878102321023,48.41137196260962],[-122.58365596525965,48.395049828488276],[-122.58365596525965,48.352955903649026],[-122.51545937939379,48.32031163540635],[-122.50469149741497,48.29797608345083],[-122.55853090730906,48.28165394932949],[-122.61954890518905,48.29453984468844],[-122.623138199182,48.26962711366113],[-122.6697990210902,48.240419084180836],[-122.72004913699136,48.23440566634665],[-122.70928125501254,48.21378823377233],[-122.62672749317493,48.2223788306783],[-122.58724525925258,48.18629832367323],[-122.55853090730906,48.114137309663086],[-122.57288808328082,48.102110473994735],[-122.53699514335142,48.01620450493504],[-122.50828079140791,48.03939911658116],[-122.52622726137261,48.09695611585115],[-122.49033432144321,48.09437893677936],[-122.43290561755617,48.045412534415334],[-122.37547691366913,48.03424475843757],[-122.35035185571854,47.95349314752147],[-122.37906620766208,47.90366768546685],[-122.42931632356323,47.9148354614446],[-122.47238785147852,47.98871459483594],[-122.54776302533026,47.96723810257102],[-122.54058443734436,47.99300989328893],[-122.60878102321023,48.03080851967519],[-122.5980131412314,48.1107010709007],[-122.6159596111961,48.15880841357413],[-122.68056690306902,48.15537217481174],[-122.69133478504784,48.18114396552965],[-122.77029925289253,48.22753318882188]]],[[[-122.97847830448305,48.79365352492524],[-122.9389960705607,48.79021728616286],[-122.81696007480073,48.74468712256122],[-122.84567442674427,48.737814645036444],[-122.92463889458894,48.75499583884838],[-122.97847830448305,48.79365352492524]]],[[[-123.07179994829949,48.70001601865018],[-123.0107819504195,48.722351570605696],[-123.00360336243361,48.694002600816],[-123.07179994829949,48.70001601865018]]],[[[-123.08974641826418,49.00240502974029],[-123.03590700837007,49.00240502974029],[-123.0215498323983,48.97749229871298],[-123.0825678302783,48.975774179331786],[-123.08974641826418,49.00240502974029]]],[[[-123.20460382603825,48.59606979608795],[-123.17947876808768,48.62184158680586],[-123.10769288822888,48.622700646496455],[-123.10051430024299,48.59778791546915],[-123.0466748903489,48.56943894567945],[-122.98565689246891,48.56170740846407],[-123.05026418434184,48.62098252711527],[-122.91746030660306,48.71376097369973],[-122.87438877868777,48.71204285431853],[-122.741584900949,48.66221739226391],[-122.80978148681487,48.61926440773407],[-122.77029925289253,48.56256646815467],[-122.7774778408784,48.50930476733767],[-122.81696007480073,48.487828275072744],[-122.80260289882898,48.42855315642156],[-122.87438877868777,48.418244440134394],[-122.92822818858187,48.46119742466424],[-122.96053183451833,48.45088870837708],[-123.039496302363,48.460338364973644],[-123.15076441614416,48.51360006579065],[-123.17230018010179,48.57888860227602],[-123.20460382603825,48.59606979608795]]],[[[-123.23690747197472,48.68884824267242],[-123.17230018010179,48.68025764576645],[-123.10769288822888,48.633868422474215],[-123.21537170801707,48.66908986978869],[-123.23690747197472,48.68884824267242]]],[[[-117.03101815818158,48.998968790977905],[-117.03460745217451,48.7498414807048],[-117.03460745217451,48.370996157151566],[-117.04178604016039,48.125305085640846],[-117.04178604016039,47.52224518284182],[-117.03819674616746,47.47757407893078],[-117.03819674616746,46.40632664475644],[-117.06332180411803,46.36509177960779],[-116.99153592425924,46.299803243122426],[-116.96282157231572,46.25341401983019],[-116.96282157231572,46.19929325932259],[-116.91975004440044,46.16493087169871],[-116.98076804228042,46.085038320473195],[-116.95564298432984,46.07558866387663],[-116.9161607504075,45.99569611265112],[-117.50480496524965,45.99827329172291],[-118.40212846348463,46.0008504707947],[-118.98718338433383,45.999991411104105],[-119.02666561825617,45.969065262242616],[-119.1271658500585,45.93298475523755],[-119.19536243592435,45.92783039709396],[-119.25638043380434,45.93985723276232],[-119.48609524935249,45.90635390482904],[-119.57223830518305,45.92525321802217],[-119.6224884210842,45.90549484513844],[-119.66914924299243,45.85652844277442],[-119.8019531207312,45.84793784586845],[-119.96706064440644,45.82474323422233],[-120.07115017020169,45.785226488454875],[-120.17165040200402,45.76203187680876],[-120.21113263592636,45.72595136980369],[-120.28291851578516,45.72165607135071],[-120.4049545115451,45.69932051939519],[-120.48391897938978,45.69416616125161],[-120.55929415324152,45.73797820547205],[-120.63466932709326,45.74570974268742],[-120.68850873698736,45.715642653516525],[-120.85720555465554,45.67183060929609],[-120.89668778857788,45.64262257981579],[-120.9433486104861,45.65636753486534],[-121.06538460624606,45.652931296102956],[-121.1335811921119,45.60997831157311],[-121.18383130801308,45.60654207281072],[-121.21613495394953,45.67097154960549],[-121.33817094970948,45.70533393722936],[-121.40277824158241,45.69330710156101],[-121.4637962394624,45.70103863877638],[-121.53199282532825,45.726810429494286],[-121.63249305713057,45.704474877538765],[-121.73658258292582,45.69416616125161],[-121.81195775677756,45.70705205661056],[-121.86579716667165,45.69330710156101],[-121.90886869458694,45.654649415484144],[-122.1026905702057,45.58334746116461],[-122.18524433204331,45.577334043330424],[-122.26779809388094,45.54383071539715],[-122.33240538575384,45.54812601385013],[-122.37906620766208,45.57561592394923],[-122.44008420554205,45.56358908828088],[-122.47956643946438,45.57991122240222],[-122.64467396313962,45.60997831157311],[-122.76312066490664,45.65636753486534],[-122.77388854688546,45.69932051939519],[-122.75953137091369,45.734541966709656],[-122.7954243108431,45.81013921948219],[-122.78465642886428,45.86769621875218],[-122.80978148681487,45.91236732266322],[-122.8133707808078,45.961333725027245],[-122.87797807268072,46.030917559965594],[-122.90310313063131,46.083320201092],[-123.11487147621474,46.185548304273034],[-123.16512159211592,46.188984543035424],[-123.27997899988999,46.14517249881498],[-123.3697113497135,46.14603155850558],[-123.43072934759347,46.182112065510644],[-123.42714005360054,46.22936034849348],[-123.47380087550874,46.26801803457034],[-123.54917604936048,46.25942743766437],[-123.67121204512044,46.26715897487974],[-123.68197992709926,46.296367004360036],[-123.72505145501455,46.301521362503614],[-123.76094439494395,46.27489051209511],[-123.80760521685215,46.28348110900108],[-123.87580180271803,46.23966906478064],[-123.90810544865448,46.24568248261482],[-123.98348062250622,46.30925289971899],[-124.01937356243562,46.316125377243765],[-124.0444986203862,46.27574957178571],[-124.0803915603156,46.26715897487974],[-124.05885579635796,46.38656827187271],[-124.05526650236501,46.493091673506726],[-124.06962367833677,46.63483652245522],[-124.02296285642856,46.582433881328804],[-124.03014144441443,46.496527912269116],[-124.01578426844267,46.37883673465734],[-123.9547662705627,46.37883673465734],[-123.95117697656976,46.41062194320943],[-123.98706991649917,46.4449843308333],[-123.98706991649917,46.49738697195971],[-123.94399838858388,46.465601763407626],[-123.89374827268273,46.53690371772717],[-123.96194485854858,46.63655464183641],[-123.92246262462623,46.67263514884148],[-123.83273027480274,46.71816531244312],[-123.89374827268273,46.7499505209952],[-123.91528403664036,46.72675590934909],[-123.97989132851328,46.72503778996789],[-123.96553415254152,46.705279417084164],[-124.02296285642856,46.708715655846554],[-124.09474873628736,46.746514282232816],[-124.0983380302803,46.793762565215644],[-124.13782026420263,46.90544032499324],[-124.10910591225911,46.91231280251802],[-124.08757014830147,46.86764169860698],[-124.04808791437914,46.89427254901548],[-123.86144462674626,46.94839330952309],[-123.89733756667566,46.9715879211692],[-124.01937356243562,46.99134629405293],[-124.0265521504215,47.03000398012979],[-124.12346308823088,47.04203081579815],[-124.1521774401744,47.02141338322382],[-124.12346308823088,46.9440980110701],[-124.1808917921179,46.92605775756757],[-124.1701239101391,46.95870202581025],[-124.18448108611085,47.135668322073215],[-124.23473120201201,47.28686282761827],[-124.32087425784258,47.355587602866024],[-124.35317790377903,47.53341295881958],[-124.37112437374373,47.59956055499554],[-124.42496378363782,47.73872822487224],[-124.47521389953899,47.76965437373373],[-124.48957107551075,47.81690265671656],[-124.5398211914119,47.836661029600286],[-124.5577676613766,47.863291880008795],[-124.62596424724246,47.8882046110361],[-124.66903577515774,47.982701177001765],[-124.69775012710127,48.06946620575205],[-124.69416083310833,48.11499636935368],[-124.73364306703067,48.163103712027116],[-124.69057153911538,48.21292917408174],[-124.65826789317893,48.33147941138411],[-124.72646447904478,48.370996157151566],[-124.71569659706597,48.3898954703447],[-124.65467859918598,48.390754530035295],[-124.5111068394684,48.34350624705246],[-124.39624943169432,48.28852642685426],[-124.36035649176492,48.287667367163664],[-124.27062414194141,48.25416403923038],[-124.24908837798378,48.264472755517545],[-124.10192732427323,48.21722447253472],[-124.10551661826617,48.20004327872278],[-123.97989132851328,48.164821831408304],[-123.77889086490865,48.15537217481174],[-123.70351569105691,48.1665399507895],[-123.59224757727577,48.13475474223741],[-123.5599439313393,48.15107687635876],[-123.52405099140991,48.13561380192801],[-123.43790793557935,48.14162721976219],[-123.39483640766406,48.114137309663086],[-123.24767535395353,48.11585542904428],[-123.13281794617944,48.17684866707666],[-123.14358582815828,48.156231234502336],[-123.0646213603136,48.12015072749727],[-123.039496302363,48.08149304142041],[-122.97847830448305,48.09609705616055],[-122.91746030660306,48.09180175770757],[-122.92822818858187,48.064311847608465],[-122.87797807268072,48.04713065379653],[-122.87438877868777,47.99644613205131],[-122.83849583875838,48.001600490194896],[-122.82772795677957,48.04713065379653],[-122.87797807268072,48.07633868327682],[-122.87797807268072,48.1107010709007],[-122.83490654476543,48.13475474223741],[-122.75953137091369,48.14334533914338],[-122.74876348893488,48.11671448873488],[-122.80260289882898,48.087506459254584],[-122.76670995889958,48.04455347472474],[-122.741584900949,48.04970783286832],[-122.73440631296313,48.090942698016974],[-122.69851337303372,48.10296953368533],[-122.6697990210902,48.01706356462564],[-122.7236384309843,48.00847296771967],[-122.68415619706195,47.9723924607146],[-122.65544184511845,47.90538580484804],[-122.60878102321023,47.887345551345504],[-122.63749537515375,47.86586905908058],[-122.69492407904079,47.867587178461775],[-122.6877454910549,47.83150667145671],[-122.74876348893488,47.80058052259522],[-122.78106713487134,47.70350677755777],[-122.8313172507725,47.69577524034239],[-122.79183501685016,47.79284898537985],[-122.8133707808078,47.80745300011999],[-122.88156736667366,47.720687971369706],[-122.89592454264542,47.67515780776807],[-122.97129971649716,47.61502362942629],[-123.10769288822888,47.45781570604705],[-123.15435371013709,47.355587602866024],[-123.11128218222181,47.3624600803908],[-123.0287284203842,47.351292304413036],[-122.98565689246891,47.374486916059155],[-122.91028171861717,47.3890909307993],[-122.89951383663836,47.42173519904198],[-123.05744277232772,47.36847349822497],[-123.11846077020769,47.39166810987109],[-122.96771042250421,47.58581559994599],[-122.85644230872308,47.64938601705016],[-122.75235278292783,47.67343968838688],[-122.741584900949,47.73615104580045],[-122.68415619706195,47.798862403214024],[-122.57288808328082,47.85727846217461],[-122.60519172921728,47.940607252162515],[-122.52622726137261,47.906244864538635],[-122.47597714547145,47.74560070239701],[-122.55494161331612,47.74560070239701],[-122.54417373133731,47.71123831477314],[-122.50469149741497,47.69921147910478],[-122.51904867338672,47.65110413643136],[-122.49392361543615,47.63478200231002],[-122.49392361543615,47.58925183870838],[-122.54417373133731,47.556607570465694],[-122.54776302533026,47.52396330222302],[-122.49392361543615,47.51021834717346],[-122.52981655536556,47.46898348202481],[-122.55135231932319,47.394245288942884],[-122.53699514335142,47.37620503544035],[-122.57288808328082,47.32723863307632],[-122.54776302533026,47.28514470823708],[-122.60160243522435,47.21727899267992],[-122.69851337303372,47.28428564854648],[-122.6697990210902,47.366755378843784],[-122.72722772497724,47.33067487183871],[-122.74876348893488,47.27655411133111],[-122.6410846691467,47.205252157011564],[-122.67697760907609,47.19150720196201],[-122.67338831508314,47.15027233681336],[-122.71287054900549,47.12793678485784],[-122.77029925289253,47.1674535306253],[-122.84208513275132,47.25765479813797],[-122.79901360483603,47.28944000669006],[-122.7954243108431,47.34184264781647],[-122.82054936879368,47.363319140081394],[-122.82054936879368,47.31950709586095],[-122.86362089670897,47.270540693496926],[-122.83849583875838,47.20868839577395],[-122.86003160271602,47.1674535306253],[-122.8133707808078,47.17948036629365],[-122.77388854688546,47.12278242671426],[-122.67697760907609,47.10388311352113],[-122.63749537515375,47.135668322073215],[-122.63749537515375,47.16401729186291],[-122.59083455324551,47.17776224691246],[-122.56212020130201,47.24562796246962],[-122.52622726137261,47.29115812607125],[-122.53340584935849,47.316929916789164],[-122.44367349953498,47.26710445473454],[-122.40778055960558,47.28858094699946],[-122.42213773557735,47.31950709586095],[-122.32522679776797,47.34871512534124],[-122.32522679776797,47.39166810987109],[-122.35394114971149,47.44149357192571],[-122.38265550165501,47.45094322852228],[-122.36111973769738,47.48101031769317],[-122.39701267762678,47.51537270531705],[-122.42213773557735,47.57636594334942],[-122.34317326773267,47.60901021159211],[-122.42931632356323,47.65883567364673],[-122.37188761967619,47.729278568275674],[-122.39342338363383,47.80745300011999],[-122.33958397373974,47.84696974588745],[-122.30728032780327,47.94919784906848],[-122.2283158599586,47.97067434133341],[-122.23190515395153,48.02994945998459],[-122.2821552698527,48.04970783286832],[-122.36470903169031,48.12358696625965],[-122.36111973769738,48.187157383363825],[-122.39701267762678,48.229251308203075],[-122.45085208752087,48.232687546965465],[-122.44008420554205,48.21207011439114],[-122.47956643946438,48.18801644305442],[-122.44367349953498,48.13045944378443],[-122.37906620766208,48.087506459254584],[-122.37547691366913,48.05743937008369],[-122.46879855748557,48.13045944378443],[-122.51187008540084,48.133895682546814],[-122.53699514335142,48.183721144601435],[-122.52981655536556,48.2498687407774],[-122.46520926349262,48.27048617335173],[-122.40778055960558,48.251586860158596],[-122.37188761967619,48.287667367163664],[-122.40778055960558,48.326325053240524],[-122.50828079140791,48.364982739317384],[-122.55494161331612,48.406217604466036],[-122.55135231932319,48.43972093239932],[-122.65544184511845,48.41137196260962],[-122.68056690306902,48.43972093239932],[-122.66620972709725,48.47837861847618],[-122.71287054900549,48.46377460373603],[-122.70210266702667,48.49727793166931],[-122.6159596111961,48.521331603006026],[-122.56929878928788,48.50844570764707],[-122.53699514335142,48.46635178280782],[-122.46879855748557,48.472365200641995],[-122.50469149741497,48.56514364722646],[-122.44367349953498,48.57029800537005],[-122.42572702957028,48.59950603485034],[-122.50110220342202,48.65620397442974],[-122.51904867338672,48.71290191400913],[-122.49033432144321,48.75070054039539],[-122.53699514335142,48.776472331113304],[-122.5980131412314,48.77131797296972],[-122.63749537515375,48.73609652565525],[-122.60519172921728,48.69829789926899],[-122.67338831508314,48.73266028689286],[-122.64467396313962,48.78162668925688],[-122.68056690306902,48.803103181521806],[-122.71287054900549,48.79107634585345],[-122.71645984299843,48.84691522574225],[-122.79183501685016,48.89330444903448],[-122.75235278292783,48.911344702537015],[-122.77029925289253,48.942270851398504],[-122.81696007480073,48.95601580644806],[-122.75953137091369,49.00240502974029],[-122.09910127621276,49.00240502974029],[-121.75093975889757,48.99725067159671],[-121.23049212992129,49.00154597004969],[-120.71722308893088,48.999827850668495],[-120.0352572302723,48.999827850668495],[-119.42866654546545,48.999827850668495],[-118.83643303663035,49.00068691035909],[-118.19753870588704,49.00068691035909],[-117.03101815818158,48.998968790977905]]]]}},{"type":"Feature","id":"US-Wisconsin","properties":{"name":"Wisconsin","country":"US"},"geometry":{"type":"MultiPolygon","coordinates":[[[[-86.95632379133791,45.35226040439404],[-86.93478802738026,45.42098517964179],[-86.82351991359913,45.40638116490164],[-86.90607367543674,45.296421524505234],[-86.95632379133791,45.35226040439404]]],[[[-87.37627118851188,45.199347779467786],[-87.3331996605966,45.211374615136144],[-87.32602107261073,45.157253854628536],[-87.37627118851188,45.177012227512265],[-87.37627118851188,45.199347779467786]]],[[[-90.46665331643317,47.00251407003069],[-90.43793896448965,47.073816024350236],[-90.39486743657436,47.07725226311263],[-90.41281390653906,47.012822786317855],[-90.46665331643317,47.00251407003069]]],[[[-90.5240820203202,46.87623229551295],[-90.44870684646845,46.904581265302646],[-90.49895696236962,46.86420545984459],[-90.5240820203202,46.87623229551295]]],[[[-90.65329660406604,46.92519869787697],[-90.63535013410134,46.943238951379506],[-90.52767131431314,46.96815168240682],[-90.50972484434844,46.95698390642906],[-90.54920707827078,46.91574904128041],[-90.63535013410134,46.90629938468384],[-90.65329660406604,46.92519869787697]]],[[[-90.76097542385423,46.83929272881728],[-90.75020754187541,46.862487340463396],[-90.67842166201662,46.89770878777787],[-90.67483236802367,46.88138665365653],[-90.76097542385423,46.83929272881728]]],[[[-90.73943965989659,46.96385638395383],[-90.68918954399544,46.9174671606616],[-90.73585036590366,46.91488998158981],[-90.76456471784718,46.946675190141896],[-90.73943965989659,46.96385638395383]]],[[[-90.775332599826,47.023990562295616],[-90.6497073100731,47.054916711157105],[-90.61022507615075,47.00766842817428],[-90.5599749602496,47.03687645765457],[-90.55279637226371,46.9990778312683],[-90.61022507615075,46.99134629405293],[-90.67124307403074,46.94925236921368],[-90.71072530795307,46.985332876218756],[-90.76815401184011,47.00251407003069],[-90.775332599826,47.023990562295616]]],[[[-90.7932790697907,46.785171968309676],[-90.73226107191071,46.80063504274042],[-90.61740366413663,46.874514176131754],[-90.56715354823548,46.847024266032655],[-90.67483236802367,46.81867529624296],[-90.65688589805897,46.788608207072066],[-90.71790389593896,46.785171968309676],[-90.78968977579775,46.75338675975759],[-90.7932790697907,46.785171968309676]]],[[[-90.9835116514165,46.98619193590935],[-90.92967224152241,47.0007959506495],[-90.93326153551536,46.962997324263235],[-90.9835116514165,46.98619193590935]]],[[[-92.01363902739027,46.70613847677476],[-91.94185314753148,46.68036668605685],[-91.81981715177152,46.689816342653415],[-91.64394174611746,46.73448744656446],[-91.5757451602516,46.75768205821058],[-91.51113786837868,46.75768205821058],[-91.33885175671756,46.81781623655236],[-91.24911940689407,46.84101084819847],[-91.22758364293642,46.86334640015399],[-91.16656564505645,46.84444708696086],[-91.14144058710586,46.87279605675056],[-91.05170823728237,46.88138665365653],[-90.97274376943768,46.94152083199831],[-90.92249365353653,46.93121211571115],[-90.87224353763537,46.96127920488204],[-90.83635059770597,46.95784296611966],[-90.75020754187541,46.88825913118131],[-90.80045765777658,46.82297059469594],[-90.88660071360714,46.75596393882938],[-90.85429706767067,46.693252581415805],[-90.91172577155771,46.663185492244914],[-90.95120800548005,46.597037896068954],[-90.90454718357184,46.5832929410194],[-90.75379683586836,46.64600429843298],[-90.73585036590366,46.69239352172521],[-90.58510001820018,46.59961507514075],[-90.53843919629196,46.58071576194761],[-90.5061355503555,46.589306358853584],[-90.416403200532,46.566111747207465],[-90.39486743657436,46.53260841927418],[-90.35179590865908,46.53776277741777],[-90.35179590865908,46.53776277741777],[-90.31590296872969,46.51714534484344],[-90.2189920309203,46.50340038979389],[-90.11849179911799,46.35993742146421],[-90.12208109311092,46.33674280981809],[-89.09195371713717,46.138300021290206],[-88.78327443374434,46.016313545225444],[-88.74020290582905,46.027481321203204],[-88.67918490794908,46.01373636615365],[-88.66482773197731,45.988823635126344],[-88.61457761607616,45.988823635126344],[-88.60380973409734,46.016313545225444],[-88.50689879628796,46.01803166460664],[-88.49972020830208,45.996555172341715],[-88.42434503445034,45.97851491883918],[-88.38127350653507,45.99140081419814],[-88.2951304507045,45.95102500874008],[-88.24488033480334,45.96305184440843],[-88.10130857508575,45.92181697925979],[-88.10130857508575,45.88144117380173],[-88.07618351713516,45.8634009202992],[-88.13720151501515,45.81872981638816],[-88.07259422314223,45.7800721303113],[-87.99721904929049,45.79553520474204],[-87.96491540335403,45.75859563804637],[-87.87877234752347,45.75515939928398],[-87.85723658356584,45.726810429494286],[-87.81057576165762,45.711347355063545],[-87.7818614097141,45.67354872867728],[-87.82493293762937,45.66238095269952],[-87.77468282172822,45.59795147590475],[-87.80339717367173,45.538676357253564],[-87.79262929169292,45.49830055179551],[-87.81416505565055,45.46393816417164],[-87.86082587755877,45.43473013469134],[-87.85005799557995,45.40208586644866],[-87.87518305353053,45.38146843387433],[-87.85005799557995,45.34109262841628],[-87.85005799557995,45.34109262841628],[-87.75314705777058,45.349683225322245],[-87.69571835388354,45.3900590307803],[-87.65623611996119,45.368582538515376],[-87.64905753197532,45.33937450903508],[-87.68853976589766,45.29813964388643],[-87.74237917579175,45.19677060039599],[-87.73520058780588,45.17185786936869],[-87.68853976589766,45.14780419803197],[-87.65982541395414,45.107428392573915],[-87.59162882808828,45.095401556905564],[-87.62752176801767,45.045576094850944],[-87.63111106201062,44.97685131960319],[-87.7639149397494,44.96568354362543],[-87.83929011360114,44.93132115600155],[-87.82852223162232,44.8909453505435],[-87.86800446554466,44.84026082879828],[-87.90030811148111,44.82737493343933],[-87.93979034540345,44.756072979119786],[-87.98286187331873,44.71999247211471],[-88.00798693126931,44.63065026429263],[-87.99721904929049,44.60917377202771],[-88.04387987119871,44.56622078749787],[-87.9720939913399,44.530140280492795],[-87.92902246342463,44.53615369832698],[-87.90389740547405,44.58168386192861],[-87.81057576165762,44.636663682126816],[-87.77468282172822,44.6392408611986],[-87.72084341183411,44.69336162170621],[-87.72084341183411,44.7242877705677],[-87.60957529805297,44.838542709417084],[-87.51625365423654,44.86946885827857],[-87.4767714203142,44.8634554404444],[-87.43728918639187,44.89266346992469],[-87.38344977649776,44.86517355982559],[-87.4049855404554,44.90469030559305],[-87.36191401254013,44.988019095580945],[-87.26500307473074,45.08165660185601],[-87.23987801678017,45.1675625709157],[-87.19680648886488,45.16326727246272],[-87.12143131501314,45.19075718256182],[-87.11784202102021,45.241441704307036],[-87.05682402314022,45.29298528574285],[-86.97785955529555,45.29040810667106],[-86.98503814328143,45.21566991358913],[-87.04246684716847,45.211374615136144],[-87.04964543515435,45.08938813907138],[-87.09271696306963,45.05502575144751],[-87.12143131501314,45.05846199020989],[-87.13937778497785,45.01293182660826],[-87.189627900879,44.96826072269722],[-87.1716814309143,44.93132115600155],[-87.21834225282252,44.89781782806827],[-87.20398507685077,44.875482276112756],[-87.26859236872369,44.84713330632306],[-87.3152531906319,44.79387160550605],[-87.34396754257543,44.719133412424114],[-87.4049855404554,44.62721402553025],[-87.43728918639187,44.60487847357473],[-87.46959283232832,44.55161677275772],[-87.54496800618006,44.32138877567775],[-87.5126643602436,44.240637164761644],[-87.51984294822948,44.17964392672926],[-87.56291447614475,44.144422479414786],[-87.64546823798237,44.10490573364733],[-87.65623611996119,44.05164403283032],[-87.68495047190471,44.01985882427824],[-87.73520058780588,43.88069115440154],[-87.72802199982,43.81024825977259],[-87.69930764787648,43.767295275242745],[-87.70648623586236,43.67967118680186],[-87.7818614097141,43.578302143311426],[-87.80698646766467,43.46147002539025],[-87.87877234752347,43.36955063849638],[-87.91107599345993,43.23553732676326],[-87.88236164151641,43.170248790277896],[-87.90030811148111,43.13760452203521],[-87.87159375953759,43.06458444833448],[-87.89671881748818,43.015618045970456],[-87.84646870158701,42.962356345153445],[-87.84646870158701,42.889336271452706],[-87.82493293762937,42.835215510945105],[-87.76750423374233,42.78453098919989],[-87.7818614097141,42.70807467673676],[-87.82134364363644,42.616155289842894],[-87.7998078796788,42.49159163470634],[-88.09412998709986,42.495886933159326],[-88.63970267402674,42.49502787346873],[-88.78686372773727,42.49159163470634],[-89.48318676236762,42.501041291302904],[-89.66624075600755,42.50533658975589],[-90.48101049240492,42.50705470913709],[-90.64252872208722,42.508772828518275],[-90.64252872208722,42.54055803707036],[-90.70713601396014,42.63419554334543],[-90.76815401184011,42.65137673715736],[-90.93685082950829,42.68316194570945],[-91.05529753127531,42.73814176590765],[-91.10195835318353,42.88332285361853],[-91.14502988109881,42.904799345883454],[-91.14502988109881,42.96321540484404],[-91.17374423304233,43.03881265761657],[-91.17733352703527,43.131591104201036],[-91.14502988109881,43.15220853677536],[-91.12349411714116,43.1968796406864],[-91.05888682526825,43.24842322212221],[-91.10554764717646,43.31371175860758],[-91.20245858498585,43.34893320592205],[-91.1988692909929,43.412503623026225],[-91.2347622309223,43.455456607556066],[-91.2168157609576,43.50012771146711],[-91.24553011290112,43.54565787506874],[-91.23117293692937,43.58345650145501],[-91.26706587685877,43.61524171000709],[-91.27424446484464,43.67623494803947],[-91.24553011290112,43.77330869307692],[-91.27783375883759,43.83773816987169],[-91.38551257862578,43.95457028779287],[-91.43935198851987,44.0018185707757],[-91.57933445424455,44.02673130180301],[-91.70854903799038,44.10404667395673],[-91.7193169199692,44.128959404984045],[-91.81622785777857,44.164180852298514],[-91.87724585565856,44.202838538375374],[-91.89519232562326,44.274999552385516],[-91.92390667756678,44.28788544774447],[-91.92390667756678,44.333415611346105],[-91.97415679346793,44.367777998969984],[-92.05312126131261,44.40128132690326],[-92.23258596095961,44.445093371123704],[-92.28283607686076,44.47773763936639],[-92.31872901679016,44.544744295232945],[-92.36180054470545,44.55934830997309],[-92.54126524435245,44.56707984718847],[-92.5735688902889,44.60487847357473],[-92.62381900619006,44.61862342862428],[-92.62022971219712,44.6392408611986],[-92.73149782597825,44.713979054280536],[-92.7889265298653,44.737173665926655],[-92.80687299982999,44.768099814788144],[-92.76380147191472,44.836824590035896],[-92.77456935389354,44.90125406683066],[-92.74944429594295,44.937334573835734],[-92.7709800599006,44.972556021150204],[-92.76380147191472,45.028394901039],[-92.80328370583706,45.057602930519295],[-92.74585500195002,45.107428392573915],[-92.76739076590765,45.18560282441824],[-92.7530335899359,45.21309273451734],[-92.76021217792177,45.291267166361656],[-92.6991941800418,45.333361091200906],[-92.70278347403473,45.35827382222821],[-92.64894406414064,45.39864962768627],[-92.64535477014769,45.441602612216116],[-92.72790853198532,45.514622685916855],[-92.72431923799238,45.54125353632536],[-92.77456935389354,45.568743446424456],[-92.81046229382294,45.561011909209086],[-92.88583746767468,45.57905216271162],[-92.88942676166761,45.62458232631325],[-92.86430170371703,45.722515131041305],[-92.78533723587235,45.76460905588055],[-92.71355135601355,45.891749890088896],[-92.64176547615476,45.93212569554695],[-92.55203312633125,45.95188406843068],[-92.52331877438775,45.98452833667336],[-92.47306865848658,45.973360560695596],[-92.43717571855719,46.02146790336903],[-92.35103266272662,46.015454485534846],[-92.32949689876898,46.066139007280064],[-92.29360395883958,46.07472960418603],[-92.29360395883958,46.663185492244914],[-92.21463949099491,46.64944053719537],[-92.17515725707257,46.68638010389103],[-92.20746090300902,46.70270223801237],[-92.15003219912198,46.71472907368073],[-92.13926431714317,46.739641804708036],[-92.08901420124201,46.74909146130461],[-92.01363902739027,46.70613847677476]]]]}},{"type":"Feature","id":"US-Nebraska","properties":{"name":"Nebraska","country":"US"},"geometry":{"type":"Polygon","coordinates":[[[-104.05213107971079,43.001014031230305],[-103.0004679397794,43.00015497153971],[-102.48719889878899,42.99929591184911],[-101.84830456804568,42.99929591184911],[-101.6257683404834,42.99585967308673],[-100.88637377793778,42.997577792467915],[-100.11826486344863,42.99843685215851],[-99.56910288252882,42.997577792467915],[-98.90149419984199,42.99843685215851],[-98.49949327263272,42.99843685215851],[-98.46718962669627,42.947752330413294],[-98.25901057510575,42.87473225671256],[-98.12979599135991,42.82147055589555],[-98.01852787757878,42.762195437244365],[-97.95033129171291,42.769926974459736],[-97.90725976379764,42.79483970548705],[-97.87495611786117,42.858410122591216],[-97.84624176591765,42.86785977918778],[-97.77445588605886,42.84981952568525],[-97.68472353623535,42.84208798846988],[-97.62011624436244,42.85669200321003],[-97.5626875404754,42.847242346613456],[-97.50525883658837,42.858410122591216],[-97.44065154471544,42.846383286922865],[-97.41552648676486,42.866141659806594],[-97.36168707687077,42.85497388382883],[-97.30784766697667,42.867000719497184],[-97.21811531715316,42.84552422723227],[-97.21452602316023,42.81287995898958],[-97.14991873128731,42.79569876517765],[-97.1319722613226,42.77164509384093],[-96.97763261962619,42.76047731786317],[-96.94891826768267,42.71924245271452],[-96.9058467397674,42.73384646745467],[-96.80534650796507,42.70377937828378],[-96.80175721397214,42.6694169906599],[-96.7263820401204,42.66683981158811],[-96.68689980619806,42.65309485653856],[-96.71202486414863,42.608423752627516],[-96.63664969029689,42.55172581304812],[-96.61152463234632,42.50619564944649],[-96.52538157651576,42.51049094789947],[-96.50743510655106,42.484719157181566],[-96.44641710867108,42.49073257501574],[-96.39616699276992,42.48386009749097],[-96.38180981679817,42.446061471104706],[-96.41411346273462,42.40826284471844],[-96.41411346273462,42.342974308233075],[-96.37463122881228,42.31806157720577],[-96.32438111291113,42.22957842907429],[-96.36027405284052,42.20810193680936],[-96.3495061708617,42.16686707166071],[-96.27054170301703,42.118759728987285],[-96.27413099700996,42.04745777466774],[-96.22029158711587,42.02598128240282],[-96.23823805708057,42.012236327353264],[-96.18439864718647,42.0027866707567],[-96.1879879411794,41.977014880038794],[-96.13055923729237,41.97186052189521],[-96.14132711927118,41.915162582315816],[-96.16286288322883,41.90571292571925],[-96.11261276732768,41.85331028459284],[-96.10902347333473,41.82066601635016],[-96.06595194541946,41.80090764346643],[-96.07671982739826,41.76139089769897],[-96.10543417934178,41.74420970388703],[-96.08389841538416,41.6978204805948],[-96.12338064930648,41.68235740616405],[-96.09466629736296,41.64713595884958],[-96.11979135531355,41.6136326309163],[-96.08030912139121,41.580129302983025],[-96.09107700337003,41.5320219603096],[-96.03723759347594,41.50796828897288],[-96.03005900549005,41.53975349752497],[-95.9977553595536,41.53889443783437],[-96.00493394753947,41.47274684165841],[-95.93314806768068,41.46415624475244],[-95.92955877368773,41.3645053206432],[-95.9546838316383,41.33959258961589],[-95.88289795177951,41.31639797796977],[-95.92955877368773,41.2811765306553],[-95.91161230372303,41.22705577014769],[-95.92596947969479,41.195270561595606],[-95.83982642386424,41.17465312902128],[-95.88289795177951,41.160049114281136],[-95.86495148181481,41.080156563055624],[-95.88289795177951,41.056961951409505],[-95.85777289382894,41.0311901606916],[-95.86136218782187,40.995109653686534],[-95.82905854188542,40.97792845987459],[-95.8362371298713,40.9212305202952],[-95.81111207192072,40.89803590864908],[-95.84700501185011,40.85422386442864],[-95.83264783587835,40.782921910109096],[-95.87930865778657,40.752854820938204],[-95.88648724577246,40.72106961238612],[-95.83264783587835,40.671244150331496],[-95.78598701397013,40.65749919528194],[-95.75009407404073,40.60939185260852],[-95.7644512500125,40.58533818127181],[-95.76804054400543,40.5312174207642],[-95.69625466414664,40.52864024169241],[-95.69266537015369,40.55698921148211],[-95.65318313623136,40.54152613705136],[-95.69984395813958,40.505445630046296],[-95.69625466414664,40.47108324242242],[-95.6567724302243,40.44187521294212],[-95.66036172421724,40.40837188500884],[-95.61729019630197,40.313875319043184],[-95.55268290442903,40.29153976708766],[-95.55627219842198,40.264049856988564],[-95.48448631856319,40.247727722867225],[-95.4773077305773,40.18158012669126],[-95.39116467474675,40.1162915902059],[-95.41987902669027,40.04842587464874],[-95.30861091290913,40.00031853197531],[-95.78598701397013,40.00031853197531],[-96.30284534895348,40.00031853197531],[-97.24682966909668,40.00117759166591],[-98.24824269312693,40.002036651356505],[-98.83329761397613,40.002036651356505],[-99.81317487404874,40.00117759166591],[-100.75715919419194,40.002036651356505],[-101.1304457694577,40.002036651356505],[-102.05289432564325,40.0028957110471],[-102.05289432564325,41.00198213121131],[-102.55539548465484,41.00198213121131],[-103.03995017370173,41.00198213121131],[-104.05213107971079,41.00112307152071],[-104.05213107971079,43.001014031230305]]]}},{"type":"Feature","id":"US-South-Carolina","properties":{"name":"South Carolina","country":"US"},"geometry":{"type":"Polygon","coordinates":[[[-83.10860063090631,35.000591132701324],[-82.78197487754878,35.085638042070414],[-82.75684981959819,35.06759778856788],[-82.65634958779587,35.119141370003696],[-82.55226006200061,35.15951717546175],[-82.53072429804298,35.15522187700876],[-82.45893841818418,35.17841648865488],[-82.4338133602336,35.17068495143951],[-82.39074183231833,35.21535605535055],[-82.37279536235361,35.181852727417265],[-82.290241600516,35.19903392122921],[-81.6154543298433,35.174121190201895],[-81.2385784605846,35.16037623515235],[-81.04116729097291,35.14920845917459],[-81.03398870298703,35.10367829557295],[-81.0591137609376,35.062443430424295],[-81.04116729097291,35.04440317692176],[-80.9334884711847,35.10711453433534],[-80.78273812348124,34.93616165590655],[-80.79709529945299,34.82018859767597],[-80.15820096870968,34.811598000770005],[-79.89259321323213,34.80558458293582],[-79.67364627966279,34.804725523245224],[-79.35778840828408,34.54528949668496],[-79.24652029450294,34.44563857257572],[-78.87323371923719,34.13465896457964],[-78.53942937789378,33.85116926668266],[-78.586090199802,33.84429678915789],[-78.71530478354784,33.80048474493744],[-78.8122157213572,33.74378680535805],[-78.93784101111011,33.63984058279582],[-79.00244830298303,33.571974867238666],[-79.0275733609336,33.533317181161806],[-79.08500206482064,33.483491719107185],[-79.1352521807218,33.40359916788167],[-79.18191300263003,33.25412278171781],[-79.1711451206512,33.20687449873498],[-79.19627017860178,33.16563963358633],[-79.24652029450294,33.125263828128276],[-79.32907405634056,33.090042380813806],[-79.36137770227703,33.0067135908259],[-79.422395700157,33.01530418773187],[-79.48341369803698,33.00155923268232],[-79.52289593195931,33.0350625606156],[-79.58032463584635,33.0067135908259],[-79.61621757577575,32.952592830318295],[-79.60544969379694,32.92596197990979],[-79.57673534185342,32.93455257681576],[-79.57673534185342,32.906203607026065],[-79.63057475174752,32.88902241321413],[-79.69518204362043,32.85036472713727],[-79.72748568955689,32.805693623226226],[-79.84952168531684,32.75500910148101],[-79.88541462524626,32.78765336972369],[-79.92489685916858,32.78163995188952],[-79.92848615316153,32.75415004179041],[-79.86746815528156,32.73525072859728],[-79.88541462524626,32.68456620685206],[-79.97514697506975,32.639895102941026],[-80.00027203302032,32.605532715317146],[-80.03616497294972,32.609828013770134],[-80.12230802878028,32.590928700577],[-80.18332602666027,32.540244178831784],[-80.2048617906179,32.555707253262526],[-80.33407637436375,32.478391881108806],[-80.36279072630727,32.49643213461134],[-80.41663013620136,32.47237846327463],[-80.42380872418724,32.498150253992534],[-80.47046954609546,32.49729119430194],[-80.48482672206721,32.46121068729687],[-80.43098731217312,32.389908732977325],[-80.4561123701237,32.32633831587315],[-80.57096977789777,32.27307661505615],[-80.63916636376364,32.255895421244205],[-80.64634495174951,32.29111686855868],[-80.71454153761537,32.325479256182554],[-80.75402377153772,32.30657994298942],[-80.7612023595236,32.27994909258092],[-80.71813083160832,32.267063197221965],[-80.66788071570716,32.21637867547675],[-80.72172012560125,32.16053979558795],[-80.81145247542476,32.10985527384273],[-80.84375612136121,32.10985527384273],[-80.9047741192412,32.05229827457274],[-80.88682764927648,32.03425802107021],[-80.91913129521295,32.03769425983259],[-80.99809576305763,32.09868749786497],[-81.03757799697996,32.08408348312483],[-81.1129531708317,32.11329151260512],[-81.1308996407964,32.16655321342213],[-81.11654246482465,32.18888876537765],[-81.15602469874699,32.24644576464764],[-81.12013175881758,32.2842443910339],[-81.14166752277522,32.34953292751927],[-81.15602469874699,32.34609668875688],[-81.20986410864109,32.436297956269556],[-81.19550693266932,32.46550598574985],[-81.27806069450695,32.5350898206882],[-81.27806069450695,32.55484819357193],[-81.36779304433044,32.57718374552745],[-81.41086457224571,32.6184186106761],[-81.39291810228102,32.65364005799057],[-81.40727527825278,32.694874923139224],[-81.42881104221041,32.701747400664004],[-81.41086457224571,32.740405086740864],[-81.42522174821748,32.76789499683996],[-81.42522174821748,32.8409150705407],[-81.45752539415393,32.85380096589965],[-81.46470398213982,32.8958948907389],[-81.5077755100551,32.95087471093711],[-81.4898290400904,33.0084317102071],[-81.55802562595626,33.04537127690276],[-81.6154543298433,33.095196738957384],[-81.64775797577975,33.094337679266786],[-81.74466891358914,33.141585962249614],[-81.77338326553266,33.180243648326474],[-81.76620467754677,33.21546509564095],[-81.80568691146911,33.211169797187964],[-81.85234773337733,33.24725030419304],[-81.83799055740558,33.27302209491094],[-81.93849078920789,33.34346498953989],[-81.92413361323612,33.37095489963899],[-81.93849078920789,33.40445822757227],[-81.91336573125731,33.441397794267935],[-81.92772290722907,33.46201522684226],[-81.98156231712316,33.48435077879778],[-82.04616960899608,33.564243330023295],[-82.10718760687607,33.59602853857538],[-82.15025913479134,33.59774665795658],[-82.19691995669956,33.630390926199254],[-82.2005092506925,33.664753313823134],[-82.23281289662896,33.699974761137604],[-82.24717007260072,33.75237740226402],[-82.35125959839598,33.83656525194252],[-82.45534912419124,33.88123635585355],[-82.52354571005709,33.94308865357653],[-82.55584935599356,33.94394771326713],[-82.5953315899159,34.030712742017414],[-82.64558170581705,34.07194760716607],[-82.67429605776057,34.12950460643606],[-82.71736758567586,34.150122039010384],[-82.74249264362643,34.20853809797097],[-82.74249264362643,34.25235014219142],[-82.78197487754878,34.29702124610245],[-82.7927427595276,34.3399742306323],[-82.83581428744287,34.365746021350205],[-82.8465821694217,34.42072584154841],[-82.87529652136521,34.47570566174661],[-82.90401087330874,34.48601437803377],[-83.00451110511105,34.472269422984226],[-83.08706486694867,34.516081467204664],[-83.16961862878628,34.60542367502674],[-83.23063662666627,34.611437092860925],[-83.33831544645446,34.68187998748987],[-83.34908332843328,34.73685980768807],[-83.32036897648976,34.75919535964359],[-83.3239582704827,34.79012150850508],[-83.23063662666627,34.880322776017756],[-83.11936851288513,34.938738834978345],[-83.10860063090631,35.000591132701324]]]}},{"type":"Feature","id":"US-Idaho","properties":{"name":"Idaho","country":"US"},"geometry":{"type":"Polygon","coordinates":[[[-116.9161607504075,45.99569611265112],[-116.95564298432984,46.07558866387663],[-116.98076804228042,46.085038320473195],[-116.91975004440044,46.16493087169871],[-116.96282157231572,46.19929325932259],[-116.96282157231572,46.25341401983019],[-116.99153592425924,46.299803243122426],[-117.06332180411803,46.36509177960779],[-117.03819674616746,46.40632664475644],[-117.03819674616746,47.47757407893078],[-117.04178604016039,47.52224518284182],[-117.04178604016039,48.125305085640846],[-117.03460745217451,48.370996157151566],[-117.03460745217451,48.7498414807048],[-117.03101815818158,48.998968790977905],[-116.41724888538884,48.999827850668495],[-116.04755160411604,49.00068691035909],[-116.04755160411604,48.310002919119185],[-116.05114089810897,48.21636541284412],[-116.04755160411604,47.97668775916758],[-115.90756913839138,47.84611068619685],[-115.85372972849729,47.82807043269432],[-115.82501537655375,47.75247317992179],[-115.79630102461024,47.75762753806537],[-115.77117596665965,47.717251732607316],[-115.72451514475145,47.69663430003299],[-115.73169373273731,47.64251353952539],[-115.68862220482204,47.59526525654256],[-115.73528302673026,47.567775346443455],[-115.74246161471615,47.53856731696316],[-115.7029793807938,47.53427201851018],[-115.68503291082911,47.48530561614616],[-115.62760420694207,47.479292198311974],[-115.63837208892087,47.46039288511884],[-115.71733655676556,47.45352040759407],[-115.76040808468085,47.42259425873258],[-115.7209258507585,47.424312378113775],[-115.55222903309033,47.34957418503184],[-115.52710397513974,47.30318496173961],[-115.41224656736566,47.26452727566275],[-115.32610351153511,47.25593667875678],[-115.29379986559866,47.220715231442306],[-115.30097845358452,47.18807096319962],[-115.26149621966219,47.182057545365446],[-115.2435497496975,47.15027233681336],[-115.20047822178222,47.1391045608356],[-115.13946022390223,47.09271533754337],[-115.07126363803637,47.02227244291442],[-115.04972787407874,46.970728861478605],[-115.00306705217052,46.9715879211692],[-114.93128117231171,46.92004433973339],[-114.94563834828348,46.859051101701006],[-114.88820964439644,46.808366579955795],[-114.76617364863648,46.758541117901174],[-114.78770941259413,46.71129283491834],[-114.76617364863648,46.696688820178196],[-114.71233423874239,46.71472907368073],[-114.69797706277062,46.74050086439863],[-114.64772694686947,46.73276932718326],[-114.62260188891888,46.70699753646536],[-114.64413765287652,46.67349420853208],[-114.615423300933,46.6399908805988],[-114.54722671506714,46.64428617905178],[-114.46826224722247,46.63140028369283],[-114.4539050712507,46.64944053719537],[-114.36058342743426,46.669198910079096],[-114.33186907549074,46.66060831317312],[-114.32110119351192,46.6107828511185],[-114.35699413344133,46.505118509175084],[-114.4000656613566,46.50254133010329],[-114.37494060340603,46.443266211452105],[-114.42160142531425,46.38742733156331],[-114.42519071930718,46.28777640745407],[-114.4718515412154,46.26715897487974],[-114.45031577725777,46.24138718416184],[-114.44672648326483,46.173521468604676],[-114.51492306913069,46.1675080507705],[-114.52210165711656,46.12541412593125],[-114.46108365923658,46.097065156141554],[-114.49338730517304,46.04723969408693],[-114.47903012920129,46.0008504707947],[-114.41083354333543,45.977655859148584],[-114.43236930729307,45.935561934309334],[-114.38570848538485,45.8891727110171],[-114.41083354333543,45.85137408463084],[-114.50056589315892,45.85051502494024],[-114.56517318503184,45.774058712477114],[-114.49697659916599,45.71048829537295],[-114.50056589315892,45.669253430224295],[-114.56517318503184,45.63746822167221],[-114.53645883308832,45.60654207281072],[-114.55081600906009,45.561011909209086],[-114.46108365923658,45.561011909209086],[-114.41442283732836,45.50946832777327],[-114.36417272142721,45.49056901458014],[-114.34622625146251,45.45964286571865],[-114.26008319563195,45.49572337272372],[-114.24931531365313,45.54554883477834],[-114.20265449174491,45.535240118491174],[-114.13445790587905,45.557575670446695],[-114.0662613200132,45.62801856507564],[-114.01242191011909,45.658085654246534],[-114.01960049810498,45.69330710156101],[-113.98729685216851,45.704474877538765],[-113.93345744227442,45.68213932558325],[-113.89756450234502,45.64434069919699],[-113.9047430903309,45.62200514724147],[-113.86167156241562,45.62372326662266],[-113.80783215252151,45.60224677435774],[-113.8329572104721,45.52063610375103],[-113.76476062460624,45.52063610375103],[-113.7611713306133,45.48111935798357],[-113.78270709457094,45.45534756726566],[-113.7611713306133,45.40638116490164],[-113.73245697866977,45.3900590307803],[-113.73963556665566,45.329924852438516],[-113.6893854507545,45.283535629146286],[-113.68579615676155,45.253468539975394],[-113.59965310093101,45.19075718256182],[-113.57452804298042,45.12804582514824],[-113.51351004510045,45.11515992978929],[-113.52068863308632,45.09282437783377],[-113.45249204722046,45.05932104990049],[-113.4381348712487,45.006918408774084],[-113.44531345923458,44.95967012579125],[-113.49556357513575,44.94850234981349],[-113.4560813412134,44.86517355982559],[-113.35558110941109,44.81964339622395],[-113.34122393343932,44.78528100860008],[-113.24790228962289,44.82307963498634],[-113.13304488184882,44.77325417293172],[-113.06843758997589,44.679616666656656],[-113.05049112001119,44.636663682126816],[-113.08279476594765,44.59542881697816],[-113.00741959209591,44.525844982039814],[-113.02536606206061,44.49663695255952],[-113.00383029810297,44.45110678895788],[-112.94999088820887,44.41674440133401],[-112.88538359633596,44.39612696875968],[-112.84590136241361,44.35832834237342],[-112.81359771647716,44.37722765556655],[-112.83513348043479,44.42275781916818],[-112.7812940705407,44.48461011689116],[-112.72027607266072,44.50436848977489],[-112.65925807478074,44.48546917658176],[-112.54081137301372,44.483751057200564],[-112.50132913909138,44.46313362462624],[-112.47261478714786,44.480314818438174],[-112.3864717313173,44.4476705501955],[-112.3577573793738,44.48632823627236],[-112.3505787913879,44.53873087739877],[-112.31827514545145,44.53873087739877],[-112.28597149951499,44.56879796656966],[-112.22854279562794,44.56278454873548],[-112.18547126771267,44.53271745956459],[-112.1352211518115,44.53958993708936],[-112.10650679986799,44.52069062389623],[-112.03113162601625,44.54646241461414],[-111.99523868608685,44.53529463863638],[-111.94857786417863,44.5567711309013],[-111.86961339633396,44.56364360842608],[-111.82295257442574,44.50952284791847],[-111.71527375463754,44.54388523554235],[-111.70450587265871,44.56020736966369],[-111.61836281682817,44.54903959368593],[-111.5860591708917,44.56278454873548],[-111.47120176311762,44.54044899677996],[-111.52504117301173,44.59542881697816],[-111.46761246912469,44.679616666656656],[-111.48555893908939,44.70796563644636],[-111.41377305923059,44.710542815518146],[-111.38505870728707,44.75521391942919],[-111.32404070940709,44.7242877705677],[-111.22354047760477,44.62377778676786],[-111.23071906559065,44.586838220072195],[-111.14457600976009,44.53615369832698],[-111.12304024580246,44.49405977348773],[-111.04766507195072,44.474301400604],[-111.05125436594365,44.35403304392043],[-111.04766507195072,44.12466410653106],[-111.04766507195072,43.68138930618306],[-111.04407577795777,43.659053754227536],[-111.04407577795777,42.72267869147691],[-111.04766507195072,42.58265196190961],[-111.04766507195072,42.0019276110661],[-111.47120176311762,41.999350431994316],[-112.17470338573385,41.99677325292252],[-112.19264985569855,42.0010685513755],[-112.88179430234301,41.999350431994316],[-113.82218932849328,41.988182656016555],[-114.04113626206261,41.99333701416013],[-114.46826224722247,41.995914193231926],[-114.5974768309683,41.99419607385073],[-114.80565588255882,42.0019276110661],[-115.03178140411403,41.995914193231926],[-115.31533562955629,41.995914193231926],[-116.36699876948768,41.995914193231926],[-117.02742886418864,42.00020949168491],[-117.02742886418864,43.8085301403914],[-117.02025027620274,43.859214662136615],[-116.98076804228042,43.86866431873318],[-116.98076804228042,43.91505354202541],[-116.93769651436514,43.98463737696376],[-116.9341072203722,44.02157694365943],[-116.97358945429454,44.04906685375853],[-116.97717874828749,44.0851473607636],[-116.9341072203722,44.09975137550375],[-116.8982142804428,44.153013076320754],[-116.90180357443575,44.17964392672926],[-116.96641086630865,44.194247941469406],[-116.97358945429454,44.239778105071046],[-117.04537533415333,44.22946938878388],[-117.10280403804038,44.2801539105291],[-117.17100062390622,44.25867741826418],[-117.21766144581446,44.28874450743507],[-117.18894709387092,44.336851850108495],[-117.24278650376503,44.39612696875968],[-117.21407215182151,44.42705311762117],[-117.22484003380033,44.483751057200564],[-117.16023274192742,44.52498592234922],[-117.12433980199802,44.58168386192861],[-117.09562545005448,44.66501265191651],[-117.04537533415333,44.744905203142025],[-116.93051792637925,44.786999127981275],[-116.93051792637925,44.80503938148381],[-116.86591063450633,44.87032791796917],[-116.83360698856987,44.92874397692976],[-116.85873204652046,44.97856943898438],[-116.84796416454164,45.022381483204825],[-116.79771404864047,45.06018010959109],[-116.77617828468284,45.10571027319273],[-116.72951746277462,45.1400726608166],[-116.70439240482403,45.23972358492584],[-116.67208875888758,45.283535629146286],[-116.67567805288053,45.314461778007775],[-116.58953499704997,45.44332073159731],[-116.55364205712056,45.46307910448104],[-116.55005276312762,45.51032738746387],[-116.46390970729706,45.603105834048336],[-116.48903476524765,45.649495057340566],[-116.53569558715586,45.691588982179816],[-116.53569558715586,45.73711914578145],[-116.5931242910429,45.7783540109301],[-116.66132087690876,45.7800721303113],[-116.69721381683817,45.82044793576935],[-116.76182110871108,45.816152637316364],[-116.81924981259812,45.880582114111135],[-116.85873204652046,45.90377672575725],[-116.9161607504075,45.99569611265112]]]}},{"type":"Feature","id":"US-Nevada","properties":{"name":"Nevada","country":"US"},"geometry":{"type":"Polygon","coordinates":[[[-119.9993642903429,41.99419607385073],[-119.9993642903429,41.99505513354133],[-119.2097196118961,41.99333701416013],[-118.69645057090571,41.99161889477894],[-118.60312892708927,41.99419607385073],[-117.62325166701666,41.99849137230372],[-117.02742886418864,42.00020949168491],[-116.36699876948768,41.995914193231926],[-115.31533562955629,41.995914193231926],[-115.03178140411403,41.995914193231926],[-114.80565588255882,42.0019276110661],[-114.5974768309683,41.99419607385073],[-114.46826224722247,41.995914193231926],[-114.04113626206261,41.99333701416013],[-114.04113626206261,41.00026401183011],[-114.04472555605555,40.771754134131335],[-114.04472555605555,40.23226464843648],[-114.0483148500485,40.10426475453754],[-114.0483148500485,38.677366608456076],[-114.05190414404143,38.404185626846264],[-114.0483148500485,38.14818583904838],[-114.05190414404143,37.99956851257512],[-114.0483148500485,37.76590427673276],[-114.05190414404143,37.756454620136196],[-114.05190414404143,37.00048209241092],[-114.05190414404143,36.62507300762007],[-114.04472555605555,36.39140877177771],[-114.0483148500485,36.193825042940425],[-114.0662613200132,36.18093914758147],[-114.15240437584376,36.02373122420224],[-114.2385474316743,36.01428156760567],[-114.31392260552605,36.05809361182611],[-114.30674401754017,36.082147283162826],[-114.37135130941309,36.14314052119521],[-114.4180121313213,36.145717700267],[-114.50415518715187,36.129395566145654],[-114.51133377513774,36.15087205841058],[-114.57235177301773,36.151731118101175],[-114.615423300933,36.13025462583625],[-114.6333697708977,36.14228146150461],[-114.66567341683417,36.117368730477295],[-114.75540576665766,36.090737880068794],[-114.73028070870708,36.02201310482104],[-114.74463788467884,35.98507353812538],[-114.70156635676356,35.901744748137475],[-114.66567341683417,35.87511389772897],[-114.69797706277062,35.85449646515465],[-114.71233423874239,35.80638912248122],[-114.69438776877769,35.755704600736],[-114.7051556507565,35.71189255651556],[-114.68003059280592,35.685261706107056],[-114.69079847478474,35.651758378173774],[-114.65849482884828,35.61911410993109],[-114.65849482884828,35.53063096179961],[-114.68003059280592,35.49970481293812],[-114.66567341683417,35.4498793508835],[-114.62619118291182,35.40950354542545],[-114.60465541895418,35.35366466553665],[-114.57235177301773,35.2007520406104],[-114.57235177301773,35.138899742887425],[-114.64772694686947,35.10196017619175],[-114.61183400694006,35.08306086299862],[-114.6333697708977,35.00145019239192],[-115.16099598785988,35.424107560165595],[-115.41224656736566,35.62512752776527],[-116.25214136171361,36.27715383292832],[-117.3755903815038,37.12676386692866],[-117.83143071860718,37.46523338502384],[-118.05396694616945,37.62501848747487],[-118.50262869528694,37.9488839908299],[-118.857968800588,38.20488377862778],[-119.08409432214322,38.361232642316416],[-119.49327383733836,38.64987669835698],[-119.90604264652646,38.93336639625396],[-119.9993642903429,38.99951399242992],[-120.00654287832877,39.2254466910569],[-120.00295358433584,39.33025197330973],[-120.00295358433584,39.72284225191251],[-119.9993642903429,39.73401002789027],[-119.99577499634995,40.071620486294854],[-119.99577499634995,40.72106961238612],[-119.9993642903429,40.75027764186641],[-119.9993642903429,41.99419607385073]]]}},{"type":"Feature","id":"US-Vermont","properties":{"name":"Vermont","country":"US"},"geometry":{"type":"Polygon","coordinates":[[[-73.34213167611676,45.011213707227064],[-73.08729180261803,45.01550900568005],[-72.67452299342993,45.01550900568005],[-72.53095123371233,45.007777468464674],[-72.30841500615006,45.003482170011694],[-72.10382524855248,45.00520028939289],[-71.50082385773858,45.01379088629886],[-71.54030609166091,44.988019095580945],[-71.49364526975269,44.91156278311782],[-71.55825256162561,44.84713330632306],[-71.57260973759738,44.79215348612485],[-71.62644914749147,44.74748238221382],[-71.58696691356913,44.65985829377293],[-71.55107397363973,44.62721402553025],[-71.55825256162561,44.564502668116674],[-71.59773479554795,44.55333489213891],[-71.57619903159032,44.502650370393695],[-71.63362773547735,44.483751057200564],[-71.65875279342794,44.445093371123704],[-71.70900290932909,44.41159004319042],[-71.79514596515965,44.39956320752207],[-71.81309243512435,44.35489210361103],[-71.87052113901139,44.336851850108495],[-71.90641407894078,44.348019626086256],[-72.03203936869369,44.32052971598715],[-72.06793230862309,44.26812707486074],[-72.04639654466544,44.23891904538045],[-72.06793230862309,44.189952643016426],[-72.03203936869369,44.13153658405583],[-72.03203936869369,44.09116077859778],[-72.07511089660896,44.03188565994659],[-72.11818242452425,43.99408703356033],[-72.11818242452425,43.921066959859594],[-72.1863790103901,43.863509960589596],[-72.18278971639717,43.8085301403914],[-72.2043254803548,43.770731514005135],[-72.27252206622066,43.73379194730946],[-72.30482571215713,43.6959933209232],[-72.32636147611476,43.60235581464814],[-72.38020088600886,43.57400684485844],[-72.39814735597356,43.51043642775427],[-72.38020088600886,43.48036933858338],[-72.41609382593826,43.3643962803528],[-72.39455806198062,43.312852698916984],[-72.43762958989589,43.25787287871878],[-72.45198676586766,43.139322641416406],[-72.43404029590296,43.08348376152761],[-72.46634394183941,43.05513479173791],[-72.44480817788178,43.01046368782687],[-72.4735225298253,42.97180600175001],[-72.52018335173352,42.96321540484404],[-72.52377264572645,42.91424900248002],[-72.55607629166292,42.85153764506644],[-72.51300476374763,42.76391355662556],[-72.49146899979,42.77250415353153],[-72.45916535385354,42.726973989929895],[-73.26316720827208,42.74587330312303],[-73.2918815602156,42.80171218301182],[-73.27752438424385,42.83349739156391],[-73.27752438424385,42.897067808668076],[-73.2559886202862,43.25959099809997],[-73.24881003230033,43.55424847197471],[-73.29547085420855,43.57916120300202],[-73.30264944219442,43.624691366603656],[-73.37084602806028,43.624691366603656],[-73.39597108601086,43.56799342702426],[-73.43186402594026,43.590328978979784],[-73.40673896798968,43.68826178370783],[-73.34931026410264,43.77159057369573],[-73.39238179201791,43.820556976059756],[-73.37443532205322,43.875536796257954],[-73.41032826198261,43.933093795527945],[-73.40673896798968,44.02157694365943],[-73.43904261392613,44.044771555305545],[-73.41032826198261,44.1126372708627],[-73.39238179201791,44.18909358332583],[-73.32418520615207,44.24321434383343],[-73.3098280301803,44.27414049269492],[-73.33495308813087,44.372073297422965],[-73.2918815602156,44.44079807267072],[-73.30623873618735,44.5000731913219],[-73.37443532205322,44.575670444094435],[-73.38879249802498,44.63580462243622],[-73.37443532205322,44.66243547284472],[-73.36725673406734,44.741468964379635],[-73.33136379413794,44.78871724736246],[-73.37802461604616,44.83768364972649],[-73.3636674400744,44.891804410234094],[-73.33854238212382,44.917576200952006],[-73.34213167611676,45.011213707227064]]]}},{"type":"Feature","id":"US-Louisiana","properties":{"name":"Louisiana","country":"US"},"geometry":{"type":"MultiPolygon","coordinates":[[[[-88.88018537155371,30.053266374553743],[-88.83352454964549,29.999145614046135],[-88.81557807968079,29.933857077560774],[-88.82634596165961,29.84709204881048],[-88.86223890158901,29.756890781297805],[-88.87659607756078,29.759467960369598],[-88.84788172561726,29.836783332523318],[-88.83352454964549,29.922689301583013],[-88.83711384363843,29.96220604735047],[-88.88018537155371,30.053266374553743]]],[[[-89.34320429664297,30.05927979238792],[-89.30372206272062,30.091924060630603],[-89.18886465494654,30.161507895568953],[-89.18168606696067,30.149481059900594],[-89.22834688886888,30.095360299392986],[-89.22116830088301,30.071306628056277],[-89.17450747897479,30.04295765826658],[-89.22834688886888,30.000004673736733],[-89.2391147708477,30.040380479194788],[-89.2750077107771,30.03178988228882],[-89.33602570865709,30.040380479194788],[-89.34320429664297,30.05927979238792]]],[[[-89.62675852208521,29.53525338112381],[-89.56574052420524,29.543843978029777],[-89.59804417014169,29.507763471024703],[-89.62675852208521,29.53525338112381]]],[[[-90.37692096660966,29.10830071489714],[-90.35179590865908,29.13149532654326],[-90.30513508675087,29.075656446654463],[-90.33384943869439,29.063629610986105],[-90.37692096660966,29.10830071489714]]],[[[-90.5599749602496,29.093696700156997],[-90.41999249452495,29.0653477303673],[-90.4881890803908,29.05847525284252],[-90.5599749602496,29.093696700156997]]],[[[-90.75020754187541,29.055898073770734],[-90.66047519205192,29.072220207892073],[-90.65329660406604,29.05761619315193],[-90.74661824788248,29.040434999339986],[-90.75020754187541,29.055898073770734]]],[[[-92.01722832138321,29.591092261012605],[-91.98133538145382,29.614286872658724],[-91.93826385353853,29.609991574205736],[-91.92749597155971,29.632327126161258],[-91.84853150371504,29.627172768017672],[-91.76597774187742,29.574770126891266],[-91.73367409594096,29.580783544725442],[-91.71213833198331,29.555870813698135],[-91.76597774187742,29.524944664836646],[-91.76956703587035,29.490582277212766],[-91.81981715177152,29.474260143091428],[-92.03158549735497,29.57305200751007],[-92.01722832138321,29.591092261012605]]],[[[-94.04159013340133,33.01959948618486],[-93.37757074470744,33.017881366803664],[-93.0688914613146,33.017881366803664],[-92.50537230442303,33.01186794896948],[-91.9526210295103,33.0075726505165],[-91.16656564505645,33.00413641175411],[-91.20245858498585,32.96118342722426],[-91.21322646696467,32.91994856207562],[-91.1809228210282,32.90104924888249],[-91.13067270512705,32.923384800838],[-91.13426199911999,32.98094180010799],[-91.09477976519764,32.98437803887038],[-91.06247611926119,32.9225257411474],[-91.06965470724707,32.88902241321413],[-91.14502988109881,32.844351309303086],[-91.1629763510635,32.812566100751],[-91.16656564505645,32.751572862718625],[-91.05529753127531,32.72580107200071],[-91.06247611926119,32.702606460354595],[-91.11990482314823,32.6742574905649],[-91.15220846908468,32.64161322232222],[-91.14144058710586,32.59694211841118],[-91.11990482314823,32.58491528274282],[-91.04811894328942,32.60725083469834],[-91.0265831793318,32.6467675804658],[-91.0014581213812,32.61498237191371],[-91.03017247332473,32.583197163361625],[-91.08042258922589,32.55656631295312],[-91.00504741537415,32.513613328423276],[-90.98710094540945,32.49127777646776],[-91.02299388533885,32.48526435863358],[-91.08401188321884,32.52649922378223],[-91.10195835318353,32.525640164091634],[-91.11272623516234,32.47581470203701],[-91.03017247332473,32.43372077719776],[-90.99427953339533,32.450901971009706],[-90.96556518145181,32.420834881838815],[-90.99427953339533,32.40365368802687],[-90.99427953339533,32.35382822597225],[-90.91172577155771,32.33922421123211],[-90.89019000760007,32.37358659885598],[-90.87583283162832,32.35812352442524],[-90.93326153551536,32.290257808868084],[-90.97633306343063,32.29713028639286],[-90.96915447544475,32.251600122791224],[-90.98710094540945,32.21551961578615],[-91.0373510613106,32.24215046619466],[-91.06247611926119,32.21895585454854],[-91.15938705707056,32.2017746607366],[-91.16656564505645,32.13390894517945],[-91.05170823728237,32.124459288582884],[-91.05888682526825,32.17772098939989],[-91.00504741537415,32.15710355682556],[-91.0373510613106,32.097828438174375],[-91.08042258922589,32.078929124981244],[-91.09836905919059,32.048002976119754],[-91.14502988109881,32.081506304053036],[-91.1629763510635,32.06002981178811],[-91.09477976519764,32.03769425983259],[-91.09477976519764,31.99474127530275],[-91.1629763510635,31.982714439634393],[-91.18810140901408,31.96123794736947],[-91.1809228210282,31.91828496283962],[-91.26706587685877,31.851278306973065],[-91.24553011290112,31.83323805347053],[-91.26347658286582,31.809184382133814],[-91.28860164081641,31.823788396873965],[-91.29578022880229,31.86072796356963],[-91.33885175671756,31.851278306973065],[-91.36397681466815,31.770526696056955],[-91.25988728887289,31.76107703946039],[-91.27424446484464,31.745613965029648],[-91.35679822668226,31.74131866657666],[-91.3962804606046,31.71125157740577],[-91.39986975459755,31.620191250202495],[-91.46447704647046,31.620191250202495],[-91.50036998639986,31.64424492153921],[-91.51831645636456,31.611600653296527],[-91.4860128104281,31.585828862578623],[-91.42140551855518,31.596996638556377],[-91.40704834258342,31.569506728457277],[-91.4501198704987,31.539439639286385],[-91.5219057503575,31.523976564855644],[-91.51831645636456,31.46040614775147],[-91.47165563445634,31.395976670956706],[-91.47165563445634,31.371063939929392],[-91.5039592803928,31.365050522095217],[-91.53267363233633,31.389963253122524],[-91.54703080830808,31.43291623765237],[-91.57933445424455,31.39941290971909],[-91.55420939629396,31.385667954669543],[-91.55062010230102,31.347010268592683],[-91.50754857438574,31.315225060040596],[-91.51472716237161,31.27828549334493],[-91.5757451602516,31.261104299532988],[-91.64035245212452,31.26711771736717],[-91.64394174611746,31.234473449124486],[-91.60087021820218,31.208701658406582],[-91.59010233622335,31.173480211092105],[-91.62599527615276,31.133963465324648],[-91.62240598215982,31.10990979398793],[-91.56497727827278,31.06695680945809],[-91.59010233622335,31.01713134740347],[-91.63676315813157,30.999091093900937],[-90.82558271572715,30.999091093900937],[-90.34461732067321,30.999950153591527],[-89.75238381183811,31.001668272972722],[-89.72725875388754,30.970742124111233],[-89.75238381183811,30.9518428109181],[-89.74879451784517,30.91318512484124],[-89.77391957579576,30.896862990719903],[-89.80622322173221,30.78948052939529],[-89.8313482796828,30.768004037130368],[-89.81699110371103,30.737077888268878],[-89.85288404364043,30.661480635496346],[-89.82416969169691,30.649453799827995],[-89.80981251572516,30.567843129221288],[-89.77391957579576,30.538635099740993],[-89.75956239982399,30.50513177180771],[-89.72008016590165,30.488809637686373],[-89.68418722597225,30.451870070990708],[-89.68418722597225,30.40548084769847],[-89.63034781607816,30.33933325152251],[-89.63034781607816,30.280058132871325],[-89.6159906401064,30.223360193291924],[-89.56932981819818,30.180407208762084],[-89.5262582902829,30.180407208762084],[-89.58727628816288,30.150340119591192],[-89.6159906401064,30.156353537425368],[-89.67700863798638,30.108246194751942],[-89.68418722597225,30.075601926509258],[-89.72725875388754,30.06271603115031],[-89.71649087190872,30.02835364352643],[-89.81699110371103,30.04295765826658],[-89.85647333763337,30.004299972189713],[-89.83852686766868,29.945883913229125],[-89.77391957579576,29.937293316323156],[-89.72725875388754,29.95876980858808],[-89.7416159298593,29.908085286842862],[-89.71290157791577,29.878877257362568],[-89.65906216802168,29.86255512324123],[-89.61240134611346,29.872004779837795],[-89.59086558215581,29.8969175108651],[-89.57291911219112,29.983682539615394],[-89.58009770017699,29.994850315593148],[-89.49395464434645,30.041239538885385],[-89.48318676236762,30.079038165271648],[-89.4185794704947,30.049830135791353],[-89.37191864858649,30.05498449393493],[-89.37191864858649,30.036944240432398],[-89.43293664646646,30.007736210952103],[-89.43293664646646,29.97852818147181],[-89.37909723657236,29.963924166731665],[-89.36832935459354,29.911521525605252],[-89.31448994469945,29.92354836127361],[-89.2750077107771,29.993991255902557],[-89.21757900689006,29.972514763637633],[-89.23193618286183,29.9252664806548],[-89.27859700477005,29.9252664806548],[-89.32166853268532,29.887467854268536],[-89.24270406484064,29.88918597364973],[-89.25347194681946,29.864273242622424],[-89.3647400606006,29.845373929429286],[-89.31807923869238,29.788675989849892],[-89.27859700477005,29.807575303043023],[-89.30372206272062,29.756890781297805],[-89.33602570865709,29.779226333253327],[-89.38627582455824,29.788675989849892],[-89.42934735247353,29.741427706867064],[-89.43293664646646,29.656380797497967],[-89.46524029240292,29.652085499044986],[-89.48677605636055,29.725964632436316],[-89.5262582902829,29.726823692126914],[-89.53343687826877,29.67012575254752],[-89.48677605636055,29.6203002904929],[-89.53343687826877,29.648649260282596],[-89.58368699416994,29.652944558735584],[-89.61240134611346,29.638340543995433],[-89.66624075600755,29.643494902139018],[-89.60163346413464,29.609991574205736],[-89.60163346413464,29.582501664106637],[-89.68418722597225,29.624595588945887],[-89.68418722597225,29.603119096680963],[-89.64111569805698,29.575629186581864],[-89.68418722597225,29.563602350913506],[-89.68059793197932,29.53439432143321],[-89.64111569805698,29.503468172571722],[-89.56932981819818,29.494018515975156],[-89.57291911219112,29.475119202782025],[-89.52984758427584,29.4545017702077],[-89.53343687826877,29.425293740727405],[-89.5083118203182,29.385776994959947],[-89.47600817438175,29.41154878567785],[-89.45806170441703,29.393508532175318],[-89.37909723657236,29.391790412794123],[-89.32166853268532,29.36258238331383],[-89.3109006507065,29.388354174031733],[-89.2391147708477,29.310179742187415],[-89.19963253692536,29.347978368573678],[-89.1134894810948,29.252622742917424],[-89.1134894810948,29.201938221172206],[-89.09195371713717,29.190770445194445],[-89.02734642526426,29.21482411653116],[-89.00222136731367,29.179602669216685],[-89.08836442314423,29.166716773857736],[-89.0955430111301,29.138367804068032],[-89.03811430724306,29.135790624996247],[-89.06682865918658,29.091119521085204],[-89.10631089310893,29.11173695365953],[-89.1493824210242,29.029267223362226],[-89.14220383303832,28.991468596975963],[-89.21757900689006,29.022394745837452],[-89.22475759487594,29.06964302882028],[-89.25347194681946,29.083387983869834],[-89.3647400606006,28.96483774656746],[-89.4185794704947,28.929616299252984],[-89.39345441254412,28.987173298522983],[-89.36115076660766,29.01208602955029],[-89.34320429664297,29.053320894698942],[-89.3109006507065,29.071361148201476],[-89.3109006507065,29.117750371493713],[-89.27859700477005,29.137508744377442],[-89.28218629876298,29.18132078859788],[-89.31807923869238,29.201938221172206],[-89.33243641466414,29.148676520355195],[-89.38986511855119,29.12376378932789],[-89.43293664646646,29.148676520355195],[-89.48318676236762,29.21482411653116],[-89.60522275812758,29.251763683226827],[-89.64111569805698,29.290421369303687],[-89.84211616166161,29.318770339093383],[-89.8851876895769,29.306743503425032],[-90.057473801238,29.183897967669672],[-90.22258132491325,29.08510610325103],[-90.24770638286383,29.093696700156997],[-90.23334920689207,29.128918147471467],[-90.27642073480735,29.14266310252102],[-90.28359932279322,29.17788454983549],[-90.26206355883558,29.180461728907282],[-90.30513508675087,29.266367697966977],[-90.34461732067321,29.28956230961309],[-90.37692096660966,29.28870324992249],[-90.37333167261673,29.264649578585782],[-90.40204602456024,29.233723429724293],[-90.39486743657436,29.299011966209655],[-90.43076037650376,29.34711930888308],[-90.47742119841197,29.29213948868488],[-90.52767131431314,29.30416632435324],[-90.55279637226371,29.28526701116011],[-90.5779214302143,29.31189786156861],[-90.59945719417193,29.28870324992249],[-90.56356425424254,29.23458248941489],[-90.60663578215782,29.238018728177273],[-90.6317608401084,29.21482411653116],[-90.64611801608015,29.168434893238924],[-90.67483236802367,29.174448311073107],[-90.69277883798837,29.125481908709084],[-90.72149318993189,29.135790624996247],[-90.78968977579775,29.10744165520655],[-90.8112255397554,29.04215311872118],[-90.86865424364244,29.055898073770734],[-90.85070777367773,29.073938327273268],[-90.89736859558595,29.13149532654326],[-90.96197588745888,29.180461728907282],[-91.0014581213812,29.16929395292952],[-91.09477976519764,29.187334206432062],[-91.13067270512705,29.21568317622176],[-91.22040505495055,29.225991892508922],[-91.27783375883759,29.24746838477384],[-91.33526246272463,29.299011966209655],[-91.29219093480934,29.311038801878013],[-91.26706587685877,29.360864263932633],[-91.23835152491525,29.35055554764547],[-91.19527999699997,29.305884443734435],[-91.17015493904938,29.324783756927566],[-91.17374423304233,29.266367697966977],[-91.11990482314823,29.251763683226827],[-91.13426199911999,29.341105891048905],[-91.2168157609576,29.39608571124711],[-91.2168157609576,29.432166218252178],[-91.25629799487994,29.438179636086353],[-91.28860164081641,29.402958188771883],[-91.33526246272463,29.391790412794123],[-91.32808387473874,29.427011860108593],[-91.36397681466815,29.420998442274417],[-91.35320893268933,29.4545017702077],[-91.32090528675286,29.478555441544408],[-91.35679822668226,29.512917829168288],[-91.46088775247752,29.46996484463844],[-91.49678069240692,29.538689619886192],[-91.53267363233633,29.53181714236142],[-91.55420939629396,29.633186185851855],[-91.6475310401104,29.634045245542453],[-91.62599527615276,29.66239421533215],[-91.62240598215982,29.73541428903288],[-91.7372633899339,29.749159244082435],[-91.78392421184212,29.740568647176467],[-91.85571009170091,29.707924378933782],[-91.88083514965149,29.756890781297805],[-91.85212079770797,29.792112228612282],[-91.82340644576445,29.78953504954049],[-91.83058503375034,29.829051795307947],[-91.88801373763737,29.83592427283272],[-91.93826385353853,29.81702495963959],[-91.970567499475,29.834206153451532],[-91.97774608746087,29.799843765827653],[-92.06388914329143,29.768917616966164],[-92.11413925919258,29.73970958748587],[-92.13567502315023,29.76719949758497],[-92.20028231502314,29.753454542535422],[-92.20028231502314,29.725964632436316],[-92.1679786690867,29.700192841718412],[-92.10337137721376,29.69332036419364],[-92.13567502315023,29.667548573475727],[-92.1069606712067,29.613427812968126],[-92.03517479134791,29.63146806647066],[-92.01722832138321,29.61600499203991],[-92.06388914329143,29.60397815637156],[-92.04235337933379,29.586796962559617],[-92.15721078710787,29.58164260441604],[-92.25053243092431,29.53954867957679],[-92.3223183107831,29.53181714236142],[-92.61664041820418,29.58593790286902],[-92.74226570795707,29.622018409874094],[-92.94685546555465,29.70878343862438],[-93.02940922739226,29.73627334872348],[-93.17657028110281,29.77063573634736],[-93.29501698286983,29.774931034800346],[-93.34526709877099,29.762904199131988],[-93.47448168251682,29.768917616966164],[-93.68266073410733,29.74744112470124],[-93.74367873198732,29.73627334872348],[-93.83700037580375,29.690743185121846],[-93.89801837368373,29.771494796037956],[-93.93032201962019,29.79726658675586],[-93.92314343163432,29.818743079020784],[-93.86212543375433,29.857400765097644],[-93.81546461184611,29.920971182201818],[-93.79033955389554,29.987977838068375],[-93.74008943799437,30.021481166001657],[-93.70060720407204,30.065293210222094],[-93.7329108500085,30.08161534434344],[-93.68983932209322,30.141749522685224],[-93.72214296802967,30.209615238242378],[-93.70419649806497,30.243118566175653],[-93.70778579205792,30.288648729777293],[-93.76521449594496,30.33331983368833],[-93.74367873198732,30.396890250792502],[-93.6970179100791,30.440702295012947],[-93.7149643800438,30.518876726857265],[-93.74008943799437,30.53949415943159],[-93.72932155601555,30.573856547055463],[-93.6790714401144,30.599628337773375],[-93.67189285212852,30.658044396733963],[-93.62882132421323,30.679520888998887],[-93.61805344223441,30.742232246412456],[-93.58574979629796,30.796353006920064],[-93.5534461503615,30.82470197670976],[-93.56780332633326,30.87882273721737],[-93.55703544435444,30.911467005460047],[-93.52473179841797,30.930366318653178],[-93.56780332633326,30.977614601636013],[-93.56421403234032,31.00596357142571],[-93.5175532104321,31.024003824928243],[-93.52473179841797,31.070393048220474],[-93.5534461503615,31.097023898628983],[-93.53191038640387,31.184647987069866],[-93.60010697226971,31.174339270782703],[-93.62164273622736,31.27141301582015],[-93.643178500185,31.269694896438956],[-93.68625002810028,31.31007070189701],[-93.66471426414263,31.35560086549865],[-93.67548214612145,31.3976947903379],[-93.70419649806497,31.41058068569685],[-93.70060720407204,31.43807059579595],[-93.75085731997319,31.46899674465744],[-93.72932155601555,31.492191356303557],[-93.74008943799437,31.52225844547445],[-93.78675025990259,31.527412803618027],[-93.81905390583906,31.554902713717134],[-93.8405896697967,31.59871475793757],[-93.81546461184611,31.622768429274288],[-93.82623249382493,31.661426115351148],[-93.80110743587436,31.697506622356215],[-93.82982178781788,31.745613965029648],[-93.822643199832,31.774821994509942],[-93.8764826097261,31.82207027749277],[-93.90878625566255,31.893372231812315],[-93.97339354753547,31.920003082220816],[-94.01287578145781,31.981855379943795],[-94.04159013340133,31.992164096230958],[-94.04159013340133,33.01959948618486]]]]}},{"type":"Feature","id":"US-Rhode-Island","properties":{"name":"Rhode Island","country":"US"},"geometry":{"type":"MultiPolygon","coordinates":[[[[-71.19573386833868,41.67548492863928],[-71.13112657646576,41.66002185420854],[-71.12035869448694,41.49765957268572],[-71.19214457434575,41.45814282691826],[-71.21368033830338,41.545766915359145],[-71.2065017503175,41.60074673555735],[-71.2423946902469,41.61964604875048],[-71.23521610226102,41.48305555794557],[-71.296234100141,41.484773677326764],[-71.30341268812688,41.45470658815587],[-71.33930562805628,41.4486931703217],[-71.34289492204923,41.495941453304525],[-71.28546621816218,41.57755212391123],[-71.25675186621866,41.63596818287182],[-71.19573386833868,41.67548492863928]]],[[[-71.36443068600686,41.660880913899135],[-71.34648421604216,41.66689433173331],[-71.30700198211981,41.622223227822275],[-71.32494845208451,41.61620980998809],[-71.36443068600686,41.660880913899135]]],[[[-71.40032362593625,41.460720005990055],[-71.37878786197862,41.50453205021049],[-71.39314503795038,41.52429042309422],[-71.37519856798568,41.573256825458245],[-71.36084139201392,41.55607563164631],[-71.36084139201392,41.48305555794557],[-71.40032362593625,41.460720005990055]]],[[[-71.61209197151972,41.160049114281136],[-71.57260973759738,41.22877388952889],[-71.55466326763268,41.21674705386053],[-71.55107397363973,41.15145851737517],[-71.61209197151972,41.160049114281136]]],[[[-71.85975325703257,41.31983421673216],[-71.83103890508904,41.34474694775947],[-71.84180678706787,41.41003548424484],[-71.7987352591526,41.41690796176961],[-71.78796737717377,41.59645143710436],[-71.78796737717377,41.7253103906939],[-71.7987352591526,41.91602164200641],[-71.7987352591526,42.007941028900284],[-71.38237715597155,42.019108804878044],[-71.38237715597155,41.892827030360294],[-71.33930562805628,41.89798138850388],[-71.34648421604216,41.82839755356553],[-71.32853774607746,41.780290210892105],[-71.2603411602116,41.7519412411024],[-71.2244482202822,41.710706375953755],[-71.23521610226102,41.672048689876895],[-71.28546621816218,41.63682724256242],[-71.30700198211981,41.672907749567486],[-71.29264480614806,41.70297483873838],[-71.36084139201392,41.749364062030615],[-71.38955574395744,41.78372644965449],[-71.37160927399273,41.672907749567486],[-71.45057374183742,41.68751176430764],[-71.40750221392214,41.654008436374355],[-71.4039129199292,41.58957895957959],[-71.44698444784447,41.580129302983025],[-71.41827009590095,41.534599139381385],[-71.41827009590095,41.47274684165841],[-71.45416303583036,41.434089155581546],[-71.48287738777388,41.37137779816798],[-71.52594891568916,41.376532156311555],[-71.62285985349854,41.361069081880814],[-71.71977079130791,41.33186105240052],[-71.85616396303963,41.30608926168261],[-71.85975325703257,41.31983421673216]]]]}},{"type":"Feature","id":"CA-Quebec","properties":{"name":"Quebec","country":"CA"},"geometry":{"type":"MultiPolygon","coordinates":[[[[-78.019173,62.59193],[-77.867218,62.589161],[-77.837784,62.556938],[-78.103333,62.559158],[-78.107773,62.582771],[-78.019173,62.59193]]],[[[-69.182503,59.128601],[-69.198608,59.067211],[-69.132767,59.055271],[-69.221123,58.991661],[-69.223053,58.95332],[-69.290283,58.977211],[-69.35556,58.949711],[-69.278343,59.066669],[-69.357224,59.139721],[-69.275284,59.154991],[-69.182503,59.128601]]],[[[-79.496384,56.766941],[-79.486107,56.658039],[-79.523621,56.66721],[-79.567497,56.615269],[-79.583893,56.652771],[-79.549438,56.68111],[-79.551941,56.73193],[-79.589996,56.76833],[-79.58168,56.807209],[-79.496384,56.766941]]],[[[-78.900284,56.319439],[-79.061394,56.124439],[-79.210831,55.856098],[-79.188599,55.942211],[-78.986656,56.26749],[-78.983322,56.389721],[-79.055267,56.34444],[-79.100281,56.221371],[-79.04834,56.222759],[-79.061394,56.18832],[-79.283333,55.864441],[-79.133904,56.126659],[-79.150558,56.233051],[-79.243881,56.1511],[-79.360283,55.969711],[-79.493057,55.858891],[-79.636124,55.898609],[-79.785553,55.788891],[-79.474716,56.098331],[-79.513062,56.134991],[-79.597229,56.091381],[-79.877213,55.83194],[-79.906113,55.824711],[-79.947487,55.889992],[-80.024719,55.901379],[-79.74472,56.15638],[-79.529167,56.275551],[-79.475563,56.38055],[-79.456673,56.553322],[-79.419449,56.4436],[-79.480003,56.346378],[-79.491096,56.264439],[-79.609734,56.13166],[-79.427223,56.203049],[-79.301102,56.447208],[-79.269173,56.624989],[-79.252792,56.550831],[-79.133057,56.54277],[-79.075562,56.444149],[-78.928879,56.425831],[-78.908051,56.343048],[-78.951401,56.316101],[-78.900284,56.319439]]],[[[-79.555557,56.4986],[-79.701111,56.306381],[-79.986107,56.199711],[-80.109734,56.197769],[-80.044449,56.310822],[-79.869164,56.331669],[-79.877213,56.379162],[-79.698883,56.368881],[-79.614441,56.43166],[-79.585281,56.499161],[-79.543327,56.527771],[-79.555557,56.4986]]],[[[-78.660828,56.414711],[-78.676392,56.18111],[-78.933319,56.115551],[-78.916946,56.172489],[-78.825287,56.262772],[-78.845551,56.276661],[-78.809433,56.338879],[-78.832497,56.35083],[-78.731667,56.44054],[-78.667221,56.439709],[-78.660828,56.414711]]],[[[-79.009354,56.06361],[-78.957497,56.083599],[-78.948883,56.03722],[-79.002792,56.012772],[-78.934158,56.020271],[-79.002502,55.979988],[-79.054443,55.865551],[-79.135559,55.789162],[-79.030838,55.968601],[-79.009354,56.06361]]],[[[-63.492229,49.840832],[-62.944439,49.732208],[-62.510281,49.590832],[-62.39389,49.492222],[-62.25111,49.456661],[-62.20583,49.411381],[-61.875561,49.34499],[-61.661671,49.14444],[-61.70055,49.090271],[-61.81361,49.06694],[-62.242771,49.06221],[-62.456951,49.125549],[-63.09,49.228039],[-63.283329,49.317768],[-63.5825,49.387211],[-63.61972,49.492771],[-63.841942,49.63916],[-64.238602,49.751659],[-64.362778,49.82444],[-64.389999,49.789719],[-64.513901,49.863609],[-64.458618,49.900829],[-64.203613,49.950272],[-63.930828,49.885269],[-63.492229,49.840832]]],[[[-61.40778,47.641109],[-61.38055,47.62027],[-61.493061,47.55249],[-61.54945,47.553879],[-61.470551,47.61694],[-61.54195,47.61721],[-61.690109,47.534672],[-61.711842,47.518051],[-61.85556,47.41721],[-61.777222,47.43166],[-61.674999,47.535],[-61.59444,47.555271],[-61.701389,47.49194],[-61.763889,47.397491],[-61.829731,47.401661],[-61.860001,47.352489],[-61.933331,47.333328],[-61.9575,47.26194],[-61.908329,47.27277],[-61.81945,47.23333],[-61.783058,47.260551],[-61.79945,47.232769],[-61.85931,47.217739],[-62.009998,47.221371],[-61.928051,47.407211],[-61.535839,47.63166],[-61.40778,47.641109]]],[[[-70.814438,46.998329],[-70.904167,46.913601],[-71.13028,46.856098],[-70.896667,47.013329],[-70.836403,47.027771],[-70.814438,46.998329]]],[[[-57.10424,51.41267],[-57.208611,51.415821],[-57.247219,51.504169],[-57.60223,51.428051],[-57.581669,51.465271],[-57.67667,51.429989],[-57.684441,51.47694],[-57.748051,51.47221],[-57.76445,51.401661],[-57.800831,51.433331],[-58.021389,51.30888],[-58.227219,51.271381],[-58.26112,51.288052],[-58.249168,51.332771],[-58.283058,51.335819],[-58.29723,51.2686],[-58.430279,51.309719],[-58.580002,51.24416],[-58.628052,51.275551],[-58.61972,51.231659],[-58.667221,51.25639],[-58.68,51.234161],[-58.59222,51.184719],[-58.61861,51.153049],[-58.83778,51.0825],[-58.829731,51.041111],[-58.889999,50.992222],[-58.91333,51],[-58.89806,51.053879],[-59.00333,51.015549],[-58.952499,50.992489],[-58.958611,50.92194],[-58.939442,50.883331],[-58.975269,50.857769],[-58.948051,50.828331],[-59.029171,50.775551],[-59.015282,50.7486],[-59.087219,50.775269],[-59.09333,50.820831],[-59.055271,50.870831],[-59.098881,50.879429],[-59.118889,50.8036],[-59.193611,50.72971],[-59.256111,50.75972],[-59.268608,50.71249],[-59.350281,50.662769],[-59.423889,50.661381],[-59.404999,50.63472],[-59.454441,50.621929],[-59.58527,50.478039],[-59.816109,50.43388],[-59.881672,50.371658],[-59.853889,50.326099],[-59.814999,50.349159],[-59.833889,50.31916],[-59.948051,50.255001],[-60.114449,50.233051],[-60.134171,50.20388],[-60.132771,50.22971],[-60.17223,50.231659],[-60.14999,50.288601],[-60.243328,50.232208],[-60.26722,50.236111],[-60.23695,50.268051],[-60.274719,50.288891],[-60.291672,50.24527],[-60.360001,50.250832],[-60.35611,50.22332],[-60.448051,50.259441],[-60.583611,50.208328],[-60.61972,50.246941],[-60.666111,50.220268],[-60.748341,50.23444],[-60.788609,50.201099],[-60.840549,50.219151],[-60.792782,50.261669],[-60.934441,50.1936],[-61.02639,50.225819],[-61.112782,50.187771],[-61.15583,50.202221],[-61.162498,50.17749],[-61.297501,50.199162],[-61.720829,50.09193],[-61.783058,50.106941],[-61.59306,50.15527],[-61.577221,50.1861],[-61.790279,50.13361],[-61.849998,50.21249],[-62.21056,50.234161],[-62.397499,50.294441],[-62.44611,50.2575],[-62.73695,50.282211],[-62.712502,50.315269],[-62.805271,50.288601],[-62.963058,50.285549],[-62.994999,50.311939],[-63.163891,50.291382],[-63.159161,50.254711],[-63.358608,50.241661],[-63.394718,50.213329],[-63.488609,50.26194],[-63.597778,50.250832],[-63.812771,50.313049],[-64.162216,50.262211],[-64.455002,50.319439],[-64.872223,50.267208],[-64.91362,50.2925],[-65.189987,50.286659],[-65.258057,50.31889],[-65.713898,50.257221],[-65.952499,50.288891],[-66.056381,50.216099],[-66.093338,50.244438],[-66.089722,50.19138],[-66.235817,50.21888],[-66.369164,50.193321],[-66.441673,50.269161],[-66.543327,50.20805],[-66.527222,50.16972],[-66.42778,50.164711],[-66.459442,50.133049],[-66.638062,50.181381],[-66.61972,50.149158],[-66.741096,50.042221],[-66.958618,49.974709],[-66.963333,49.914711],[-67.037514,49.820831],[-67.073898,49.848049],[-67.151398,49.806938],[-67.179718,49.74527],[-67.163063,49.679722],[-67.198883,49.651661],[-67.238892,49.590549],[-67.233887,49.470268],[-67.386124,49.32222],[-67.569733,49.32999],[-67.809723,49.273609],[-67.957779,49.295269],[-68.11972,49.27166],[-68.156387,49.20166],[-68.299438,49.195541],[-68.19249,49.164711],[-68.189713,49.112209],[-68.325562,49.09972],[-68.408051,49.05555],[-68.444443,49.059719],[-68.367767,49.132771],[-68.443604,49.191662],[-68.404167,49.122761],[-68.606949,49.0425],[-68.643341,48.9561],[-68.696381,48.939991],[-68.642227,48.91666],[-68.787781,48.907768],[-68.95639,48.81583],[-68.96666,48.782768],[-69.060822,48.76749],[-69.142502,48.59499],[-69.231377,48.585548],[-69.29277,48.457771],[-69.43277,48.30777],[-69.57695,48.23999],[-69.683884,48.137772],[-69.810272,48.155819],[-69.959442,48.26944],[-70.151108,48.274441],[-70.373322,48.374161],[-70.684433,48.3811],[-70.761398,48.431938],[-70.98056,48.462212],[-71.070572,48.440109],[-70.969727,48.447208],[-70.785553,48.395828],[-70.887222,48.358601],[-70.864166,48.317211],[-70.768066,48.350552],[-70.464172,48.349159],[-70.272781,48.298328],[-70.180557,48.241379],[-69.936943,48.221931],[-69.860001,48.143879],[-69.730293,48.10944],[-69.925827,47.773048],[-70.139183,47.659161],[-70.206123,47.57666],[-70.225563,47.49638],[-70.5,47.43499],[-70.574173,47.274441],[-70.721657,47.101391],[-70.973618,47.00333],[-71.197487,46.852489],[-71.299156,46.742222],[-71.143623,46.844711],[-71.006119,46.847771],[-70.541382,47.002491],[-70.339172,47.152489],[-70.201401,47.312489],[-70.044159,47.390831],[-70.017776,47.487499],[-69.896393,47.541111],[-69.545837,47.8325],[-69.556381,47.866661],[-69.450562,47.97916],[-69.34111,48.01416],[-68.823334,48.36388],[-68.726936,48.37249],[-68.541382,48.451389],[-68.453613,48.53249],[-68.058609,48.691101],[-67.973618,48.695541],[-67.553047,48.85471],[-67.067497,48.96693],[-66.639183,49.120831],[-66.225014,49.200829],[-65.722229,49.227211],[-65.588058,49.260551],[-64.94249,49.214439],[-64.588058,49.112209],[-64.23555,48.910271],[-64.158051,48.7561],[-64.298889,48.823879],[-64.557503,48.880268],[-64.473328,48.832211],[-64.539436,48.821381],[-64.401108,48.81694],[-64.374161,48.787769],[-64.428329,48.774441],[-64.336937,48.75555],[-64.160004,48.622761],[-64.26973,48.60471],[-64.279167,48.554161],[-64.189163,48.520828],[-64.309433,48.463329],[-64.315552,48.419159],[-64.719162,48.338329],[-64.693604,48.3111],[-64.771393,48.196381],[-64.96611,48.18499],[-64.945831,48.143051],[-65.269997,48.012772],[-65.455566,48.000271],[-65.504181,48.048882],[-65.810547,48.116661],[-65.891678,48.171101],[-65.893341,48.21944],[-66.080002,48.096378],[-66.293327,48.113049],[-66.268066,48.095829],[-66.29361,48.063881],[-66.47084,48.119438],[-66.538063,48.05582],[-66.843697,47.996651],[-66.943604,47.963051],[-66.946953,47.899158],[-67.047234,47.93082],[-67.188599,47.883881],[-67.322777,47.896389],[-67.364166,47.841381],[-67.604172,47.9361],[-67.612213,47.99749],[-68.116096,48.001942],[-68.12027,47.926659],[-68.372772,47.924709],[-68.378052,47.65416],[-68.38028,47.558601],[-68.576111,47.424709],[-69.039711,47.29715],[-69.047478,47.421989],[-69.230789,47.4533],[-69.985458,46.69133],[-70.014633,46.57056],[-70.047089,46.426079],[-70.191544,46.334801],[-70.283974,46.190208],[-70.229797,46.137402],[-70.305328,46.06662],[-70.280502,46.05312],[-70.310783,45.968739],[-70.247948,45.94458],[-70.254448,45.89896],[-70.416687,45.79026],[-70.396873,45.722],[-70.55275,45.660622],[-70.72039,45.512909],[-70.635406,45.391918],[-70.797447,45.425129],[-70.829613,45.390678],[-70.813148,45.35463],[-70.843361,45.278091],[-70.87693,45.225399],[-70.959862,45.338821],[-71.08799,45.301418],[-71.153572,45.237919],[-71.297707,45.293449],[-71.386864,45.23489],[-71.447037,45.236038],[-71.403,45.202759],[-71.430893,45.116951],[-71.503471,45.059841],[-71.505836,45.013309],[-71.902328,45.00729],[-72.547668,45.005329],[-73.188972,45.00845],[-73.345154,45.0061],[-74.021927,44.990799],[-74.736481,44.99287],[-74.506393,45.071659],[-74.433609,45.149441],[-74.324722,45.201099],[-74.479172,45.316669],[-74.396667,45.564159],[-74.646118,45.635551],[-74.875839,45.64159],[-75.453339,45.523609],[-75.847229,45.37249],[-76.076683,45.513889],[-76.184433,45.521099],[-76.337784,45.45583],[-76.607773,45.55249],[-76.666397,45.590549],[-76.710564,45.712769],[-76.783333,45.76194],[-76.804718,45.864719],[-76.910553,45.889992],[-76.920837,45.806381],[-77.002792,45.790279],[-77.206123,45.877209],[-77.278877,45.937771],[-77.321953,46.026661],[-77.554993,46.151932],[-77.680557,46.183601],[-78.703613,46.337212],[-78.75528,46.400539],[-78.950562,46.511669],[-79.155563,46.812489],[-79.305557,46.94054],[-79.443878,47.11055],[-79.439438,47.26527],[-79.576401,47.441929],[-79.511322,47.565571],[-79.519012,48.605289],[-79.520683,48.764679],[-79.537613,50.958599],[-79.355827,50.777489],[-79.348053,50.73193],[-79.330002,50.758331],[-79.383987,50.836269],[-79.421944,50.880859],[-79.537804,50.982368],[-79.539436,51.191662],[-79.547096,51.460129],[-79.508347,51.468601],[-79.551392,51.553051],[-79.353882,51.656101],[-79.239723,51.634991],[-79.285278,51.562489],[-79.274719,51.530548],[-79.127487,51.538052],[-79.024437,51.476379],[-78.938316,51.285831],[-78.951401,51.215549],[-78.844727,51.163601],[-78.920547,51.231098],[-78.904449,51.305271],[-78.823624,51.34943],[-78.888344,51.39666],[-78.763634,51.486382],[-78.688599,51.48444],[-78.820282,51.51305],[-78.804001,51.61021],[-78.943047,51.658878],[-78.938316,51.694439],[-79.033333,51.776379],[-78.836937,51.841381],[-78.894173,51.93832],[-78.747772,51.97332],[-78.695831,52.008049],[-78.704178,52.0536],[-78.638062,52.057209],[-78.648064,52.085819],[-78.579453,52.111382],[-78.537514,52.18082],[-78.556381,52.23555],[-78.405838,52.23777],[-78.451683,52.271381],[-78.556664,52.272221],[-78.497223,52.358601],[-78.544159,52.435822],[-78.506958,52.460548],[-78.566391,52.485271],[-78.545273,52.514721],[-78.763344,52.564442],[-78.69194,52.5961],[-78.730003,52.615002],[-78.725281,52.648048],[-78.778877,52.653599],[-78.754997,52.695271],[-78.820847,52.703609],[-78.771393,52.709721],[-78.783333,52.734718],[-78.850281,52.764721],[-78.724716,52.785549],[-78.728882,52.823879],[-78.780838,52.81805],[-78.68721,52.87999],[-78.85611,52.877769],[-78.899727,52.922771],[-78.864723,52.963612],[-78.786667,52.96944],[-78.826111,52.978039],[-78.845551,53.01194],[-78.983063,53.023609],[-78.918327,53.052769],[-78.974716,53.069439],[-78.915558,53.165272],[-78.944443,53.182499],[-78.905563,53.191929],[-78.92749,53.218601],[-78.888062,53.224709],[-78.920273,53.247768],[-78.895844,53.26527],[-78.956673,53.283611],[-78.941101,53.379162],[-78.988052,53.4436],[-79.063316,53.43943],[-79.051392,53.457211],[-79.110283,53.502491],[-79.012787,53.531109],[-79.041382,53.50555],[-79.001404,53.490829],[-78.959167,53.51416],[-79.031113,53.560822],[-78.915833,53.560551],[-78.984734,53.614719],[-79.063049,53.596939],[-79.003342,53.641659],[-79.04361,53.6675],[-79.011124,53.683601],[-79.151398,53.70499],[-79.036392,53.72971],[-79.067497,53.764439],[-79.042503,53.784721],[-79.06778,53.80249],[-79.020554,53.821941],[-79.046951,53.835548],[-78.901398,53.815269],[-79.0625,53.856659],[-79.059998,53.889721],[-79.101669,53.909988],[-78.993332,53.91193],[-79.136398,53.956661],[-79.033073,53.946381],[-79.093887,53.963329],[-79.044724,53.974991],[-79.097778,53.97887],[-79.001099,53.999989],[-78.964951,53.997162],[-78.976669,54.01833],[-79.077499,54.037498],[-79.126938,54.081108],[-79.286942,54.082211],[-79.175278,54.086651],[-79.16777,54.117771],[-79.116386,54.10305],[-79.130829,54.124989],[-79.098053,54.12888],[-79.138344,54.144711],[-79.048889,54.183331],[-79.205841,54.154991],[-79.379707,54.1936],[-79.283333,54.248878],[-79.402222,54.263611],[-79.438599,54.276379],[-79.419159,54.30138],[-79.461121,54.304161],[-79.472778,54.364441],[-79.506958,54.370831],[-79.446663,54.416939],[-79.501404,54.421379],[-79.488052,54.458599],[-79.548607,54.504711],[-79.524719,54.523048],[-79.602783,54.555271],[-79.521393,54.587212],[-79.576401,54.60944],[-79.630547,54.57111],[-79.596657,54.63916],[-79.675552,54.62582],[-79.662514,54.66777],[-79.761124,54.658329],[-79.636124,54.698879],[-79.62999,54.740551],[-79.619164,54.711109],[-79.240829,54.81221],[-78.976669,54.843048],[-78.862778,54.9086],[-78.335564,55.03944],[-77.760277,55.287769],[-77.65834,55.37027],[-77.214722,55.595268],[-77.086121,55.705551],[-77.18306,55.689709],[-76.840286,55.928879],[-76.797501,55.990269],[-76.658051,56.060822],[-76.619453,56.185822],[-76.53833,56.297779],[-76.51889,56.406101],[-76.505569,56.803051],[-76.555832,57.035],[-76.529716,57.105831],[-76.653061,57.401379],[-76.811394,57.62471],[-76.806107,57.669159],[-77.147232,58.02277],[-77.487503,58.165272],[-77.444153,58.187771],[-77.609444,58.269989],[-78.012512,58.378601],[-78.013062,58.413052],[-78.074173,58.454441],[-78.120003,58.446941],[-78.268623,58.519161],[-78.397232,58.620831],[-78.426102,58.606098],[-78.327499,58.53722],[-78.383904,58.54166],[-78.47139,58.61166],[-78.568619,58.614441],[-78.549438,58.660271],[-78.570007,58.67305],[-78.467216,58.70166],[-78.549438,58.767769],[-78.495003,58.77721],[-78.488052,58.820831],[-78.549438,58.91082],[-78.530289,58.938881],[-78.570557,58.96138],[-78.450844,58.909988],[-78.43721,58.952221],[-78.361656,58.958599],[-78.363892,58.912491],[-78.338333,58.912769],[-78.245003,58.99194],[-78.316963,58.98555],[-78.269173,59.016941],[-78.283333,59.049999],[-78.205566,59.050541],[-78.21611,59.106941],[-78.178329,59.08527],[-78.127487,59.10833],[-78.153343,59.15221],[-78.08667,59.156651],[-78.092773,59.215],[-77.828888,59.281109],[-77.890839,59.310822],[-77.778061,59.32333],[-77.764717,59.351662],[-77.800827,59.368599],[-77.684998,59.39333],[-77.779167,59.426102],[-77.912514,59.415272],[-77.848618,59.446098],[-77.867493,59.5],[-77.72139,59.539719],[-77.712784,59.620831],[-77.801102,59.67527],[-77.741943,59.691101],[-77.773903,59.709721],[-77.670273,59.674438],[-77.570282,59.69582],[-77.473053,59.634991],[-77.454178,59.579159],[-77.313889,59.564991],[-77.440552,59.59972],[-77.452499,59.663052],[-77.541672,59.688881],[-77.491943,59.71249],[-77.533073,59.754711],[-77.472504,59.742771],[-77.43277,59.784161],[-77.29361,59.79361],[-77.363617,59.890831],[-77.42749,59.914711],[-77.300278,59.965],[-77.323059,59.98888],[-77.236389,59.994709],[-77.313889,60.012501],[-77.206947,60.04277],[-77.189987,60.086109],[-77.059433,60.062771],[-76.958054,60.10305],[-76.858887,60.101101],[-76.788597,60.068329],[-76.833618,60.115002],[-76.758904,60.159161],[-76.924438,60.11166],[-77.199997,60.150829],[-77.105003,60.108601],[-77.259171,60.11805],[-77.232498,60.053879],[-77.315826,60.030548],[-77.358047,60.060822],[-77.433319,60.036381],[-77.630829,60.065269],[-77.558037,60.126659],[-77.406387,60.130268],[-77.551392,60.19471],[-77.470284,60.213329],[-77.573624,60.25972],[-77.543327,60.285831],[-77.623322,60.26833],[-77.602783,60.32999],[-77.743607,60.39333],[-77.740829,60.423611],[-77.574448,60.502491],[-77.553879,60.542221],[-77.41333,60.544159],[-77.549438,60.571381],[-77.670273,60.549721],[-77.833893,60.639431],[-77.607773,60.758331],[-77.745003,60.76416],[-77.511673,60.83638],[-77.890289,60.75],[-77.858337,60.791939],[-77.965843,60.791382],[-77.896393,60.828049],[-78.190552,60.788891],[-78.159439,60.86721],[-77.946663,61.004711],[-77.811111,61.052219],[-77.790283,61.151379],[-77.694443,61.20277],[-77.752228,61.229431],[-77.719162,61.26527],[-77.79277,61.45388],[-77.700287,61.426102],[-77.678879,61.461109],[-77.560547,61.468048],[-77.54834,61.486111],[-77.670273,61.519161],[-77.621109,61.5611],[-77.474716,61.54166],[-77.631943,61.579441],[-77.589172,61.604439],[-77.710564,61.605831],[-77.785828,61.700001],[-77.898903,61.686378],[-78.006119,61.733051],[-78.003067,61.77972],[-78.08139,61.865829],[-78.08139,61.951099],[-78.137787,62.009159],[-78.161667,62.169159],[-78.155838,62.278332],[-78.023903,62.39333],[-77.70195,62.470268],[-77.486938,62.590271],[-77.418327,62.58971],[-77.374161,62.551929],[-77.04834,62.519161],[-76.948883,62.535831],[-76.143066,62.379162],[-76.097778,62.340549],[-75.949722,62.350269],[-75.645844,62.291939],[-75.592216,62.264439],[-75.836937,62.187771],[-75.894997,62.1586],[-75.82695,62.158878],[-75.486938,62.296391],[-75.321953,62.3111],[-75.152496,62.284721],[-75.152786,62.227489],[-75.066673,62.26833],[-74.928329,62.249161],[-74.765007,62.14444],[-74.556381,62.10471],[-74.751106,62.191101],[-74.72583,62.244999],[-74.410004,62.251389],[-74.280563,62.321659],[-74,62.358051],[-73.868057,62.458328],[-73.678879,62.479988],[-73.5625,62.377769],[-73.387512,62.36916],[-73.211403,62.312771],[-73.204178,62.261379],[-73.063606,62.182499],[-72.903877,62.142769],[-72.94249,62.11805],[-72.784439,62.106941],[-72.815002,62.137772],[-72.736938,62.14333],[-72.626663,62.115551],[-72.617493,62.09193],[-72.661942,62.05666],[-72.596123,62.04916],[-72.618332,62.033611],[-72.604446,61.9711],[-72.678879,61.949429],[-72.680832,61.900269],[-72.794197,61.834751],[-72.66806,61.879162],[-72.669159,61.847771],[-72.596123,61.80555],[-72.636124,61.90221],[-72.59584,61.94276],[-72.205841,61.863331],[-72.12999,61.79916],[-72.200287,61.789162],[-72.224716,61.751659],[-72.145844,61.75388],[-72.061661,61.73555],[-71.99028,61.67638],[-72.087784,61.598881],[-72.236656,61.619438],[-72.303329,61.567211],[-72.210831,61.598331],[-72.08371,61.582458],[-71.980293,61.599998],[-71.933609,61.663601],[-71.958054,61.70694],[-71.675278,61.658878],[-71.571671,61.605549],[-71.549438,61.55888],[-71.855003,61.530548],[-71.789436,61.521931],[-71.795273,61.492489],[-71.746948,61.465832],[-71.887787,61.43082],[-71.585281,61.406651],[-71.689163,61.36832],[-71.822777,61.372761],[-71.792503,61.357498],[-71.818619,61.346661],[-71.664436,61.32777],[-71.72583,61.285831],[-71.598892,61.254169],[-71.62999,61.204708],[-71.569458,61.214439],[-71.578339,61.15527],[-71.512222,61.161659],[-71.530838,61.213612],[-71.473328,61.223049],[-71.370003,61.118599],[-71.361389,61.14777],[-71.215843,61.16777],[-71.193329,61.115829],[-71.174713,61.139992],[-71.011398,61.121658],[-70.928329,61.102489],[-70.936111,61.073051],[-70.818069,61.064442],[-70.767227,61.048328],[-70.780563,61.078331],[-70.751404,61.082211],[-70.656387,61.050541],[-70.676941,61.02166],[-70.547501,61.0075],[-70.566391,61.040829],[-70.527222,61.060822],[-70.426392,61.023319],[-70.444992,61.053879],[-70.410004,61.05471],[-70.41362,61.086651],[-70.351936,61.061378],[-70.326401,61.09388],[-70.246658,61.067501],[-70.146118,61.084721],[-70.107773,61.059719],[-70.159729,61.014439],[-70.09639,61.009991],[-70.114441,60.985271],[-70.085831,60.95499],[-70.088058,60.89777],[-70.147781,60.87999],[-70.067497,60.875271],[-70.061111,60.84444],[-69.92749,60.80777],[-69.849731,60.846661],[-69.93306,60.850552],[-69.756958,60.91888],[-69.740547,60.881378],[-69.658623,60.876942],[-69.64389,60.90332],[-69.689713,60.961658],[-69.656662,61.0536],[-69.599991,61.08194],[-69.51445,61.069439],[-69.426392,60.923611],[-69.366096,60.90694],[-69.391113,60.871929],[-69.368607,60.8111],[-69.71611,60.68277],[-69.685822,60.64444],[-69.696663,60.598049],[-69.656952,60.574711],[-69.826111,60.525551],[-69.748894,60.461658],[-69.776398,60.415539],[-69.730003,60.404991],[-69.722504,60.364159],[-69.768066,60.31221],[-69.606377,60.232769],[-69.651108,60.183331],[-69.594162,60.18082],[-69.62471,60.067501],[-69.7164,60.04166],[-69.841949,60.063049],[-69.841377,60.023048],[-69.770279,60.001942],[-69.794037,59.98941],[-70.33168,60.028332],[-70.315002,60.005001],[-70.556953,59.992771],[-71.030563,60.061939],[-70.566963,59.968601],[-70.227219,59.98666],[-70.061394,59.944988],[-69.726936,59.963612],[-69.717499,59.923882],[-69.759171,59.902489],[-69.562767,59.86805],[-69.612213,59.784439],[-69.545837,59.763611],[-69.654167,59.697769],[-69.519447,59.653049],[-69.571953,59.590271],[-69.679443,59.56361],[-69.748337,59.509991],[-69.759453,59.481098],[-69.697487,59.480549],[-69.645279,59.419159],[-69.66777,59.386662],[-69.631378,59.374989],[-69.758347,59.320271],[-69.631104,59.298882],[-69.412514,59.355],[-69.362503,59.339989],[-69.367218,59.307499],[-69.249733,59.323608],[-69.266403,59.283329],[-69.235001,59.239429],[-69.29277,59.208328],[-69.371933,59.240551],[-69.373894,59.18943],[-69.419159,59.19249],[-69.420837,59.223049],[-69.470284,59.213879],[-69.540283,59.166382],[-69.533073,59.110821],[-69.501709,59.106331],[-69.463058,59.129429],[-69.344162,59.091099],[-69.439713,59.02277],[-69.506958,59.069721],[-69.454178,58.89222],[-69.518341,58.885551],[-69.547501,58.808041],[-69.670837,58.792221],[-69.71611,58.864719],[-69.672234,58.89138],[-69.671661,58.93055],[-69.711937,58.91888],[-69.709442,58.972759],[-69.756668,58.98999],[-69.78833,58.96693],[-69.869164,59.053051],[-69.861107,58.984989],[-69.895554,58.957771],[-69.80722,58.931938],[-69.797501,58.82888],[-69.898354,58.873322],[-69.899986,58.82777],[-70.25,58.769711],[-70.036392,58.733601],[-69.919724,58.77388],[-69.925003,58.69249],[-69.79834,58.704708],[-69.876663,58.643608],[-69.813049,58.589161],[-69.700287,58.697208],[-69.642776,58.695541],[-69.608047,58.754711],[-69.507507,58.774712],[-69.348892,58.871658],[-69.12999,58.901661],[-68.889183,58.876942],[-68.763062,58.921101],[-68.390694,58.81171],[-68.355827,58.774441],[-68.380547,58.697769],[-68.326683,58.664711],[-68.348343,58.600552],[-68.274437,58.590549],[-68.288887,58.524712],[-68.193604,58.540829],[-68.223587,58.397831],[-68.31723,58.241661],[-68.344162,58.127491],[-68.46666,58.045551],[-68.964722,57.95916],[-69.202499,57.868599],[-69.369049,57.765251],[-68.951401,57.938599],[-68.404167,58.039719],[-68.313606,58.10305],[-68.303329,58.195541],[-68.23056,58.25555],[-68.168327,58.414711],[-68.171387,58.48999],[-68.125397,58.526058],[-68.026672,58.51305],[-68.003342,58.576389],[-67.959167,58.558041],[-67.958344,58.51194],[-67.896118,58.500549],[-67.923317,58.403049],[-67.855827,58.314991],[-67.897232,58.25333],[-68.09584,58.138599],[-68.128326,58.073608],[-68.006668,58.131939],[-67.954453,58.211941],[-67.861656,58.232208],[-67.801392,58.296661],[-67.830566,58.331379],[-67.787514,58.464439],[-67.731949,58.461941],[-67.667503,58.42749],[-67.707497,58.383049],[-67.693047,58.354439],[-67.737213,58.326939],[-67.730827,58.283611],[-67.642776,58.2486],[-67.703056,58.16193],[-67.671661,58.070831],[-67.735817,57.966381],[-67.709732,57.923321],[-67.708344,57.982491],[-67.635559,58.04277],[-67.65361,58.122761],[-67.481377,58.27388],[-67.378883,58.276939],[-67.16861,58.37804],[-67.090561,58.350552],[-67.056381,58.388889],[-67.077499,58.4175],[-67.011398,58.424709],[-66.944153,58.501942],[-66.876938,58.47916],[-66.898064,58.445271],[-66.846657,58.426659],[-66.804443,58.493881],[-66.618607,58.48777],[-66.669449,58.53194],[-66.620827,58.54694],[-66.621109,58.60471],[-66.583618,58.631939],[-66.599167,58.673321],[-66.563606,58.673321],[-66.551941,58.71138],[-66.458893,58.721661],[-66.489723,58.75444],[-66.465012,58.819988],[-66.349991,58.843048],[-66.11055,58.720539],[-66.072243,58.650829],[-65.999161,58.65443],[-65.985947,58.622162],[-65.935822,58.60471],[-66.021393,58.495541],[-65.991096,58.40694],[-66.089447,58.365269],[-66.065552,58.320271],[-66.041672,58.36805],[-65.965012,58.391941],[-65.920273,58.44582],[-65.98056,58.483051],[-65.904999,58.52972],[-65.884171,58.58083],[-65.828613,58.572769],[-65.935547,58.643051],[-65.948608,58.682209],[-66.031387,58.689159],[-66.044998,58.755829],[-66.103882,58.773609],[-66.022507,58.86166],[-65.970001,58.826099],[-65.797501,58.847488],[-65.990829,58.899719],[-65.85083,58.946381],[-65.880829,59.010551],[-65.678047,58.926941],[-65.678329,58.963879],[-65.793327,59.005829],[-65.739723,59.018051],[-65.777496,59.029991],[-65.660278,59.044159],[-65.5,58.98333],[-65.58223,59.049721],[-65.317497,59.041382],[-65.54361,59.101101],[-65.638062,59.069439],[-65.715012,59.148331],[-65.684433,59.19305],[-65.737778,59.209991],[-65.743057,59.265831],[-65.676102,59.261108],[-65.591377,59.188042],[-65.610817,59.253052],[-65.492493,59.255001],[-65.565552,59.30138],[-65.570847,59.37804],[-65.357224,59.27721],[-65.444992,59.351391],[-65.430832,59.403599],[-65.383057,59.401661],[-65.49527,59.43388],[-65.469727,59.444149],[-65.542221,59.48999],[-65.188599,59.45916],[-65.126663,59.407768],[-64.983322,59.376381],[-65.22084,59.488331],[-65.411667,59.509441],[-65.54361,59.736382],[-65.468338,59.75972],[-65.495003,59.789989],[-65.371933,59.796391],[-65.381668,59.824169],[-65.333893,59.84721],[-65.152786,59.779991],[-64.983887,59.762772],[-65.211121,59.833599],[-65.231949,59.88583],[-65.133904,59.868599],[-65.20639,59.919991],[-65.148903,59.92305],[-65.138611,59.953049],[-65.066673,59.934429],[-65.12471,59.971661],[-65.063316,59.97694],[-65.126099,60.011108],[-65.12471,60.0425],[-65.071671,60.035271],[-65.026947,60.067501],[-65.0625,60.096939],[-64.988892,60.11694],[-64.993057,60.14888],[-64.943604,60.191101],[-64.874161,60.20583],[-64.955276,60.255829],[-64.861389,60.29694],[-64.835564,60.363331],[-64.641678,60.344711],[-64.534821,60.302601],[-64.853882,60.261669],[-64.851936,60.22332],[-64.767227,60.174999],[-64.637222,60.178329],[-64.598892,60.111111],[-64.734161,60.103321],[-64.702499,60.064991],[-64.796951,60.039719],[-64.906387,60.04805],[-64.847778,59.964161],[-64.65361,59.929989],[-64.661911,59.88361],[-64.767776,59.87999],[-64.744453,59.84499],[-64.814163,59.81889],[-64.773064,59.698879],[-64.82695,59.531109],[-64.700844,59.44582],[-64.432503,59.52943],[-64.340286,59.49638],[-64.5,59.433048],[-64.485001,59.396389],[-64.538063,59.3736],[-64.499161,59.33971],[-64.53833,59.285549],[-64.507507,59.25],[-64.534729,59.197491],[-64.493057,59.158878],[-64.493057,59.104439],[-64.365013,59.07333],[-64.291382,59.016659],[-64.415833,58.981098],[-64.656387,59.028599],[-64.720001,59.069988],[-64.829453,59.03249],[-64.864723,58.990551],[-64.838898,58.958599],[-64.878883,58.92749],[-64.809433,58.911098],[-64.718887,58.945271],[-64.568069,58.887211],[-64.300278,58.882488],[-64.258621,58.849998],[-64.257507,58.77943],[-64.156113,58.74527],[-63.999439,58.81916],[-63.841942,58.82972],[-63.766651,58.874081],[-63.588329,58.846378],[-63.480549,58.7486],[-63.574169,58.715832],[-64.051102,58.676102],[-64.097504,58.60722],[-64.084167,58.55555],[-64.022507,58.52055],[-63.886951,58.563049],[-63.81945,58.471371],[-64.156387,58.348331],[-64.21167,58.23555],[-64.398064,58.18166],[-64.431953,58.086109],[-64.208618,58.033329],[-64.214447,57.977489],[-64.057503,57.76944],[-64.022507,57.771381],[-64.006668,57.812771],[-63.92667,57.797218],[-63.891941,57.73027],[-63.825562,57.690269],[-63.765282,57.732769],[-63.70055,57.662769],[-63.653332,57.731098],[-63.595829,57.734161],[-63.60722,57.663601],[-63.721378,57.602489],[-63.765011,57.573879],[-63.763889,57.482491],[-63.709721,57.37249],[-63.836941,57.325829],[-63.87611,57.242771],[-63.855282,57.193878],[-63.81472,57.27972],[-63.741112,57.232769],[-63.7925,57.165272],[-63.78751,57.111938],[-63.873611,57.06638],[-63.863331,56.992771],[-63.917782,56.930271],[-63.87138,56.87804],[-64.00528,56.850552],[-63.992229,56.785831],[-64.083618,56.765549],[-64.12944,56.71027],[-63.945,56.549721],[-63.942219,56.479431],[-63.87138,56.43943],[-63.97472,56.412769],[-64.169724,56.427769],[-64.114166,56.39027],[-64.105827,56.331379],[-64.136673,56.3036],[-64.08667,56.259159],[-63.97472,56.259159],[-63.876949,56.217209],[-64.010834,56.159988],[-64.020279,56.076389],[-63.847778,56.12027],[-63.880001,56.076939],[-63.79084,56.039162],[-63.445,56.02277],[-63.69416,55.942211],[-63.715279,55.859161],[-63.488331,55.696659],[-63.448051,55.59943],[-63.29834,55.523319],[-63.144169,55.526379],[-63.176392,55.419441],[-63.095829,55.349998],[-63.176571,55.296539],[-63.519451,55.183601],[-63.566109,55.060268],[-63.435268,54.973598],[-63.66917,54.612209],[-63.976189,54.626461],[-64.325562,54.751942],[-64.404327,54.75251],[-64.552223,54.720539],[-64.811661,54.749161],[-65.121933,54.69471],[-65.443878,54.745831],[-65.689987,54.713329],[-65.835281,54.831379],[-65.858337,54.907768],[-65.957779,54.92944],[-66.035004,54.90971],[-66.23999,54.99194],[-66.576401,55.250549],[-66.681953,55.25333],[-66.688049,55.301102],[-66.77861,55.338879],[-66.844162,55.326099],[-66.688889,55.204159],[-66.740829,55.17749],[-66.765839,55.105549],[-66.65976,54.978031],[-66.732773,54.94833],[-66.678329,54.894161],[-66.605003,54.790829],[-66.712219,54.78194],[-66.698608,54.742222],[-66.738602,54.732769],[-66.946953,54.801659],[-67.028061,54.89777],[-67.297783,55.008049],[-67.273903,55.066669],[-67.428329,55.07111],[-67.453056,55.018879],[-67.362213,54.87582],[-67.263344,54.825272],[-67.30777,54.783878],[-67.184998,54.71944],[-67.213898,54.66888],[-67.036392,54.621658],[-67.219452,54.607498],[-67.305557,54.504169],[-67.492493,54.58194],[-67.601387,54.56638],[-67.633057,54.479988],[-67.586121,54.4175],[-67.59584,54.365269],[-67.49472,54.314442],[-67.531677,54.248878],[-67.485001,54.234161],[-67.637222,54.174999],[-67.781952,54.063881],[-67.738441,54.000011],[-67.609161,53.928051],[-67.588058,53.85722],[-67.430557,53.778332],[-67.491943,53.603882],[-67.141953,53.542221],[-67.128883,53.464161],[-67.068619,53.4286],[-67.06778,53.384159],[-66.987503,53.403599],[-66.910004,53.340271],[-66.991669,53.195271],[-66.948608,53.109718],[-66.979446,53.027771],[-67.078056,52.94804],[-67.058327,52.804989],[-67.092773,52.72971],[-67.067497,52.699429],[-66.891388,52.673321],[-66.87471,52.747768],[-66.813316,52.66415],[-66.66806,52.725819],[-66.648064,52.94582],[-66.525284,52.943321],[-66.476936,53.034161],[-66.345551,52.974159],[-66.26973,52.877491],[-66.378883,52.836109],[-66.328339,52.736938],[-66.433884,52.706379],[-66.43222,52.611382],[-66.373611,52.5425],[-66.446663,52.530819],[-66.358047,52.406651],[-66.458618,52.3661],[-66.486656,52.312489],[-66.438889,52.200829],[-66.335564,52.136379],[-66.303879,52.222759],[-66.319733,52.289162],[-66.275558,52.311661],[-66.173889,52.220539],[-66.068069,52.216381],[-66.063889,52.11832],[-65.916946,52.050831],[-65.801666,52.04277],[-65.799438,52.095539],[-65.758621,52.111382],[-65.56723,52.046661],[-65.538597,52.123878],[-65.453613,52.20805],[-65.108612,52.17083],[-64.853333,52.021931],[-64.84584,51.93082],[-64.587784,51.82888],[-64.593887,51.796101],[-64.718063,51.747768],[-64.703056,51.69276],[-64.604172,51.642769],[-64.581123,51.55777],[-64.44249,51.66777],[-64.264183,51.739719],[-64.357224,51.850552],[-64.317497,51.903599],[-64.330841,51.965271],[-64.274437,52.00333],[-64.293327,52.046391],[-64.257782,52.12804],[-64.115829,52.151379],[-64.131378,52.28138],[-64.08168,52.37249],[-64.208893,52.548882],[-64.175278,52.60944],[-64.202217,52.672218],[-64.156662,52.738331],[-64.201401,52.790829],[-64.172501,52.85083],[-64.080841,52.881378],[-63.959999,52.867771],[-63.982769,52.933601],[-63.919449,52.97694],[-63.923611,53.077221],[-63.693329,53.113609],[-63.634731,53.094151],[-63.62611,53.042221],[-63.54195,52.970829],[-63.595829,52.770771],[-63.423061,52.707211],[-63.377781,52.650829],[-63.839722,52.61805],[-63.971378,52.570831],[-64.08168,52.470539],[-64.027496,52.433048],[-63.976391,52.458599],[-63.930279,52.41777],[-63.92445,52.383881],[-64.013062,52.387211],[-63.987499,52.362499],[-63.941269,52.264],[-63.65535,52.124359],[-63.637779,52.039989],[-63.824718,52.070549],[-63.75111,51.999722],[-57.367771,51.999439],[-57.101109,52],[-57.10424,51.41267]]]]}},{"type":"Feature","id":"CA-Newfoundland-and-Labrador","properties":{"name":"Newfoundland and Labrador","country":"CA"},"geometry":{"type":"MultiPolygon","coordinates":[[[[-55.88306,53.486382],[-55.729439,53.450272],[-55.79528,53.458328],[-55.774441,53.41444],[-55.817219,53.41777],[-55.801392,53.39249],[-55.971661,53.44582],[-55.88306,53.486382]]],[[[-55.466942,50.784161],[-55.557499,50.701389],[-55.653049,50.727211],[-55.61916,50.791382],[-55.589161,50.772491],[-55.46278,50.80582],[-55.466942,50.784161]]],[[[-54.08112,49.736382],[-53.98167,49.649441],[-54.257778,49.566669],[-54.293331,49.580551],[-54.303329,49.670269],[-54.25528,49.672489],[-54.28278,49.71666],[-54.215279,49.720829],[-54.19194,49.674999],[-54.148338,49.74749],[-54.08112,49.736382]]],[[[-54.52972,49.633881],[-54.576672,49.558601],[-54.727219,49.528332],[-54.739441,49.490269],[-54.871941,49.487499],[-54.807499,49.517208],[-54.884171,49.546101],[-54.891941,49.590549],[-54.793331,49.602779],[-54.788342,49.55777],[-54.743889,49.544998],[-54.62722,49.633049],[-54.620831,49.602779],[-54.536121,49.66415],[-54.52972,49.633881]]],[[[-53.564159,48.19054],[-53.509731,48.19833],[-53.512501,48.145271],[-53.553329,48.106941],[-53.53083,48.097771],[-53.634171,48.075272],[-53.85611,48.098049],[-53.935829,48.182499],[-53.906391,48.21027],[-53.850559,48.161381],[-53.765282,48.174709],[-53.68972,48.147221],[-53.564159,48.19054]]],[[[-55.927502,47.676659],[-55.93,47.639431],[-55.876389,47.61166],[-55.901939,47.602489],[-56.113621,47.644711],[-55.927502,47.676659]]],[[[-54.125,47.640831],[-54.243328,47.399441],[-54.364449,47.406651],[-54.262218,47.474709],[-54.205559,47.546391],[-54.240002,47.558041],[-54.172779,47.621101],[-54.17194,47.585548],[-54.135281,47.668049],[-54.125,47.640831]]],[[[-64.631828,60.35746],[-64.790283,60.391109],[-64.867493,60.450272],[-64.85611,60.473881],[-64.639999,60.484718],[-64.525558,60.413319],[-64.532227,60.374161],[-64.47084,60.405819],[-64.426941,60.401379],[-64.427673,60.372929],[-64.478333,60.334431],[-64.423607,60.28249],[-64.631828,60.35746]]],[[[-64.534821,60.302601],[-64.384171,60.238331],[-64.613052,60.28944],[-64.759453,60.231098],[-64.554169,60.262772],[-64.463333,60.22694],[-64.562767,60.17305],[-64.405563,60.220268],[-64.426666,60.19249],[-64.376938,60.160549],[-64.486938,60.115551],[-64.469162,60.082771],[-64.627487,60.070831],[-64.827499,59.986382],[-64.603333,60.051659],[-64.45639,60.059429],[-64.373894,60.1236],[-64.371933,60.073051],[-64.416397,60.06332],[-64.371109,60.04361],[-64.389183,60.01416],[-64.588608,60.001942],[-64.398064,59.971661],[-64.396957,59.937771],[-64.499443,59.891659],[-64.363327,59.922489],[-64.330002,59.984161],[-64.224442,59.99527],[-64.325287,60.015831],[-64.314713,60.05138],[-64.173607,60.028332],[-64.150284,59.985271],[-64.294449,59.948601],[-64.186394,59.91972],[-64.259743,59.872219],[-64.126099,59.896099],[-64.177223,59.785549],[-64.261948,59.789162],[-64.254997,59.75666],[-64.163887,59.684158],[-63.956669,59.689991],[-63.96611,59.658878],[-63.923889,59.653599],[-64.047501,59.635269],[-64.122498,59.519711],[-64.040833,59.5536],[-63.997219,59.626659],[-63.863621,59.601662],[-63.98,59.505268],[-63.87138,59.56638],[-63.7225,59.513889],[-63.799728,59.41666],[-64.000557,59.41444],[-64.06221,59.382488],[-63.763889,59.38805],[-63.755562,59.358051],[-63.71167,59.365269],[-63.805828,59.240269],[-63.741112,59.25639],[-63.64999,59.362499],[-63.54306,59.348049],[-63.534729,59.264439],[-63.637779,59.218601],[-63.605282,59.209721],[-63.380001,59.283878],[-63.45084,59.240829],[-63.431671,59.22443],[-63.462219,59.1936],[-63.376659,59.213329],[-63.366661,59.186378],[-63.42556,59.126381],[-63.551392,59.084431],[-63.76778,59.04916],[-63.934441,59.081108],[-64.047234,59.01944],[-63.898891,59.05666],[-63.91222,59.000549],[-63.868328,58.95332],[-63.86916,59.031658],[-63.527222,59.030548],[-63.372768,59.101101],[-63.125,59.055271],[-63.175282,59.026939],[-63.336109,59.02499],[-63.224998,59.001389],[-63.304169,58.94249],[-63.173061,58.97971],[-63.170559,58.954708],[-63.226391,58.939709],[-63.160549,58.92638],[-63.325001,58.855831],[-63.15778,58.873322],[-63.182781,58.833599],[-63.160278,58.823051],[-63.071949,58.902771],[-62.994999,58.885551],[-63.053329,58.859161],[-62.924171,58.821381],[-62.90527,58.789989],[-62.918331,58.74527],[-63.04084,58.707771],[-62.867771,58.71138],[-62.843609,58.659431],[-62.917221,58.630821],[-62.915829,58.600269],[-63.16917,58.503052],[-63.439991,58.51833],[-63.52417,58.470829],[-63.385281,58.488331],[-63.34333,58.4561],[-63.589439,58.300831],[-63.264721,58.463051],[-63.089722,58.458328],[-63.151939,58.373878],[-63.050549,58.450272],[-63.015011,58.42527],[-62.80444,58.492222],[-62.77528,58.451099],[-62.745281,58.49361],[-62.589439,58.499722],[-62.556389,58.478039],[-62.650551,58.408329],[-62.61972,58.376942],[-62.623051,58.30444],[-62.858608,58.262501],[-62.90527,58.209991],[-62.832779,58.251659],[-62.658611,58.270271],[-62.59277,58.2486],[-62.582779,58.21693],[-62.661381,58.17305],[-63.074718,58.151379],[-63.012218,58.135551],[-63.023891,58.118881],[-63.21167,58.062489],[-63.132221,58.058331],[-63.15583,58.026939],[-63.340839,57.979988],[-63.12888,57.997768],[-63.089161,58.06221],[-62.838051,58.145],[-62.846111,58.118881],[-62.709438,58.14249],[-62.652222,58.118599],[-62.57362,58.164711],[-62.554722,58.121101],[-62.52306,58.1661],[-62.452782,58.17527],[-62.531391,58.095268],[-62.50639,58.055271],[-62.46674,58.102371],[-62.368889,58.11166],[-62.426392,58.081379],[-62.38612,58.07222],[-62.388889,58.042221],[-62.33556,58.067501],[-62.309719,58.028599],[-62.386669,57.993881],[-62.528339,58.00555],[-62.672779,57.929989],[-62.456951,57.967491],[-62.423611,57.957771],[-62.408611,57.865551],[-62.34222,57.975819],[-62.333611,57.90638],[-62.276661,57.950829],[-62.206108,57.907768],[-62.127491,57.968048],[-62.059719,57.89777],[-62.13805,57.835819],[-62.120831,57.800831],[-61.99667,57.772221],[-61.946949,57.71471],[-61.965839,57.687489],[-61.89333,57.66972],[-61.88306,57.637501],[-62.051392,57.588879],[-62.13612,57.528332],[-62.271938,57.533051],[-62.33556,57.456379],[-62.54528,57.50111],[-62.36528,57.41972],[-62.167221,57.464439],[-61.891392,57.41193],[-61.803051,57.358891],[-61.91972,57.365551],[-61.868328,57.3386],[-61.863892,57.285549],[-62.015839,57.24305],[-61.89555,57.211109],[-61.852501,57.165272],[-61.77306,57.19305],[-61.779171,57.148331],[-61.636391,57.232491],[-61.623329,57.215271],[-61.696659,57.153881],[-61.441669,57.148609],[-61.358341,57.08749],[-61.37944,57.05138],[-61.348339,57.025269],[-61.371941,56.995541],[-61.346111,56.951099],[-61.378052,56.982208],[-61.487782,56.981659],[-61.639999,56.883881],[-61.661381,56.809429],[-61.906391,56.795269],[-61.889999,56.69804],[-61.846111,56.75639],[-61.702499,56.73082],[-61.73444,56.697208],[-61.825001,56.706661],[-61.65889,56.64777],[-61.688889,56.61721],[-61.923061,56.64555],[-61.895279,56.68082],[-61.992771,56.660271],[-62.49889,56.77972],[-62.279442,56.826389],[-62.04945,56.8325],[-62.543892,56.837212],[-62.58556,56.79277],[-62.503059,56.762211],[-61.916389,56.62027],[-62.22472,56.609161],[-61.945271,56.57888],[-61.715,56.57222],[-61.65527,56.533878],[-61.66222,56.5061],[-61.77306,56.484718],[-62.046951,56.504711],[-62.082218,56.481659],[-61.949169,56.46138],[-62.139172,56.44471],[-61.98473,56.415272],[-61.930279,56.437489],[-61.79084,56.39249],[-61.84277,56.380821],[-61.772221,56.336651],[-61.589161,56.28722],[-61.811668,56.305271],[-61.65889,56.26749],[-61.778339,56.25444],[-61.827782,56.264721],[-61.753059,56.277771],[-61.878609,56.298611],[-62.076111,56.285],[-61.919449,56.212212],[-61.65527,56.224159],[-61.56028,56.194439],[-61.350842,56.22221],[-61.33028,56.176659],[-61.410549,56.124439],[-61.342499,56.14138],[-61.337502,56.100269],[-61.452221,56.056938],[-61.237499,56.04277],[-61.50362,56.006939],[-61.390839,55.998329],[-61.376659,55.97971],[-61.40472,55.97221],[-61.460831,55.99638],[-61.415001,55.96027],[-61.117771,55.966099],[-61.074451,55.928329],[-61.07917,55.893051],[-61.201672,55.884159],[-61.10445,55.845539],[-60.755562,55.84943],[-60.733059,55.80249],[-60.807781,55.755268],[-60.945339,55.751308],[-60.96666,55.74638],[-60.9375,55.727211],[-60.75639,55.729431],[-60.647221,55.822769],[-60.60194,55.814709],[-60.62389,55.783611],[-60.59277,55.704159],[-60.661381,55.66666],[-60.62888,55.629162],[-60.679169,55.563881],[-60.60223,55.626659],[-60.503059,55.803051],[-60.36195,55.761669],[-60.34,55.786381],[-60.33778,55.7486],[-60.384171,55.719711],[-60.37167,55.678329],[-60.493889,55.658039],[-60.531109,55.59721],[-60.465839,55.63166],[-60.393059,55.601101],[-60.447781,55.500271],[-60.340279,55.57888],[-60.316391,55.573879],[-60.339439,55.533611],[-60.305561,55.524158],[-60.45306,55.444988],[-60.437771,55.399441],[-60.478329,55.347488],[-60.331669,55.48666],[-60.30611,55.486382],[-60.35722,55.4286],[-60.285278,55.438042],[-60.268608,55.502491],[-60.201672,55.4786],[-60.196659,55.422218],[-60.354721,55.395],[-60.399441,55.289989],[-60.46666,55.29472],[-60.533058,55.204441],[-60.612499,55.16666],[-60.553341,55.181561],[-60.510761,55.2076],[-60.46833,55.237499],[-60.430279,55.21693],[-60.396111,55.253609],[-60.348049,55.250549],[-60.46611,55.189709],[-60.52306,55.111382],[-60.670559,55.04472],[-60.683331,54.994999],[-60.482498,55.105549],[-60.446659,55.15638],[-60.385559,55.150539],[-60.16,55.285549],[-60.13805,55.278049],[-60.194439,55.192211],[-60.021389,55.266109],[-60.18972,55.096939],[-60.220551,55.10638],[-60.288342,55.053322],[-60.293892,55.01944],[-60.099442,55.136662],[-60.020279,55.234989],[-59.91695,55.233879],[-59.914719,55.26416],[-59.779171,55.32972],[-59.755001,55.2761],[-59.711941,55.269711],[-59.752781,55.220829],[-59.732498,55.197208],[-59.863892,55.15416],[-59.96278,55.161098],[-59.963619,55.110279],[-59.921108,55.139721],[-59.800831,55.108891],[-59.729439,55.14444],[-59.638889,55.13055],[-59.535278,55.16777],[-59.50584,55.213329],[-59.501671,55.141941],[-59.427219,55.139992],[-59.519169,55.054161],[-59.733059,54.967491],[-59.715549,54.946098],[-59.840549,54.879162],[-59.860279,54.845539],[-59.821388,54.846939],[-59.827499,54.82444],[-59.94416,54.749722],[-59.791111,54.785549],[-59.808048,54.836109],[-59.75695,54.895828],[-59.604172,54.954441],[-59.433331,55.06889],[-59.402222,55.028049],[-59.286949,55.18943],[-59.217499,55.217209],[-59.21722,55.164989],[-59.161381,55.236938],[-59.127491,55.20583],[-59.137218,55.15443],[-59.252781,55.102489],[-59.384171,54.97332],[-59.250839,55.035831],[-59.228882,55.081108],[-59.181671,55.097488],[-59.14917,55.06805],[-59.12611,55.123878],[-59.09,55.083328],[-59.064159,55.14666],[-59.023609,55.156651],[-58.996109,55.118599],[-58.96056,55.134991],[-58.95583,55.10083],[-59.043331,54.994999],[-58.985561,55.020828],[-58.894169,54.95277],[-59.013618,54.889721],[-58.883888,54.916382],[-58.91666,54.850552],[-58.779171,54.84972],[-58.75639,54.79805],[-58.73138,54.843048],[-58.69194,54.846378],[-58.685268,54.81554],[-58.51722,54.8036],[-58.565552,54.766109],[-58.443611,54.77388],[-58.40472,54.738331],[-58.391941,54.787498],[-58.196659,54.795269],[-58.173328,54.745541],[-57.998611,54.714161],[-57.855,54.737499],[-57.660278,54.62804],[-57.545841,54.661659],[-57.45055,54.64999],[-57.414719,54.5886],[-57.3475,54.579441],[-57.431389,54.55027],[-57.37722,54.542221],[-57.385281,54.50333],[-57.70528,54.46693],[-57.421669,54.453609],[-57.52528,54.451099],[-57.523331,54.41721],[-57.660831,54.376942],[-58.146389,54.365269],[-58.261951,54.3111],[-58.095829,54.325829],[-58.243061,54.287498],[-58.233891,54.254169],[-58.446388,54.239159],[-58.72472,54.145271],[-58.915279,54.138599],[-59.37611,54.04694],[-59.575562,54.049438],[-59.509731,53.995541],[-59.276112,54.021099],[-58.687771,54.12471],[-58.37944,54.229988],[-58.610279,54.04166],[-59.038609,54.026939],[-58.919449,54.01083],[-59.008339,53.955269],[-59.11528,53.946381],[-59.463329,53.830551],[-59.82584,53.84277],[-59.88055,53.825272],[-59.80278,53.806099],[-59.828892,53.788601],[-60.13139,53.77721],[-60.01778,53.704159],[-60.097778,53.683601],[-60.119999,53.611382],[-60.064449,53.560268],[-60.133888,53.528332],[-60.39056,53.665539],[-60.810829,53.771931],[-60.875,53.83083],[-60.856949,53.79277],[-60.93306,53.7286],[-60.91806,53.709431],[-60.805561,53.723049],[-60.53722,53.678329],[-60.278881,53.558601],[-60.048061,53.49527],[-60.038059,53.439709],[-60.13805,53.453609],[-60.331951,53.388599],[-60.363892,53.351101],[-60.40583,53.364159],[-60.39584,53.331379],[-60.174999,53.343048],[-60.39806,53.265549],[-60.26112,53.2686],[-60.16444,53.309429],[-60.113892,53.270271],[-60.09,53.299999],[-60.147781,53.32666],[-60.024719,53.355],[-59.90889,53.45583],[-59.87167,53.4436],[-59.874168,53.484989],[-59.785,53.477211],[-59.893059,53.528599],[-59.605831,53.52972],[-59.36945,53.648609],[-59.302219,53.686378],[-59.279442,53.662769],[-59.213619,53.69138],[-59.074169,53.683048],[-59.06834,53.71777],[-59.027779,53.711658],[-59.010559,53.746658],[-59.066391,53.794998],[-58.876389,53.888329],[-58.841671,53.943321],[-58.130001,54.096939],[-57.78944,54.0686],[-57.851669,54.100269],[-58.159161,54.13583],[-58.328892,54.089432],[-58.418331,54.139721],[-58.38361,54.189709],[-58.17028,54.23666],[-57.659161,54.199429],[-57.604721,54.18388],[-57.609169,54.16193],[-57.428341,54.182499],[-57.384171,54.150539],[-57.396389,54.128601],[-57.35973,54.134159],[-57.370831,54.10638],[-57.296391,54.00555],[-57.142231,53.934719],[-57.215,53.929989],[-57.221378,53.889992],[-57.076389,53.823051],[-57.13361,53.824169],[-57.099998,53.800831],[-57.159721,53.75861],[-57.119999,53.7411],[-57.549999,53.59193],[-57.444721,53.618599],[-57.448608,53.59222],[-57.376659,53.607498],[-57.316669,53.57972],[-57.344158,53.54277],[-57.305561,53.534439],[-57.30666,53.49638],[-57.372219,53.43082],[-57.289169,53.43388],[-57.285278,53.477489],[-57.13612,53.54916],[-57.159161,53.564159],[-57.136391,53.60944],[-57.077499,53.628601],[-57.014721,53.71138],[-56.704441,53.750549],[-56.600281,53.710819],[-56.615841,53.762501],[-56.464691,53.782269],[-56.421669,53.71693],[-56.725559,53.67416],[-56.480549,53.62138],[-56.333889,53.629162],[-56.263062,53.601391],[-56.33556,53.603321],[-56.320278,53.58527],[-56.027222,53.575272],[-55.978882,53.542221],[-56.00861,53.5],[-56.063332,53.540829],[-56.26334,53.540279],[-56.031391,53.459721],[-56.032219,53.432209],[-55.965549,53.409161],[-56.038342,53.367489],[-55.91222,53.395],[-55.85828,53.365269],[-55.885559,53.344151],[-55.808048,53.340549],[-55.91111,53.303879],[-55.812222,53.290829],[-55.85973,53.248051],[-55.745831,53.249439],[-55.79084,53.198879],[-55.841942,53.205269],[-55.76334,53.1786],[-55.754169,53.134991],[-55.830002,53.09721],[-55.944439,53.112499],[-55.87944,53.07999],[-55.911942,53.028332],[-56.16695,53.02943],[-56.084438,53.01527],[-56.133331,52.983051],[-56.11195,52.96666],[-56.04084,53.005829],[-55.889439,52.969151],[-55.910831,52.950272],[-55.834171,52.92194],[-55.803329,52.839432],[-55.987782,52.806099],[-55.923328,52.789989],[-55.996391,52.773319],[-56.160549,52.819439],[-56.16,52.79388],[-56.053329,52.762772],[-55.96056,52.679161],[-55.76556,52.665821],[-55.738609,52.642769],[-55.794449,52.593048],[-55.937222,52.63916],[-56.122768,52.6511],[-55.974998,52.619709],[-56.047779,52.576099],[-55.989441,52.56694],[-55.999439,52.548611],[-56.089722,52.572491],[-56.237221,52.541939],[-56.496868,52.594151],[-56.245548,52.52916],[-56.10722,52.547489],[-55.971378,52.50222],[-55.7514,52.496101],[-55.735828,52.469151],[-55.766399,52.447769],[-55.64555,52.437489],[-55.641941,52.36388],[-55.799171,52.384441],[-55.782501,52.33416],[-56.195271,52.435822],[-55.82362,52.32333],[-55.849171,52.298882],[-55.70805,52.293331],[-55.79195,52.237499],[-55.720829,52.251389],[-55.618328,52.215271],[-55.776661,52.20916],[-55.688889,52.18111],[-55.713329,52.139992],[-55.68972,52.101391],[-55.792782,52.083881],[-55.763889,52.047489],[-55.84277,52.003052],[-55.959171,52.019161],[-55.894451,51.962212],[-55.915279,51.932209],[-56.117771,51.860279],[-56.209721,51.789719],[-56.43306,51.74638],[-56.493328,51.688599],[-56.68195,51.64222],[-56.695831,51.584991],[-56.807499,51.528332],[-56.81361,51.491661],[-56.858059,51.46888],[-56.933331,51.491661],[-56.942768,51.42749],[-57.10424,51.41267],[-57.101109,52],[-57.367771,51.999439],[-63.75111,51.999722],[-63.824718,52.070549],[-63.637779,52.039989],[-63.65535,52.124359],[-63.941269,52.264],[-63.987499,52.362499],[-64.013062,52.387211],[-63.92445,52.383881],[-63.930279,52.41777],[-63.976391,52.458599],[-64.027496,52.433048],[-64.08168,52.470539],[-63.971378,52.570831],[-63.839722,52.61805],[-63.377781,52.650829],[-63.423061,52.707211],[-63.595829,52.770771],[-63.54195,52.970829],[-63.62611,53.042221],[-63.634731,53.094151],[-63.693329,53.113609],[-63.923611,53.077221],[-63.919449,52.97694],[-63.982769,52.933601],[-63.959999,52.867771],[-64.080841,52.881378],[-64.172501,52.85083],[-64.201401,52.790829],[-64.156662,52.738331],[-64.202217,52.672218],[-64.175278,52.60944],[-64.208893,52.548882],[-64.08168,52.37249],[-64.131378,52.28138],[-64.115829,52.151379],[-64.257782,52.12804],[-64.293327,52.046391],[-64.274437,52.00333],[-64.330841,51.965271],[-64.317497,51.903599],[-64.357224,51.850552],[-64.264183,51.739719],[-64.44249,51.66777],[-64.581123,51.55777],[-64.604172,51.642769],[-64.703056,51.69276],[-64.718063,51.747768],[-64.593887,51.796101],[-64.587784,51.82888],[-64.84584,51.93082],[-64.853333,52.021931],[-65.108612,52.17083],[-65.453613,52.20805],[-65.538597,52.123878],[-65.56723,52.046661],[-65.758621,52.111382],[-65.799438,52.095539],[-65.801666,52.04277],[-65.916946,52.050831],[-66.063889,52.11832],[-66.068069,52.216381],[-66.173889,52.220539],[-66.275558,52.311661],[-66.319733,52.289162],[-66.303879,52.222759],[-66.335564,52.136379],[-66.438889,52.200829],[-66.486656,52.312489],[-66.458618,52.3661],[-66.358047,52.406651],[-66.446663,52.530819],[-66.373611,52.5425],[-66.43222,52.611382],[-66.433884,52.706379],[-66.328339,52.736938],[-66.378883,52.836109],[-66.26973,52.877491],[-66.345551,52.974159],[-66.476936,53.034161],[-66.525284,52.943321],[-66.648064,52.94582],[-66.66806,52.725819],[-66.813316,52.66415],[-66.87471,52.747768],[-66.891388,52.673321],[-67.067497,52.699429],[-67.092773,52.72971],[-67.058327,52.804989],[-67.078056,52.94804],[-66.979446,53.027771],[-66.948608,53.109718],[-66.991669,53.195271],[-66.910004,53.340271],[-66.987503,53.403599],[-67.06778,53.384159],[-67.068619,53.4286],[-67.128883,53.464161],[-67.141953,53.542221],[-67.491943,53.603882],[-67.430557,53.778332],[-67.588058,53.85722],[-67.609161,53.928051],[-67.738441,54.000011],[-67.781952,54.063881],[-67.637222,54.174999],[-67.485001,54.234161],[-67.531677,54.248878],[-67.49472,54.314442],[-67.59584,54.365269],[-67.586121,54.4175],[-67.633057,54.479988],[-67.601387,54.56638],[-67.492493,54.58194],[-67.305557,54.504169],[-67.219452,54.607498],[-67.036392,54.621658],[-67.213898,54.66888],[-67.184998,54.71944],[-67.30777,54.783878],[-67.263344,54.825272],[-67.362213,54.87582],[-67.453056,55.018879],[-67.428329,55.07111],[-67.273903,55.066669],[-67.297783,55.008049],[-67.028061,54.89777],[-66.946953,54.801659],[-66.738602,54.732769],[-66.698608,54.742222],[-66.712219,54.78194],[-66.605003,54.790829],[-66.678329,54.894161],[-66.732773,54.94833],[-66.65976,54.978031],[-66.765839,55.105549],[-66.740829,55.17749],[-66.688889,55.204159],[-66.844162,55.326099],[-66.77861,55.338879],[-66.688049,55.301102],[-66.681953,55.25333],[-66.576401,55.250549],[-66.23999,54.99194],[-66.035004,54.90971],[-65.957779,54.92944],[-65.858337,54.907768],[-65.835281,54.831379],[-65.689987,54.713329],[-65.443878,54.745831],[-65.121933,54.69471],[-64.811661,54.749161],[-64.552223,54.720539],[-64.404327,54.75251],[-64.325562,54.751942],[-63.976189,54.626461],[-63.66917,54.612209],[-63.435268,54.973598],[-63.566109,55.060268],[-63.519451,55.183601],[-63.176571,55.296539],[-63.095829,55.349998],[-63.176392,55.419441],[-63.144169,55.526379],[-63.29834,55.523319],[-63.448051,55.59943],[-63.488331,55.696659],[-63.715279,55.859161],[-63.69416,55.942211],[-63.445,56.02277],[-63.79084,56.039162],[-63.880001,56.076939],[-63.847778,56.12027],[-64.020279,56.076389],[-64.010834,56.159988],[-63.876949,56.217209],[-63.97472,56.259159],[-64.08667,56.259159],[-64.136673,56.3036],[-64.105827,56.331379],[-64.114166,56.39027],[-64.169724,56.427769],[-63.97472,56.412769],[-63.87138,56.43943],[-63.942219,56.479431],[-63.945,56.549721],[-64.12944,56.71027],[-64.083618,56.765549],[-63.992229,56.785831],[-64.00528,56.850552],[-63.87138,56.87804],[-63.917782,56.930271],[-63.863331,56.992771],[-63.873611,57.06638],[-63.78751,57.111938],[-63.7925,57.165272],[-63.741112,57.232769],[-63.81472,57.27972],[-63.855282,57.193878],[-63.87611,57.242771],[-63.836941,57.325829],[-63.709721,57.37249],[-63.763889,57.482491],[-63.765011,57.573879],[-63.721378,57.602489],[-63.60722,57.663601],[-63.595829,57.734161],[-63.653332,57.731098],[-63.70055,57.662769],[-63.765282,57.732769],[-63.825562,57.690269],[-63.891941,57.73027],[-63.92667,57.797218],[-64.006668,57.812771],[-64.022507,57.771381],[-64.057503,57.76944],[-64.214447,57.977489],[-64.208618,58.033329],[-64.431953,58.086109],[-64.398064,58.18166],[-64.21167,58.23555],[-64.156387,58.348331],[-63.81945,58.471371],[-63.886951,58.563049],[-64.022507,58.52055],[-64.084167,58.55555],[-64.097504,58.60722],[-64.051102,58.676102],[-63.574169,58.715832],[-63.480549,58.7486],[-63.588329,58.846378],[-63.766651,58.874081],[-63.841942,58.82972],[-63.999439,58.81916],[-64.156113,58.74527],[-64.257507,58.77943],[-64.258621,58.849998],[-64.300278,58.882488],[-64.568069,58.887211],[-64.718887,58.945271],[-64.809433,58.911098],[-64.878883,58.92749],[-64.838898,58.958599],[-64.864723,58.990551],[-64.829453,59.03249],[-64.720001,59.069988],[-64.656387,59.028599],[-64.415833,58.981098],[-64.291382,59.016659],[-64.365013,59.07333],[-64.493057,59.104439],[-64.493057,59.158878],[-64.534729,59.197491],[-64.507507,59.25],[-64.53833,59.285549],[-64.499161,59.33971],[-64.538063,59.3736],[-64.485001,59.396389],[-64.5,59.433048],[-64.340286,59.49638],[-64.432503,59.52943],[-64.700844,59.44582],[-64.82695,59.531109],[-64.773064,59.698879],[-64.814163,59.81889],[-64.744453,59.84499],[-64.767776,59.87999],[-64.661911,59.88361],[-64.65361,59.929989],[-64.847778,59.964161],[-64.906387,60.04805],[-64.796951,60.039719],[-64.702499,60.064991],[-64.734161,60.103321],[-64.598892,60.111111],[-64.637222,60.178329],[-64.767227,60.174999],[-64.851936,60.22332],[-64.853882,60.261669],[-64.534821,60.302601]]],[[[-64.047783,59.84943],[-64.032784,59.80444],[-64.075562,59.78833],[-63.959721,59.75639],[-63.997219,59.723598],[-64.134171,59.695541],[-64.16333,59.703609],[-64.144447,59.727211],[-64.204453,59.73444],[-64.187767,59.76833],[-64.129173,59.757221],[-64.152786,59.788052],[-64.121933,59.84943],[-64.047783,59.84943]]],[[[-61.884449,57.86694],[-61.881939,57.812771],[-61.947491,57.78722],[-62.10944,57.829441],[-61.994999,57.909161],[-61.928341,57.9086],[-61.939991,57.872219],[-61.884449,57.86694]]],[[[-61.654171,57.771099],[-61.69611,57.712212],[-61.76889,57.71693],[-61.827782,57.778881],[-61.89695,57.758331],[-61.778881,57.845268],[-61.698608,57.83028],[-61.723881,57.783329],[-61.676392,57.795551],[-61.654171,57.771099]]],[[[-61.926949,57.452492],[-62.021938,57.521099],[-61.974998,57.581379],[-61.931671,57.585548],[-61.946949,57.54916],[-61.896111,57.586109],[-61.781391,57.54805],[-61.783058,57.508331],[-61.926949,57.452492]]],[[[-61.64389,57.52277],[-61.69138,57.495541],[-61.64695,57.482769],[-61.674171,57.463879],[-61.78973,57.46027],[-61.826389,57.43082],[-61.69416,57.441662],[-61.614719,57.418598],[-61.648338,57.393608],[-61.90028,57.437489],[-61.782261,57.486259],[-61.737221,57.536942],[-61.64389,57.52277]]],[[[-61.355282,56.91082],[-61.40472,56.879711],[-61.361671,56.848049],[-61.439442,56.816101],[-61.448051,56.84166],[-61.493061,56.838039],[-61.503059,56.804161],[-61.58556,56.766392],[-61.38612,56.775829],[-61.36861,56.685822],[-61.404999,56.662491],[-61.390839,56.618881],[-61.445549,56.62027],[-61.644451,56.73444],[-61.631939,56.859718],[-61.533619,56.902489],[-61.52277,56.941929],[-61.46777,56.958889],[-61.42889,56.930271],[-61.34277,56.93388],[-61.355282,56.91082]]],[[[-61.558048,56.551929],[-61.325279,56.512211],[-61.360561,56.471931],[-61.17445,56.47665],[-61.224171,56.450829],[-61.148891,56.441101],[-61.474442,56.46666],[-61.50333,56.4361],[-61.63055,56.465271],[-61.630001,56.490551],[-61.417782,56.48333],[-61.633331,56.50639],[-61.571671,56.51833],[-61.60223,56.552769],[-61.558048,56.551929]]],[[[-61.546669,56.390831],[-61.47472,56.406651],[-61.411671,56.372219],[-61.464161,56.345539],[-61.416111,56.32222],[-61.482769,56.30999],[-61.68639,56.352779],[-61.796108,56.413052],[-61.546669,56.390831]]],[[[-61.089161,56.169991],[-61.045841,56.153881],[-61.06583,56.123051],[-60.944439,56.09499],[-61.009171,56.035271],[-60.934719,56.011379],[-61.040562,56.005268],[-61.220829,56.050831],[-61.22694,56.098049],[-61.14917,56.091099],[-61.183331,56.106659],[-61.089161,56.169991]]],[[[-60.747501,55.93166],[-60.75111,55.90971],[-60.68639,55.92194],[-60.75639,55.880268],[-60.902222,55.87138],[-60.815281,55.88583],[-60.874439,55.90443],[-60.865009,55.95277],[-60.747501,55.93166]]],[[[-57.94083,54.91193],[-57.988609,54.86721],[-57.983891,54.802219],[-57.93861,54.82777],[-57.884998,54.802219],[-57.864719,54.832211],[-57.841671,54.812489],[-57.881939,54.79055],[-58.139172,54.757221],[-58.22472,54.83527],[-58.215839,54.87804],[-58.17028,54.85416],[-57.94083,54.91193]]],[[[-55.876949,50.86277],[-55.906658,50.89666],[-56.097221,50.71693],[-56.091671,50.759991],[-56.116112,50.746101],[-56.133331,50.773048],[-56.103889,50.898331],[-56.15527,50.885551],[-56.157219,50.69083],[-56.09972,50.679722],[-56.108059,50.651932],[-56.206108,50.595539],[-56.240841,50.524158],[-56.321671,50.52388],[-56.25861,50.502781],[-56.40472,50.374439],[-56.501671,50.382771],[-56.423061,50.352779],[-56.462502,50.272221],[-56.566391,50.157768],[-56.670559,50.129162],[-56.63583,50.100552],[-56.743061,50.02277],[-56.77861,49.93388],[-56.71833,49.949162],[-56.759998,49.83638],[-56.906391,49.746941],[-56.781391,49.727211],[-56.85751,49.545551],[-56.735561,49.666939],[-56.477779,49.89222],[-56.4175,49.84222],[-56.43195,49.890549],[-56.36528,49.896938],[-56.38805,49.94305],[-56.33028,50.02499],[-56.153881,50.150539],[-56.116661,50.153049],[-56.062771,50.071659],[-56.188332,49.923882],[-56.005001,50.03138],[-56.028339,49.970539],[-55.977779,49.991379],[-55.962219,50.035271],[-55.90527,50.033878],[-55.746109,49.92305],[-55.671391,49.973049],[-55.594158,49.96249],[-55.491699,50.007309],[-55.459721,49.9575],[-55.492229,49.91721],[-55.891109,49.75972],[-56.002781,49.748051],[-56.007229,49.716099],[-56.160278,49.622761],[-56.17223,49.579159],[-56.044449,49.669991],[-55.89389,49.714161],[-55.95834,49.672489],[-55.833328,49.686649],[-55.938332,49.603611],[-55.88028,49.584991],[-55.937222,49.52972],[-56.080002,49.486938],[-56.129169,49.425549],[-55.827782,49.524158],[-55.720829,49.475819],[-55.779999,49.44249],[-55.674171,49.466099],[-55.698879,49.42749],[-55.66444,49.381939],[-55.52306,49.48666],[-55.568611,49.41888],[-55.566669,49.36277],[-55.48917,49.470829],[-55.36945,49.50333],[-55.34972,49.487209],[-55.431671,49.422489],[-55.316391,49.45166],[-55.44416,49.355],[-55.391392,49.374161],[-55.373051,49.331108],[-55.32806,49.406101],[-55.320839,49.380821],[-55.29306,49.4011],[-55.301941,49.36055],[-55.338612,49.35527],[-55.30444,49.311661],[-55.300549,49.348598],[-55.233608,49.39444],[-55.311111,49.529991],[-55.228611,49.53833],[-55.19611,49.5],[-55.193611,49.53944],[-55.137218,49.540829],[-55.124722,49.465271],[-55.23222,49.347771],[-55.221111,49.26194],[-55.365841,49.165272],[-55.31945,49.149158],[-55.339722,49.122219],[-55.307781,49.099159],[-55.383331,49.040829],[-55.182781,49.12027],[-55.272221,49.099998],[-55.279999,49.160271],[-55.25333,49.18388],[-55.288059,49.18721],[-55.058609,49.284439],[-55.07806,49.356941],[-55.03751,49.321941],[-55.007778,49.33971],[-54.990002,49.286942],[-55.041672,49.224159],[-54.982769,49.257221],[-54.959721,49.299438],[-54.909439,49.275829],[-54.87167,49.293331],[-54.858891,49.332211],[-54.890282,49.35416],[-54.848049,49.410271],[-54.824451,49.269161],[-54.777222,49.29916],[-54.76722,49.352489],[-54.739719,49.320549],[-54.541111,49.526661],[-54.44722,49.543049],[-54.530281,49.444988],[-54.43195,49.470829],[-54.488049,49.371101],[-54.452221,49.333328],[-54.48695,49.25972],[-54.400829,49.325272],[-54.407501,49.37471],[-54.358059,49.426941],[-54.24889,49.397491],[-54.219719,49.41721],[-54.228882,49.361111],[-54.206108,49.402771],[-54.166111,49.37804],[-54.139999,49.448601],[-54.041672,49.48082],[-53.988049,49.458599],[-54.033329,49.42749],[-53.92778,49.451099],[-53.455559,49.251942],[-53.560001,49.124989],[-53.619999,49.117489],[-53.581951,49.092491],[-53.593891,49.035549],[-53.83527,49.03249],[-53.725269,49.00972],[-53.888889,48.982769],[-53.813061,48.92527],[-53.97472,48.89138],[-53.883888,48.886662],[-53.980831,48.82888],[-54.178051,48.800831],[-54.19944,48.768051],[-54.172779,48.761669],[-53.990841,48.810822],[-53.998341,48.76194],[-53.957779,48.772221],[-53.98,48.785831],[-53.93417,48.83028],[-53.82056,48.829441],[-53.808609,48.805271],[-53.91333,48.79805],[-53.900551,48.759991],[-53.843609,48.772491],[-53.89056,48.733601],[-54.022499,48.740829],[-53.937771,48.722488],[-53.94833,48.666382],[-53.89389,48.646389],[-53.932499,48.62471],[-53.790001,48.679989],[-53.92445,48.671379],[-53.831951,48.749439],[-53.85194,48.702221],[-53.7425,48.711658],[-53.70306,48.685261],[-53.722221,48.654991],[-53.59972,48.68499],[-53.658611,48.641941],[-53.928341,48.575829],[-53.952499,48.53944],[-53.715279,48.559719],[-53.78944,48.543049],[-53.750839,48.507771],[-53.902222,48.47971],[-54.01112,48.421661],[-54.09444,48.425831],[-54.163891,48.383049],[-54.127491,48.353321],[-54.075562,48.401932],[-53.992229,48.402489],[-53.841671,48.470829],[-53.81139,48.465],[-53.884449,48.383049],[-53.834171,48.371658],[-53.849442,48.392769],[-53.768608,48.475269],[-53.647221,48.541111],[-53.620831,48.534439],[-53.659721,48.51305],[-53.618061,48.498878],[-53.725269,48.426102],[-53.639721,48.43943],[-53.586391,48.525269],[-53.587219,48.476101],[-53.547501,48.48666],[-53.608891,48.40749],[-53.473331,48.5075],[-53.42445,48.625549],[-53.338051,48.612499],[-53.303329,48.58194],[-53.318611,48.549438],[-53.240002,48.523319],[-53.153881,48.628601],[-53.098881,48.64222],[-53.072781,48.700272],[-52.976391,48.599159],[-53.05389,48.44276],[-53.19416,48.348598],[-53.35223,48.385269],[-53.376389,48.33028],[-53.37888,48.278049],[-53.44833,48.27943],[-53.66222,48.163319],[-53.940552,48.23082],[-53.944019,48.16346],[-53.912498,48.08416],[-53.66444,48.064159],[-53.76334,48.026379],[-53.91917,48.022491],[-53.779171,47.996658],[-53.605831,48.046391],[-53.692768,47.899441],[-53.788059,47.900539],[-53.724442,47.883331],[-53.721661,47.84943],[-53.793331,47.7686],[-53.874439,47.845539],[-53.930279,47.849159],[-53.85445,47.794998],[-53.82917,47.71944],[-53.85751,47.710819],[-53.760281,47.609989],[-53.695,47.685822],[-53.665001,47.67416],[-53.712502,47.598049],[-53.639172,47.573051],[-53.66666,47.52166],[-53.617771,47.556381],[-53.54528,47.534439],[-53.559719,47.576939],[-53.535561,47.589432],[-53.561939,47.61916],[-53.51445,47.614441],[-53.461109,47.80666],[-53.398609,47.872761],[-53.355831,47.865829],[-53.368061,47.893879],[-53.29084,47.999439],[-53.153881,48.066101],[-53.053329,48.049721],[-52.91972,48.169159],[-52.832779,48.096939],[-52.9175,48.084721],[-52.953892,48.007221],[-53.058048,47.922489],[-53.053329,47.867771],[-53.202221,47.733601],[-53.162769,47.71471],[-53.178341,47.651379],[-53.26722,47.606098],[-53.20583,47.609989],[-53.248341,47.57555],[-53.16972,47.597488],[-53.261669,47.546391],[-53.185829,47.55444],[-53.20639,47.46999],[-53.160549,47.50111],[-53.152222,47.471931],[-53.199718,47.43832],[-53.14584,47.44804],[-53.121941,47.413319],[-52.89695,47.558601],[-52.779442,47.803051],[-52.70055,47.749439],[-52.714451,47.6661],[-52.65778,47.65749],[-52.646111,47.599159],[-52.68861,47.551102],[-52.620281,47.500271],[-52.688049,47.461109],[-52.650551,47.428329],[-52.743061,47.309719],[-52.796951,47.300541],[-52.759171,47.293331],[-52.810001,47.267208],[-52.865551,47.098598],[-52.934441,47.086941],[-52.848339,47.067768],[-52.873611,47.048328],[-52.852779,47.022491],[-52.895279,47.001389],[-52.884171,46.941662],[-52.938332,46.789162],[-53.023891,46.73888],[-53.090839,46.64333],[-53.207218,46.630268],[-53.266941,46.733879],[-53.387779,46.681938],[-53.36195,46.737499],[-53.561668,46.61277],[-53.617771,46.644161],[-53.644169,46.70916],[-53.552502,46.864441],[-53.481941,46.897221],[-53.5425,46.884159],[-53.64806,46.796661],[-53.5975,46.90638],[-53.512218,46.955551],[-53.563061,46.937489],[-53.566952,46.977211],[-53.600559,46.94138],[-53.60194,46.991661],[-53.64167,46.983879],[-53.577782,47.08527],[-53.499168,47.123878],[-53.523609,47.16777],[-53.57333,47.15443],[-53.559441,47.20277],[-53.600559,47.128601],[-53.639999,47.101662],[-53.630829,47.15443],[-53.654171,47.14027],[-53.703609,47.053051],[-53.765011,47.034439],[-53.95084,46.853882],[-54.053329,46.794998],[-54.189991,46.823608],[-54.178341,46.94276],[-54.012218,47.2286],[-53.931671,47.22332],[-53.993889,47.26527],[-53.997501,47.310268],[-53.92194,47.304161],[-53.875561,47.35416],[-53.918331,47.352779],[-53.913891,47.374161],[-53.80389,47.426941],[-53.906391,47.424709],[-53.924171,47.451389],[-53.885559,47.576939],[-53.89695,47.609989],[-53.930279,47.606659],[-54.00639,47.81916],[-54.063889,47.797218],[-54.081669,47.86916],[-54.11417,47.824169],[-54.26334,47.9011],[-54.19722,47.86277],[-54.21278,47.777771],[-54.285561,47.692211],[-54.33778,47.698879],[-54.320278,47.651661],[-54.348511,47.610649],[-54.460281,47.494709],[-54.403332,47.45055],[-54.448879,47.42083],[-54.453609,47.45583],[-54.51722,47.369438],[-54.613331,47.36277],[-54.418331,47.603611],[-54.62138,47.389992],[-54.671391,47.37249],[-54.685551,47.396389],[-54.71999,47.352219],[-54.818611,47.363609],[-54.78751,47.41888],[-54.836941,47.372761],[-54.83112,47.421101],[-55.043892,47.220829],[-55.012218,47.172771],[-55.067501,47.147221],[-55.084171,47.201931],[-55.134171,47.166939],[-55.08556,47.16082],[-55.06945,47.082211],[-55.104721,47.078049],[-55.15472,47.008049],[-55.16972,47.065269],[-55.199169,47.070549],[-55.189991,46.996101],[-55.230282,46.928329],[-55.365841,46.904709],[-55.35445,46.879711],[-55.384171,46.865829],[-55.463619,46.877491],[-55.46806,46.928329],[-55.512218,46.912491],[-55.52528,46.939709],[-55.548611,46.894161],[-55.57362,46.910549],[-55.626949,46.868881],[-55.740841,46.849998],[-55.931389,46.892769],[-55.983059,46.952492],[-55.865551,47.072769],[-55.487782,47.137211],[-55.29834,47.267208],[-55.266659,47.39666],[-55.196388,47.449429],[-54.951389,47.505001],[-54.845829,47.556938],[-54.841381,47.583599],[-54.876949,47.570271],[-54.850281,47.60722],[-54.69722,47.664711],[-54.769169,47.678051],[-54.94944,47.59972],[-55.079731,47.589989],[-54.936111,47.781658],[-55.11916,47.576939],[-55.153881,47.604439],[-55.130001,47.66193],[-55.176392,47.635269],[-55.31889,47.668049],[-55.363892,47.649158],[-55.35751,47.726101],[-55.392502,47.691101],[-55.427502,47.711658],[-55.422501,47.672771],[-55.467499,47.61916],[-55.40028,47.615551],[-55.432499,47.581379],[-55.389721,47.58638],[-55.406658,47.49305],[-55.521111,47.459721],[-55.58778,47.398609],[-55.58778,47.453049],[-55.664162,47.436939],[-55.588612,47.510281],[-55.62833,47.541382],[-55.654171,47.49527],[-55.70528,47.502491],[-55.70528,47.475269],[-55.763618,47.454708],[-55.763062,47.53833],[-55.80167,47.45916],[-55.85778,47.473598],[-55.92556,47.439159],[-55.745831,47.58527],[-56.104172,47.463612],[-56.16917,47.492489],[-55.805561,47.605831],[-55.62833,47.674709],[-55.83889,47.61721],[-55.9175,47.65749],[-55.830559,47.732769],[-55.79945,47.79916],[-55.821949,47.834431],[-55.742229,47.923321],[-55.773609,47.95694],[-55.85445,47.79472],[-55.987499,47.7575],[-56.054722,47.695541],[-56.10667,47.693321],[-56.111111,47.724159],[-56.053612,47.77388],[-56.100559,47.750271],[-56.15694,47.832211],[-56.125,47.757221],[-56.168331,47.715832],[-56.141941,47.684719],[-56.191109,47.676941],[-56.161381,47.634159],[-56.216389,47.65527],[-56.232498,47.625549],[-56.29945,47.62249],[-56.309441,47.7486],[-56.334171,47.695271],[-56.310001,47.639431],[-56.34528,47.60833],[-56.682499,47.623051],[-56.639999,47.587212],[-56.67889,47.57444],[-56.756672,47.629429],[-56.751579,47.589741],[-56.70639,47.56554],[-56.779442,47.526661],[-56.849171,47.522491],[-56.85194,47.54805],[-56.9925,47.583881],[-57.12611,47.563881],[-57.168331,47.583599],[-57.141941,47.598598],[-57.171391,47.632488],[-57.184441,47.598331],[-57.312771,47.58083],[-57.334999,47.639431],[-57.488892,47.6236],[-57.53722,47.64777],[-57.64389,47.597488],[-57.738892,47.653599],[-57.77055,47.614159],[-57.916389,47.648609],[-57.884171,47.696659],[-57.952499,47.661659],[-58.036388,47.696098],[-58.074169,47.666939],[-58.07917,47.695271],[-58.353889,47.643608],[-58.272221,47.751659],[-58.338329,47.745541],[-58.430561,47.633049],[-58.535278,47.666382],[-58.535,47.631939],[-58.60611,47.61166],[-58.642231,47.62804],[-58.690552,47.598881],[-59.118889,47.55471],[-59.30444,47.609989],[-59.28083,47.751659],[-59.322231,47.761108],[-59.400829,47.906651],[-59.316391,47.934158],[-59.218609,48.02916],[-58.978882,48.123878],[-58.58778,48.43055],[-58.492771,48.450272],[-58.591942,48.39888],[-58.483608,48.427769],[-58.418331,48.48666],[-58.26556,48.51749],[-58.519718,48.500549],[-58.56945,48.538601],[-58.682499,48.554989],[-59.246948,48.46666],[-59.228882,48.52916],[-58.774719,48.778881],[-58.958611,48.61388],[-58.89584,48.588879],[-58.89695,48.551929],[-58.848339,48.588879],[-58.848049,48.634991],[-58.81778,48.569988],[-58.709438,48.570831],[-58.658051,48.74305],[-58.543892,48.860821],[-58.500839,49.003609],[-58.35194,49.150269],[-58.360001,49.056938],[-58.17194,49.061939],[-58.06028,48.976101],[-57.961391,48.956661],[-57.892231,48.981659],[-58.00922,48.980419],[-58.108059,49.037769],[-58.144451,49.121929],[-57.92556,49.123051],[-57.849442,49.181938],[-57.939442,49.145],[-57.96999,49.16415],[-57.924171,49.18832],[-58.09111,49.150829],[-58.10722,49.183048],[-57.99472,49.180271],[-57.928051,49.240269],[-58.03944,49.21249],[-58.20084,49.239719],[-58.24194,49.29166],[-58.223331,49.39027],[-58.152222,49.46888],[-57.998341,49.559158],[-57.92028,49.527771],[-57.918331,49.465832],[-57.88055,49.428051],[-57.906109,49.477489],[-57.86306,49.506939],[-57.746948,49.453609],[-57.696388,49.463612],[-57.788891,49.500832],[-57.824718,49.559719],[-57.877491,49.528332],[-57.944721,49.607498],[-57.94833,49.67416],[-57.601109,50.174999],[-57.526661,50.364719],[-57.372501,50.590832],[-57.150829,50.6161],[-57.261951,50.613331],[-57.277222,50.630268],[-57.240841,50.641109],[-57.39806,50.69249],[-57.351109,50.723598],[-57.230282,50.72971],[-57.089439,50.780548],[-56.977219,50.8736],[-56.972771,50.909161],[-56.927502,50.915821],[-56.989719,50.929161],[-56.966942,50.968601],[-57.089161,51.019989],[-57.004719,51.016109],[-56.976662,50.98555],[-56.902222,51.013329],[-56.978882,51.05027],[-56.880001,51.06554],[-56.860828,51.113609],[-56.784451,51.137772],[-56.80666,51.18943],[-56.746391,51.204441],[-56.793892,51.23999],[-56.688889,51.336941],[-56.110561,51.52388],[-55.890282,51.629429],[-55.822781,51.618599],[-55.884998,51.562489],[-55.841942,51.545269],[-55.877781,51.492222],[-55.620281,51.472759],[-55.73917,51.55666],[-55.6175,51.610279],[-55.653332,51.590549],[-55.625,51.56554],[-55.515839,51.602219],[-55.404442,51.571941],[-55.41917,51.548328],[-55.467499,51.56361],[-55.432499,51.53722],[-55.45084,51.499161],[-55.533058,51.500832],[-55.452499,51.460819],[-55.50806,51.363331],[-55.562222,51.38805],[-55.55917,51.34277],[-55.609169,51.344151],[-55.597778,51.3036],[-55.759449,51.346378],[-56.08556,51.36832],[-56.09639,51.318329],[-56.025002,51.308601],[-56.010281,51.270271],[-56.075279,51.227211],[-56.013062,51.213329],[-55.965,51.153049],[-55.941669,51.15527],[-55.959438,51.197491],[-55.83778,51.230549],[-55.709999,51.173611],[-55.746948,51.158039],[-55.719158,51.123051],[-55.735561,51.074169],[-55.810829,51.056381],[-55.77639,51.029991],[-55.836109,50.968319],[-55.819172,50.92527],[-55.859169,50.94249],[-55.87389,50.908329],[-55.844719,50.90416],[-55.876949,50.86277]]]]}},{"type":"Feature","id":"CA-British-Columbia","properties":{"name":"British Columbia","country":"CA"},"geometry":{"type":"MultiPolygon","coordinates":[[[[-131.077103,52.150089],[-130.948105,52.093609],[-130.992493,52.060822],[-131.070007,52.07222],[-130.985504,52.012211],[-131.041702,52.022491],[-131.007004,51.97887],[-131.0392,51.96693],[-131.021698,51.94083],[-131.110306,51.999161],[-131.085007,52.023319],[-131.120499,52.05555],[-131.122696,52.123779],[-131.077103,52.150089]]],[[[-130.164993,55.01416],[-130.149704,54.947491],[-130.270294,54.83083],[-130.3992,54.764721],[-130.459396,54.817501],[-130.213303,55.012501],[-130.164993,55.01416]]],[[[-130.458603,54.80027],[-130.435806,54.763329],[-130.463303,54.708599],[-130.538605,54.70388],[-130.610504,54.753052],[-130.458603,54.80027]]],[[[-130.746902,54.615269],[-130.760803,54.55471],[-130.964996,54.45694],[-130.925598,54.619438],[-130.746902,54.615269]]],[[[-132.8806,53.600269],[-133.007797,53.67638],[-132.925293,53.690269],[-132.979401,53.710819],[-132.972794,53.763889],[-133.0336,53.752781],[-133.109207,53.786942],[-133.067001,53.820831],[-133.134705,53.87027],[-133.139999,53.908039],[-133.090805,53.954159],[-133.102798,53.994999],[-133.041107,54.031658],[-133.081894,54.102489],[-133.029205,54.158878],[-133.0672,54.173882],[-132.827499,54.12249],[-132.658401,54.14222],[-132.575302,54.115551],[-132.566696,54.02916],[-132.6642,53.98333],[-132.681702,53.95277],[-132.658905,53.93943],[-132.409698,54.098598],[-132.290604,54.11055],[-132.228302,54.06583],[-132.232803,54.025269],[-132.162506,54.005268],[-132.111099,53.87833],[-132.225006,53.78027],[-132.6633,53.67944],[-132.595001,53.672771],[-132.599197,53.626659],[-132.541702,53.66444],[-132.491898,53.64222],[-132.350296,53.668331],[-132.463593,53.61277],[-132.468307,53.570831],[-132.418106,53.606098],[-132.279205,53.623322],[-132.328293,53.64333],[-132.315308,53.666939],[-132.200302,53.65221],[-132.155594,53.699711],[-132.190002,53.783051],[-132.079407,53.889431],[-132.133606,54.010551],[-132.177505,54.04055],[-131.9711,54.025269],[-131.727798,54.106098],[-131.655899,54.15971],[-131.705002,53.96693],[-131.868896,53.793331],[-131.865494,53.721661],[-131.933304,53.615269],[-131.911102,53.351662],[-131.982193,53.251659],[-132.210495,53.230549],[-132.272797,53.21027],[-132.237793,53.188881],[-132.124405,53.194149],[-132.186996,53.160549],[-132.316406,53.189709],[-132.3228,53.159431],[-132.446701,53.143608],[-132.459198,53.18388],[-132.499405,53.159161],[-132.536697,53.178879],[-132.520798,53.193321],[-132.577805,53.20055],[-132.549698,53.23138],[-132.703094,53.257771],[-132.609207,53.314991],[-132.537003,53.32111],[-132.752808,53.316101],[-132.697495,53.376942],[-132.514206,53.358601],[-132.410599,53.29472],[-132.400299,53.33083],[-132.520798,53.412209],[-132.660004,53.434719],[-132.660599,53.489429],[-132.688293,53.44833],[-132.752808,53.4575],[-132.719101,53.490269],[-132.743607,53.515549],[-132.867493,53.463612],[-132.823593,53.516941],[-132.923599,53.519161],[-132.889999,53.55777],[-132.968307,53.551659],[-132.994095,53.587769],[-132.8806,53.600269]]],[[[-130.336105,54.067501],[-130.228897,53.96471],[-130.344498,53.83527],[-130.406403,53.83416],[-130.4272,53.871658],[-130.483597,53.84388],[-130.497498,53.8736],[-130.449997,53.888599],[-130.407806,53.963329],[-130.327499,53.96693],[-130.349197,53.997219],[-130.443893,53.9786],[-130.482498,53.893608],[-130.667007,53.963879],[-130.698105,53.91415],[-130.617996,53.85722],[-130.642502,53.832771],[-130.710297,53.85638],[-130.720306,53.934719],[-130.661697,53.990829],[-130.411102,54.10083],[-130.336105,54.067501]]],[[[-129.479996,53.249161],[-129.491394,53.209431],[-129.572495,53.20916],[-129.658905,53.29694],[-129.635605,53.311939],[-129.660294,53.342491],[-129.711105,53.33416],[-129.807205,53.384159],[-129.815796,53.466381],[-129.895004,53.477489],[-129.8703,53.545551],[-129.922501,53.563049],[-129.883896,53.57972],[-129.936401,53.587212],[-129.911697,53.611382],[-130.016098,53.572769],[-130.056396,53.603882],[-129.965393,53.641781],[-129.874405,53.638889],[-129.9496,53.659248],[-130.083893,53.641109],[-130.099197,53.702221],[-130.209702,53.72887],[-130.2108,53.810822],[-130.286407,53.83749],[-130.266403,53.881378],[-130.186401,53.9161],[-130.030899,53.845268],[-129.523605,53.496658],[-129.635605,53.480549],[-129.491898,53.470268],[-129.425293,53.43082],[-129.453598,53.296661],[-129.516403,53.302219],[-129.479996,53.249161]]],[[[-130.271896,53.797779],[-130.2258,53.77499],[-130.225006,53.720268],[-130.1194,53.686649],[-130.091095,53.569439],[-130.329193,53.61805],[-130.403397,53.682499],[-130.287506,53.748878],[-130.301697,53.79388],[-130.271896,53.797779]]],[[[-128.823593,53.70055],[-128.872192,53.661098],[-128.871597,53.57222],[-128.986404,53.58083],[-129.085495,53.505001],[-129.086395,53.446098],[-129.163101,53.38221],[-129.153107,53.638599],[-129.008102,53.693321],[-128.823593,53.70055]]],[[[-130.391098,53.61694],[-129.920593,53.42416],[-129.729202,53.215271],[-129.742493,53.178329],[-129.931702,53.158039],[-130.014496,53.246941],[-130.078903,53.270271],[-130.094498,53.325829],[-130.140594,53.321941],[-130.203293,53.37888],[-130.305801,53.384159],[-130.412003,53.49332],[-130.333893,53.514999],[-130.458603,53.514721],[-130.527206,53.552219],[-130.508408,53.631939],[-130.391098,53.61694]]],[[[-128.985504,53.523048],[-128.901093,53.386662],[-128.918106,53.331379],[-129.122192,53.31805],[-129.134506,53.383881],[-129.054993,53.450829],[-129.037796,53.520271],[-128.985504,53.523048]]],[[[-129.168594,53.296101],[-129.131897,53.113609],[-129.274994,53.084431],[-129.332504,53.137501],[-129.338303,53.18499],[-129.245499,53.282211],[-129.273895,53.328049],[-129.226898,53.326099],[-129.168594,53.296101]]],[[[-128.593597,52.659161],[-128.597198,52.609161],[-128.751694,52.60083],[-128.727798,52.662491],[-128.748001,52.754169],[-128.644699,52.90416],[-128.653397,52.96666],[-128.679993,52.957771],[-128.681107,52.898609],[-128.742798,52.91444],[-128.724197,52.876659],[-128.780594,52.73999],[-128.766098,52.661659],[-128.801102,52.693321],[-128.892502,52.64888],[-129.080307,52.772491],[-129.119995,52.86916],[-129.016998,52.84444],[-129.068298,52.889992],[-128.983902,52.934719],[-128.941406,53],[-128.836395,53.035549],[-129.011703,53.139721],[-128.993896,53.09721],[-128.862198,53.034161],[-128.957199,53.008331],[-129.069199,52.903881],[-129.165802,52.92305],[-129.188004,53.024158],[-129.161697,53.07111],[-129.115005,53.064709],[-129.073303,53.109161],[-129.058899,53.23138],[-129.086105,53.29361],[-128.891403,53.287769],[-128.705307,53.170551],[-128.605606,53.145271],[-128.531693,53.021099],[-128.517807,52.92749],[-128.593597,52.659161]]],[[[-131.074402,52.219379],[-131.014999,52.225552],[-131.024704,52.178051],[-131.113907,52.16777],[-131.136993,52.209721],[-131.143906,52.140831],[-131.189697,52.121929],[-131.212204,52.191929],[-131.277206,52.240829],[-131.232193,52.16193],[-131.236893,52.126942],[-131.270798,52.120831],[-131.349197,52.233051],[-131.360306,52.189159],[-131.505905,52.321659],[-131.551102,52.323879],[-131.532501,52.351391],[-131.571106,52.350269],[-131.580597,52.390549],[-131.510605,52.408878],[-131.613007,52.422771],[-131.661697,52.478321],[-131.775299,52.511669],[-131.892807,52.582771],[-131.933594,52.653881],[-132.081894,52.727489],[-132.040298,52.760551],[-131.968597,52.726101],[-132.002502,52.776939],[-131.917496,52.722488],[-131.951706,52.781109],[-132.077194,52.854439],[-132.055603,52.79361],[-132.127502,52.750832],[-132.236694,52.824711],[-132.2258,52.864441],[-132.283295,52.87471],[-132.343002,52.942211],[-132.2453,52.95388],[-132.171097,52.923611],[-132.199997,52.960548],[-132.141098,52.93277],[-132.157501,52.964161],[-132.112793,52.997768],[-132.339996,53.037769],[-132.479706,53.02721],[-132.552795,53.08971],[-132.5289,53.112209],[-132.562195,53.145271],[-132.413605,53.127491],[-132.070801,53.153881],[-131.985001,53.212212],[-131.794495,53.251389],[-131.762207,53.196659],[-131.784195,53.164711],[-131.637497,53.109718],[-131.594696,53.035271],[-131.794693,53.073051],[-131.998901,53.05138],[-131.945801,53.04166],[-131.917007,52.984718],[-131.847794,53.043049],[-131.644699,53.00388],[-131.598099,52.975269],[-131.628601,52.94276],[-131.611694,52.926102],[-131.6875,52.86916],[-131.8022,52.864719],[-131.8983,52.941101],[-131.944702,52.93166],[-131.891403,52.909988],[-131.982498,52.879711],[-131.886993,52.88916],[-131.852493,52.861938],[-131.880798,52.833328],[-131.812195,52.797218],[-131.6492,52.800541],[-131.851105,52.766109],[-131.806396,52.748329],[-131.837799,52.710819],[-131.726898,52.695541],[-131.681396,52.637501],[-131.705002,52.621658],[-131.615295,52.56889],[-131.660599,52.538891],[-131.467499,52.501389],[-131.483597,52.479431],[-131.415604,52.45805],[-131.447006,52.390549],[-131.391403,52.390831],[-131.397202,52.35305],[-131.347504,52.36805],[-131.353104,52.418331],[-131.236404,52.439159],[-131.301102,52.38055],[-131.304199,52.356659],[-131.247498,52.365829],[-131.263107,52.34277],[-131.358902,52.343609],[-131.328293,52.285],[-131.226898,52.251942],[-131.248306,52.302219],[-131.136398,52.311378],[-131.089401,52.249161],[-131.180298,52.228321],[-131.074402,52.219379]]],[[[-129.462799,53.179989],[-129.313004,53.057499],[-129.289505,52.971931],[-129.4142,53.010551],[-129.475296,53.10194],[-129.544693,53.12833],[-129.521698,53.183601],[-129.462799,53.179989]]],[[[-128.498901,52.870831],[-128.450806,52.805271],[-128.512497,52.641109],[-128.539993,52.70332],[-128.498901,52.870831]]],[[[-128.170303,52.817768],[-128.247192,52.620541],[-128.2845,52.598598],[-128.324997,52.7761],[-128.225006,52.782211],[-128.170303,52.817768]]],[[[-129.231094,52.816101],[-128.923294,52.606659],[-128.943604,52.469711],[-128.982803,52.453049],[-129.008896,52.525551],[-129.109695,52.552769],[-129.118896,52.60471],[-129.2108,52.64888],[-129.224197,52.67749],[-129.193893,52.683048],[-129.270599,52.719151],[-129.281403,52.817211],[-129.231094,52.816101]]],[[[-128.373306,52.791111],[-128.274994,52.48999],[-128.365799,52.38221],[-128.441696,52.36805],[-128.467804,52.393051],[-128.394196,52.465],[-128.423096,52.474991],[-128.437805,52.54361],[-128.450607,52.626942],[-128.418304,52.70805],[-128.441696,52.746941],[-128.373306,52.791111]]],[[[-131.468903,52.730549],[-131.439194,52.70166],[-131.458298,52.630821],[-131.5905,52.662491],[-131.593307,52.63361],[-131.547806,52.611382],[-131.585495,52.58527],[-131.709702,52.705269],[-131.574707,52.72694],[-131.674698,52.70499],[-131.549393,52.688042],[-131.468903,52.730549]]],[[[-128.535294,52.647221],[-128.464996,52.473049],[-128.486893,52.43721],[-128.536407,52.43499],[-128.6828,52.514439],[-128.714706,52.483879],[-128.813004,52.519989],[-128.802505,52.546101],[-128.697006,52.520828],[-128.738907,52.58749],[-128.577499,52.593609],[-128.552505,52.665272],[-128.535294,52.647221]]],[[[-128.616104,52.448601],[-128.617798,52.32999],[-128.675598,52.266392],[-128.726395,52.316101],[-128.759201,52.449429],[-128.674393,52.482208],[-128.616104,52.448601]]],[[[-127.596298,52.151791],[-127.6539,52.130821],[-127.717499,51.98027],[-127.8797,51.944988],[-127.9011,51.985821],[-127.8797,52.084991],[-127.7892,52.221931],[-127.510002,52.306938],[-127.400299,52.395271],[-127.263901,52.436649],[-127.234703,52.416939],[-127.244499,52.36916],[-127.207802,52.344711],[-127.232201,52.313049],[-127.596298,52.151791]]],[[[-128.092499,52.408329],[-128.056702,52.32888],[-128.213593,52.27972],[-128.1147,52.418331],[-128.092499,52.408329]]],[[[-127.961899,52.28944],[-127.907501,52.204708],[-127.924698,52.17416],[-128.092804,52.192211],[-128.011703,52.23193],[-128.046402,52.258049],[-128.169998,52.249722],[-128.047806,52.300541],[-127.961899,52.28944]]],[[[-128.148102,52.183331],[-128.151093,52.081108],[-128.2061,52.018879],[-128.253098,52.019711],[-128.291702,52.118881],[-128.2397,52.184158],[-128.148102,52.183331]]],[[[-128.031693,52.163288],[-127.879204,52.16666],[-127.962799,52.074711],[-128.105804,52.100269],[-128.1147,52.149158],[-128.031693,52.163288]]],[[[-127.951202,52.046909],[-127.970596,51.925831],[-128.032196,51.840549],[-128.0186,51.770271],[-128.131897,51.743881],[-128.110504,51.801929],[-128.132797,51.85527],[-128.254501,51.865829],[-128.199203,51.913052],[-128.222198,51.95332],[-128.145294,52.038601],[-127.951202,52.046909]]],[[[-127.998001,51.711658],[-127.873596,51.464439],[-127.914398,51.41082],[-128.003403,51.468601],[-128.0811,51.474709],[-128.153107,51.601662],[-128.136398,51.661659],[-127.998001,51.711658]]],[[[-127.121101,49.852291],[-127.241402,49.961941],[-127.178596,50.009159],[-127.176697,50.0611],[-127.091904,50.09943],[-127.090302,50.141941],[-127.172501,50.09193],[-127.292503,50.146389],[-127.277496,50.055271],[-127.380501,50.0261],[-127.470802,50.08543],[-127.420799,50.12804],[-127.485001,50.12804],[-127.428596,50.180271],[-127.596901,50.115551],[-127.635597,50.135551],[-127.609703,50.180271],[-127.650803,50.175549],[-127.788101,50.081669],[-127.906998,50.120831],[-127.745003,50.24194],[-127.8442,50.275551],[-127.804398,50.321381],[-127.931396,50.316101],[-127.9786,50.342491],[-127.923897,50.462769],[-127.584198,50.486938],[-127.446999,50.372761],[-127.57,50.512211],[-127.490303,50.56805],[-127.4142,50.575829],[-127.419403,50.596661],[-127.553001,50.56805],[-127.596703,50.596939],[-127.873299,50.623878],[-127.786697,50.582211],[-127.634499,50.578049],[-127.595596,50.536659],[-127.995102,50.466389],[-128.058594,50.486382],[-128.051407,50.44669],[-128.224197,50.531109],[-128.241394,50.58749],[-128.3367,50.63694],[-128.272797,50.66972],[-128.375305,50.6786],[-128.416702,50.769161],[-128.064194,50.872219],[-127.909698,50.87138],[-127.507202,50.772221],[-127.477097,50.700069],[-127.408897,50.746101],[-127.407204,50.700001],[-127.200302,50.61277],[-126.854698,50.55444],[-126.852501,50.523319],[-126.776398,50.546101],[-126.592499,50.47694],[-126.327797,50.48082],[-126.069199,50.438599],[-125.9478,50.384991],[-125.725601,50.352219],[-125.564201,50.36388],[-125.431702,50.310551],[-125.351898,50.149158],[-125.368301,50.125271],[-125.300598,50.10527],[-125.168602,49.912769],[-125,49.796299],[-124.866402,49.711109],[-124.883904,49.666382],[-124.977203,49.668598],[-124.789398,49.464161],[-124.716698,49.463051],[-124.535599,49.373878],[-124.170502,49.311939],[-124.110802,49.275269],[-124.175598,49.255829],[-123.957802,49.228321],[-123.909698,49.127491],[-123.810303,49.115829],[-123.749397,49.035271],[-123.757004,48.986938],[-123.8311,48.997219],[-123.582802,48.83194],[-123.603302,48.79583],[-123.565598,48.789719],[-123.567497,48.744438],[-123.648102,48.750271],[-123.538101,48.691662],[-123.509499,48.58749],[-123.535004,48.529991],[-123.4758,48.568329],[-123.4767,48.63166],[-123.439201,48.647221],[-123.4692,48.67944],[-123.4011,48.681381],[-123.341698,48.508888],[-123.2761,48.451099],[-123.336403,48.396938],[-123.443001,48.443321],[-123.546097,48.30777],[-123.583298,48.301102],[-123.762497,48.36166],[-123.924202,48.3661],[-124.423599,48.516941],[-124.438301,48.532768],[-124.396103,48.56583],[-124.489403,48.53944],[-124.688599,48.578331],[-124.8228,48.652489],[-125.113899,48.731098],[-125.184998,48.800831],[-125.005997,48.88903],[-125,48.939468],[-124.842796,49.015549],[-124.7808,49.131378],[-124.8078,49.240551],[-124.826103,49.12249],[-124.906097,49.001942],[-125.092201,48.972488],[-125.150597,48.996941],[-125.241898,48.95166],[-125.331902,48.96999],[-125.258301,49.01833],[-125.3414,49.03611],[-125.371902,48.97916],[-125.483597,48.915821],[-125.737801,49.049999],[-125.8769,49.088329],[-125.858299,49.110821],[-125.738098,49.105549],[-125.605797,49.21027],[-125.753304,49.147491],[-125.735001,49.257221],[-125.802498,49.255001],[-125.776901,49.365829],[-125.846397,49.25816],[-125.894402,49.273609],[-125.970299,49.224709],[-126.0233,49.268051],[-125.945503,49.316669],[-125.904701,49.435822],[-126.001999,49.321941],[-126.065002,49.348331],[-126.052803,49.446098],[-126.1903,49.400829],[-126.258598,49.445541],[-126.296997,49.357769],[-126.403603,49.411098],[-126.422501,49.470268],[-126.480301,49.44305],[-126.466103,49.380268],[-126.542198,49.374439],[-126.577797,49.407768],[-126.555,49.44471],[-126.566101,49.584431],[-126.470299,49.635551],[-126.134201,49.64999],[-126.086899,49.657211],[-126.103104,49.679161],[-126.324997,49.64888],[-126.438301,49.66415],[-126.483101,49.702492],[-126.408897,49.770271],[-126.456398,49.78833],[-126.4972,49.712769],[-126.584999,49.701099],[-126.645599,49.892769],[-126.731697,49.880268],[-126.829498,49.96471],[-126.800797,49.913879],[-126.845596,49.88221],[-126.884201,49.879162],[-126.914703,49.965832],[-126.9394,49.86277],[-127.121101,49.852291]]],[[[-126.797798,50.768879],[-126.8647,50.78944],[-126.9058,50.822769],[-126.881401,50.83028],[-126.794197,50.80471],[-126.779198,50.831669],[-126.643303,50.846939],[-126.563004,50.799999],[-126.797798,50.768879]]],[[[-126.251701,50.818932],[-126.176697,50.743881],[-126.243896,50.717209],[-126.266403,50.654709],[-126.6175,50.664989],[-126.389702,50.806381],[-126.251701,50.818932]]],[[[-126.336403,50.52166],[-126.623901,50.533878],[-126.286102,50.598331],[-126.224701,50.55666],[-126.336403,50.52166]]],[[[-125.370796,50.45583],[-125.330597,50.42527],[-125.385803,50.369709],[-125.457802,50.34943],[-125.536903,50.379162],[-125.370796,50.45583]]],[[[-125.273102,50.43111],[-125.168098,50.382771],[-125.051903,50.22665],[-125.049202,50.193321],[-125.088303,50.197208],[-125.133904,50.122761],[-125.154198,50.133331],[-125.1269,50.21944],[-125.2136,50.316669],[-125.393097,50.29583],[-125.388603,50.343048],[-125.313301,50.340832],[-125.320602,50.385551],[-125.273102,50.43111]]],[[[-124.898598,50.29388],[-124.811401,50.275551],[-124.820297,50.20583],[-124.756699,50.178329],[-124.806999,50.11388],[-124.870796,50.156651],[-124.834396,50.192211],[-124.915604,50.188881],[-124.963097,50.236382],[-124.898598,50.29388]]],[[[-125.345497,50.263901],[-125.2547,50.29361],[-125.167198,50.213612],[-125.186699,50.141659],[-125.233101,50.11805],[-125.178001,50.078609],[-125.167801,49.98082],[-125.215599,50.07888],[-125.323601,50.14333],[-125.345497,50.263901]]],[[[-124.983299,50.225552],[-124.891098,50.06805],[-124.987198,50.012772],[-125,50.064308],[-125.067001,50.107498],[-124.982201,50.176102],[-125.005798,50.225819],[-124.983299,50.225552]]],[[[-126.7687,49.87862],[-126.681702,49.849998],[-126.636101,49.759441],[-126.613297,49.648331],[-126.633102,49.5961],[-126.807999,49.619709],[-126.974197,49.740269],[-126.855797,49.776939],[-126.988602,49.811378],[-126.970299,49.832211],[-126.7687,49.87862]]],[[[-124.122803,49.49361],[-124.440002,49.612499],[-124.4767,49.67194],[-124.654198,49.736111],[-124.6567,49.79694],[-124.351402,49.69804],[-124.122803,49.49361]]],[[[-126.1269,49.39027],[-126.0728,49.343048],[-126.064697,49.250832],[-126.239197,49.289719],[-126.234703,49.374161],[-126.1269,49.39027]]],[[[-123.674698,49.093048],[-123.521698,48.96027],[-123.3125,48.86805],[-123.378899,48.856941],[-123.529999,48.938042],[-123.662498,49.035271],[-123.705299,49.100269],[-123.674698,49.093048]]],[[[-123.577202,48.929161],[-123.433899,48.84444],[-123.494499,48.845268],[-123.371696,48.7575],[-123.456398,48.76527],[-123.431999,48.7211],[-123.524696,48.722488],[-123.551903,48.75222],[-123.532501,48.795269],[-123.571701,48.829159],[-123.547798,48.859989],[-123.592796,48.898331],[-123.596703,48.946941],[-123.577202,48.929161]]],[[[-117.030998,49],[-117.4375,49],[-118.199203,49],[-118.842499,49],[-120.855797,48.999969],[-122.7603,48.999439],[-122.862503,49.022221],[-122.859398,49.077221],[-122.900002,49.087212],[-123.0392,49.0425],[-123.034302,48.999439],[-123.145798,49.058601],[-123.036102,49.149719],[-123.115501,49.108601],[-123.205002,49.1236],[-123.2033,49.194439],[-123.127197,49.19582],[-123.248901,49.273609],[-123.146698,49.271381],[-123.147797,49.308041],[-122.923599,49.28833],[-122.852798,49.4361],[-122.876404,49.455551],[-122.901398,49.36055],[-122.953102,49.310268],[-123.269203,49.331108],[-123.288101,49.374989],[-123.233299,49.426102],[-123.256699,49.512772],[-123.159698,49.699162],[-123.241898,49.660549],[-123.254501,49.588329],[-123.4925,49.50972],[-123.4767,49.419159],[-123.535599,49.381378],[-123.749199,49.461109],[-123.896103,49.470539],[-124.0681,49.633881],[-124.021103,49.726379],[-123.940598,49.742489],[-123.833099,49.627491],[-123.769699,49.504711],[-123.759201,49.601101],[-123.614998,49.63916],[-123.534203,49.701389],[-123.7967,49.638329],[-123.931396,49.76416],[-123.872803,49.877209],[-123.959702,49.981659],[-123.744499,50.086941],[-123.821404,50.15221],[-123.985001,50.216099],[-123.809196,50.099998],[-123.999199,50.00639],[-123.979698,49.91666],[-123.911102,49.869709],[-123.926399,49.825829],[-124.004204,49.810551],[-124.037804,49.922489],[-124.071999,49.873322],[-124.046097,49.841099],[-124.084396,49.79916],[-124.257797,49.775829],[-124.2714,49.742771],[-124.511902,49.796101],[-124.532799,49.84444],[-124.741898,49.958328],[-124.829697,50.061939],[-124.686401,49.98444],[-124.704697,50.030819],[-124.668602,50.076389],[-124.700302,50.10833],[-124.626099,50.165272],[-124.601402,50.23888],[-124.714996,50.327492],[-124.651901,50.38916],[-124.434196,50.43166],[-124.347801,50.502491],[-124.563004,50.42083],[-124.671402,50.425831],[-124.830002,50.309429],[-124.959999,50.33305],[-124.948898,50.37582],[-124.994698,50.430271],[-124.9953,50.353882],[-125.0783,50.322491],[-125.056702,50.47694],[-125,50.490829],[-124.858002,50.590549],[-124.860298,50.6786],[-124.822502,50.723598],[-124.913597,50.79361],[-124.786903,50.884441],[-124.849998,50.935261],[-124.912804,50.841099],[-124.983299,50.8036],[-124.897003,50.72971],[-124.9217,50.661381],[-124.903603,50.619991],[-125.104202,50.496941],[-125.1147,50.436939],[-125.170303,50.412491],[-125.246101,50.462212],[-125.245003,50.503609],[-125.315804,50.465271],[-125.363297,50.541382],[-125.4217,50.465271],[-125.573303,50.458889],[-125.527802,50.540279],[-125.532204,50.627209],[-125.4328,50.713879],[-125.547203,50.66193],[-125.573898,50.544159],[-125.623901,50.50639],[-125.613899,50.465271],[-125.700302,50.428051],[-125.795502,50.496101],[-125.738602,50.516109],[-125.815804,50.534161],[-125.952202,50.46888],[-126.275002,50.5075],[-126.232803,50.53611],[-126.175797,50.519161],[-126.170303,50.573879],[-125.9403,50.629162],[-126.207802,50.588879],[-126.273903,50.632141],[-125.704201,50.678329],[-125.6772,50.73444],[-125.611099,50.764721],[-125.641998,50.853321],[-125.546402,50.861382],[-125.5056,50.933331],[-125.551697,51.042221],[-125.633904,51.096939],[-125.5811,50.95388],[-125.542801,50.932499],[-125.6744,50.86694],[-125.680298,50.81554],[-125.643097,50.783878],[-125.703598,50.764999],[-125.746902,50.70805],[-125.936897,50.681381],[-125.9953,50.70805],[-126.210297,50.665272],[-126.2089,50.707771],[-126.024696,50.793049],[-126.181396,50.778332],[-126.1772,50.86805],[-126.493301,50.81638],[-126.552803,50.834721],[-126.557503,50.876659],[-126.494499,50.918049],[-126.2258,50.898609],[-126.170303,50.936649],[-126.4636,50.94804],[-126.516403,51.070549],[-126.549202,51.014439],[-126.524399,50.937489],[-126.6614,50.86805],[-126.854401,50.93943],[-126.917198,50.899158],[-127.176399,50.929161],[-127.062798,50.885269],[-126.917503,50.876659],[-127.022499,50.817501],[-127.2547,50.913879],[-127.398598,50.92638],[-127.441101,50.947769],[-127.420799,50.978321],[-127.535301,51.000549],[-127.5028,51.097488],[-127.381104,51.059052],[-127.330803,51.047779],[-127.236099,51.041111],[-126.848602,51.069721],[-126.765602,51.056381],[-126.7117,51.000832],[-126.704498,51.039719],[-126.743103,51.0825],[-126.652802,51.14999],[-126.658302,51.19276],[-126.806999,51.089161],[-127.206703,51.056381],[-127.388397,51.067989],[-127.500603,51.11805],[-127.649399,51.09222],[-127.790001,51.165539],[-127.761902,51.249439],[-127.565598,51.293049],[-127.306702,51.280499],[-127.143303,51.318329],[-127.115799,51.391659],[-127.188004,51.323608],[-127.280602,51.301102],[-127.509697,51.310268],[-127.465302,51.358051],[-127.57,51.328609],[-127.784203,51.33305],[-127.778297,51.361111],[-127.663902,51.385551],[-127.551697,51.468319],[-127.500603,51.613609],[-127.233299,51.662491],[-126.6633,51.64888],[-126.605301,51.713051],[-126.6633,51.797218],[-126.639999,51.709991],[-126.693001,51.664711],[-127.053902,51.697769],[-127.2742,51.683331],[-127.3367,51.712769],[-127.425797,51.66666],[-127.433098,51.75],[-127.3619,51.77166],[-127.351097,51.863609],[-127.392799,51.77721],[-127.453102,51.772491],[-127.474403,51.70499],[-127.644203,51.69804],[-127.462196,51.6675],[-127.540298,51.638889],[-127.5858,51.570549],[-127.561096,51.538601],[-127.640297,51.458599],[-127.7547,51.479988],[-127.656403,51.508888],[-127.795502,51.5261],[-127.787201,51.560268],[-127.840599,51.641731],[-127.878098,51.673882],[-127.866096,51.89999],[-127.789703,51.941101],[-127.667801,51.949162],[-127.651398,52.051659],[-127.580299,52.129162],[-127.480598,52.1511],[-127.462502,52.112499],[-127.584396,52.093609],[-127.6203,52.027771],[-127.547203,52.07972],[-127.4114,52.090549],[-127.453102,52.179989],[-127.2453,52.248878],[-127.1717,52.312489],[-127.004997,52.3036],[-126.938004,52.246941],[-126.937202,52.196098],[-126.751999,52.078609],[-126.669403,51.983601],[-126.669701,52.041939],[-126.751701,52.125271],[-126.900597,52.205269],[-126.940804,52.303879],[-126.867798,52.35416],[-126.736702,52.37804],[-126.792801,52.39555],[-126.9814,52.33527],[-127.082497,52.334991],[-127.186401,52.380821],[-127.2342,52.517208],[-127.074203,52.61639],[-126.989403,52.631939],[-126.922203,52.71888],[-126.966904,52.828609],[-127.071098,52.883881],[-126.980797,52.72443],[-127.075699,52.639721],[-127.257202,52.54583],[-127.266701,52.464161],[-127.452499,52.40443],[-127.611702,52.29472],[-127.746101,52.276661],[-127.714203,52.353611],[-127.736702,52.349998],[-127.858299,52.206661],[-127.928596,52.30471],[-127.905296,52.3461],[-127.841698,52.365002],[-127.916397,52.44582],[-127.869698,52.5061],[-127.900002,52.509991],[-127.930603,52.434429],[-127.889999,52.384991],[-127.963898,52.321659],[-128.057205,52.394711],[-128.068298,52.447769],[-128.009506,52.50861],[-127.9375,52.499722],[-127.8797,52.57972],[-128.099701,52.503052],[-128.151093,52.409988],[-128.304993,52.26944],[-128.393906,52.291382],[-128.224396,52.459721],[-128.239197,52.56694],[-128.113007,52.748329],[-128.139206,52.837212],[-128.128098,52.88055],[-128.025299,52.912209],[-128.139206,52.924438],[-128.235306,52.80582],[-128.441101,52.822769],[-128.495499,52.887501],[-128.537796,53.073051],[-128.496597,53.09721],[-128.554199,53.118881],[-128.4814,53.141941],[-128.571899,53.142769],[-128.663605,53.239429],[-128.685303,53.18943],[-128.858902,53.283611],[-128.878296,53.338039],[-128.8461,53.36832],[-128.883606,53.369991],[-128.889206,53.430271],[-128.829407,53.477772],[-128.923294,53.45388],[-128.972794,53.553051],[-128.866592,53.535],[-128.794998,53.5686],[-128.754196,53.493881],[-128.670807,53.45055],[-128.692505,53.485271],[-128.643906,53.474991],[-128.4953,53.388599],[-128.481903,53.33971],[-128.474396,53.389721],[-128.504196,53.407768],[-128.373596,53.442211],[-128.352493,53.475819],[-128.131897,53.448879],[-128.071106,53.396389],[-128.099396,53.33638],[-128.032196,53.367489],[-127.952003,53.326099],[-127.946098,53.25222],[-127.867798,53.239719],[-127.93,53.284721],[-127.925003,53.329159],[-128.050293,53.395],[-128.114395,53.488041],[-128.380295,53.499439],[-128.389206,53.462212],[-128.517502,53.431381],[-128.756104,53.560268],[-128.816696,53.623322],[-128.764694,53.71944],[-128.7939,53.764999],[-128.770599,53.79583],[-128.689697,53.81221],[-128.643097,53.863049],[-128.471405,53.8325],[-128.688599,53.889992],[-128.609207,54.03138],[-128.685303,54.000832],[-128.720001,53.938881],[-128.9319,53.774712],[-128.904694,53.856659],[-128.943893,53.80999],[-128.950806,53.878601],[-129.003906,53.89333],[-128.966904,53.863049],[-128.964203,53.782211],[-129.009201,53.762211],[-129.0569,53.811939],[-129.028595,53.7486],[-129.232498,53.62582],[-129.261993,53.517769],[-129.2314,53.500832],[-129.237503,53.433601],[-129.310699,53.379501],[-129.606094,53.567768],[-129.734695,53.67527],[-129.699707,53.671101],[-129.713593,53.699429],[-129.989395,53.845829],[-129.962204,53.88583],[-130.031693,53.876381],[-130.101395,53.946659],[-130.090805,54.071659],[-130.046707,54.15332],[-129.950302,54.158039],[-129.839996,54.027771],[-129.718903,53.951389],[-129.737198,54.001659],[-129.834198,54.05471],[-129.929703,54.183048],[-129.831894,54.21944],[-129.614197,54.178921],[-129.470001,54.237209],[-129.616898,54.194149],[-129.854996,54.238041],[-130.122803,54.15443],[-130.278595,54.208889],[-130.279999,54.24361],[-130.195602,54.259991],[-130.2603,54.33749],[-130.250305,54.400829],[-130.275803,54.34972],[-130.348907,54.326939],[-130.481094,54.364719],[-130.473602,54.435822],[-130.381104,54.45805],[-130.433594,54.496658],[-130.429993,54.562489],[-130.375793,54.571659],[-130.439697,54.612209],[-130.416702,54.630268],[-130.063004,54.339989],[-129.982803,54.3111],[-129.959702,54.326939],[-130.038605,54.34193],[-130.089706,54.402771],[-130.059204,54.47916],[-129.978897,54.516941],[-130.0672,54.49416],[-130.082794,54.434719],[-130.123306,54.42749],[-130.351395,54.61805],[-130.368607,54.66777],[-130.171906,54.703609],[-130.000595,54.614719],[-129.880798,54.614719],[-130.004501,54.632771],[-130.079193,54.691929],[-130.201706,54.72694],[-130.155594,54.815269],[-130.050293,54.88694],[-130.173904,54.846661],[-130.031998,54.965271],[-129.954193,54.95916],[-129.974396,54.914989],[-129.824402,54.989159],[-129.622498,54.997768],[-129.998306,55.018051],[-129.961395,55.093319],[-129.860504,55.170551],[-129.815598,55.255001],[-129.749405,55.28833],[-129.643295,55.434158],[-129.523895,55.439991],[-129.4711,55.472759],[-129.636993,55.456661],[-129.708298,55.409988],[-129.811996,55.629162],[-129.772797,55.473881],[-129.839401,55.387501],[-129.824402,55.361938],[-129.790604,55.398048],[-129.808594,55.367771],[-129.782501,55.353611],[-129.830795,55.323051],[-129.813904,55.289719],[-129.920807,55.151932],[-130.068298,54.996941],[-130.113602,54.99638],[-130.160004,55.086109],[-129.943893,55.282211],[-130.007202,55.355],[-130.0242,55.46471],[-130.1017,55.556381],[-130.074707,55.672489],[-130.174698,55.75444],[-130.015106,55.90918],[-130.088593,56.11805],[-130.4142,56.12888],[-130.461899,56.235271],[-130.627197,56.25861],[-130.774399,56.3661],[-131.054993,56.398048],[-131.5578,56.602219],[-131.824203,56.596939],[-131.861404,56.799721],[-132.103104,56.866661],[-132.027496,57.036381],[-132.336899,57.088329],[-132.2267,57.204708],[-133.136993,58.13583],[-133.361099,58.280548],[-133.429993,58.45916],[-133.826904,58.726101],[-134.245499,58.856941],[-134.461395,59.126659],[-134.566406,59.13055],[-134.688004,59.24332],[-134.951904,59.279991],[-134.989197,59.389992],[-135.091705,59.426941],[-135.021103,59.4711],[-135.014496,59.567501],[-135.473602,59.801929],[-136.343903,59.602779],[-136.233902,59.525829],[-136.463593,59.469711],[-136.462799,59.28944],[-136.583893,59.163319],[-136.808899,59.165272],[-137.4655,58.906101],[-137.590805,59.238602],[-138.615799,59.774158],[-138.690308,59.90694],[-138.938599,59.997551],[-134.906601,60],[-134.639297,60.000198],[-134.151703,59.999722],[-133.791199,60],[-125.000801,60.003868],[-123.816902,59.994709],[-119.982903,59.988522],[-120.000801,54.005871],[-120.000801,53.808041],[-119.904701,53.778599],[-119.921097,53.718319],[-119.810303,53.707771],[-119.735298,53.634991],[-119.7686,53.603321],[-119.932198,53.60722],[-119.882797,53.560268],[-119.902496,53.520271],[-119.842499,53.518051],[-119.778099,53.446941],[-119.738098,53.395],[-119.606102,53.37804],[-119.385803,53.36166],[-119.348099,53.275269],[-119.265602,53.196659],[-119.045502,53.137772],[-119.013603,53.144711],[-119.012199,53.223049],[-118.9786,53.237209],[-118.759697,53.12471],[-118.781097,53.05582],[-118.669998,53.034439],[-118.679703,52.970539],[-118.625,52.884159],[-118.491402,52.89777],[-118.415604,52.83638],[-118.428902,52.78611],[-118.3461,52.74332],[-118.305,52.674709],[-118.349998,52.61805],[-118.2817,52.565269],[-118.286903,52.527771],[-118.208298,52.48082],[-118.259697,52.442211],[-118.223099,52.365551],[-118.145798,52.39888],[-118.047501,52.404991],[-118.0056,52.48777],[-117.902802,52.424999],[-117.7547,52.403599],[-117.7314,52.344151],[-117.829697,52.27277],[-117.760002,52.200829],[-117.6875,52.196098],[-117.600304,52.13055],[-117.363098,52.138599],[-117.318901,52.181938],[-117.269997,52.044998],[-117.0392,51.908039],[-116.919197,51.70916],[-116.812798,51.715271],[-116.815804,51.750549],[-116.746101,51.79916],[-116.658897,51.796661],[-116.597504,51.716381],[-116.595001,51.65749],[-116.488098,51.613049],[-116.466103,51.56638],[-116.399696,51.54472],[-116.3797,51.488602],[-116.305,51.461658],[-116.306099,51.388329],[-116.262199,51.316669],[-116.060501,51.24638],[-116.0261,51.21693],[-116.016098,51.138329],[-115.957802,51.103882],[-115.776703,51.073608],[-115.759697,51.035831],[-115.618599,50.969151],[-115.571999,50.90332],[-115.647202,50.85471],[-115.527802,50.791939],[-115.419197,50.754169],[-115.395798,50.71693],[-115.346703,50.732208],[-115.311699,50.706661],[-115.283096,50.658878],[-115.320602,50.638599],[-115.218903,50.54694],[-115.1017,50.588329],[-115.016998,50.575001],[-114.8367,50.39666],[-114.770302,50.35833],[-114.793602,50.334721],[-114.754997,50.288891],[-114.724197,50.125549],[-114.658897,50.065269],[-114.643303,49.977772],[-114.684998,49.9575],[-114.6875,49.913601],[-114.626099,49.797218],[-114.636101,49.727772],[-114.679703,49.63221],[-114.738297,49.608601],[-114.6894,49.547218],[-114.576401,49.556099],[-114.599998,49.442211],[-114.576401,49.389992],[-114.476097,49.341381],[-114.429398,49.265549],[-114.376701,49.25639],[-114.372803,49.204159],[-114.225304,49.188599],[-114.154198,49.148048],[-114.1567,49.103611],[-114.035301,49.031109],[-114.060303,49],[-114.0625,49],[-114.728302,49],[-116.0625,49],[-117.030998,49]]]]}},{"type":"Feature","id":"CA-Nunavut","properties":{"name":"Nunavut","country":"CA"},"geometry":{"type":"MultiPolygon","coordinates":[[[[-109.978409,78.671058],[-109.405296,78.556931],[-109.326401,78.518883],[-109.3339,78.493874],[-109.254997,78.478592],[-109.354401,78.388893],[-109.3181,78.358032],[-109.404999,78.306374],[-109.824402,78.293869],[-109.983902,78.325546],[-109.978409,78.671058]]],[[[-109.791702,78.099152],[-109.580597,78.058319],[-109.705597,77.959991],[-109.987239,77.924049],[-109.985789,78.101103],[-109.791702,78.099152]]],[[[-108.482697,76.456818],[-108.607498,76.410538],[-108.318604,76.39415],[-108.077499,76.279709],[-108.218903,76.258881],[-108.093102,76.214157],[-108.380302,76.165268],[-108.4086,76.147774],[-108.394203,76.124977],[-108.456703,76.099152],[-108.384201,76.086647],[-108.496696,76.039978],[-107.838303,76.061371],[-107.6325,75.991089],[-107.785301,75.928864],[-107.750298,75.905548],[-107.930298,75.885536],[-108.031097,75.822487],[-108.020302,75.780823],[-107.873596,75.798027],[-107.739403,75.87915],[-107.369499,75.911652],[-107.064201,75.892761],[-107.043098,75.883331],[-107.0858,75.872482],[-107.098099,75.823036],[-106.958603,75.791931],[-107.0317,75.771103],[-106.951103,75.747482],[-106.963097,75.702766],[-106.874702,75.64415],[-106.9058,75.686096],[-106.861397,75.75499],[-106.880302,75.765823],[-106.615799,75.797211],[-106.888901,75.834717],[-106.863602,75.886932],[-106.896103,75.941093],[-106.869698,75.964157],[-106.606102,76.057747],[-105.9702,76.012421],[-105.668297,75.955551],[-105.478897,75.863037],[-105.445801,75.830551],[-105.463898,75.77916],[-105.419701,75.743591],[-105.459999,75.72998],[-105.388298,75.656372],[-105.496399,75.555252],[-105.751404,75.4897],[-105.592796,75.467484],[-105.714203,75.416382],[-105.6464,75.365257],[-105.866898,75.275818],[-105.937798,75.214432],[-105.8442,75.183319],[-105.8853,75.140266],[-106.070297,75.106644],[-105.993301,75.055817],[-106.725601,75.002213],[-106.930603,74.933594],[-107.197197,74.910812],[-107.662498,74.96666],[-107.7239,75.016388],[-107.681396,75.04248],[-107.695,75.075272],[-107.7733,75.0961],[-107.743896,75.037201],[-108,75.001938],[-107.948898,74.958038],[-108.016403,74.943588],[-107.941902,74.930817],[-108.373001,74.910538],[-108.807198,74.983597],[-108.511398,74.976379],[-108.651398,75.053864],[-108.832497,75.069992],[-108.949699,75.040268],[-108.967796,75.018883],[-108.937202,75.003326],[-109.034698,75.003052],[-108.996399,74.984711],[-109.345802,74.944702],[-109.398598,74.896103],[-109.627296,74.856888],[-109.872498,74.869141],[-110.008101,74.833102],[-110.00402,75.532769],[-109.664703,75.531097],[-108.899399,75.476379],[-108.932503,75.528587],[-109.030602,75.552757],[-108.853897,75.560257],[-108.895798,75.586929],[-108.836403,75.615807],[-108.936096,75.674698],[-108.827003,75.686653],[-109.391998,75.769707],[-109.464401,75.786652],[-109.413902,75.799713],[-109.691399,75.806931],[-109.626404,75.832489],[-109.702499,75.841927],[-109.663597,75.870819],[-109.907799,75.849991],[-110.001897,75.875843],[-110.001757,75.898089],[-109.672203,75.943863],[-109.397499,76.011383],[-109.433098,76.029984],[-109.405602,76.040817],[-109.290604,76.034988],[-109.387199,76.066093],[-109.313599,76.109154],[-109.521698,76.181091],[-109.720001,76.194977],[-109.699997,76.218872],[-109.882797,76.233871],[-109.896698,76.193588],[-109.999649,76.224774],[-109.997979,76.474992],[-109.746399,76.505547],[-109.711403,76.529984],[-109.847198,76.532494],[-109.759201,76.568047],[-109.776398,76.593597],[-109.664398,76.583878],[-109.654999,76.61499],[-109.555298,76.626373],[-109.562202,76.658333],[-109.508301,76.717758],[-109.350304,76.74942],[-109.302803,76.796944],[-108.9189,76.809418],[-108.773598,76.857758],[-108.6511,76.813599],[-108.688301,76.766098],[-108.527199,76.760269],[-108.446404,76.723602],[-108.441902,76.696373],[-108.544701,76.646378],[-108.727203,76.638046],[-108.690598,76.60054],[-108.5289,76.553864],[-108.628304,76.517761],[-108.530602,76.515549],[-108.590302,76.481934],[-108.482697,76.456818]]],[[[-110.019917,72.442051],[-109.952499,72.459991],[-109.782799,72.429428],[-110.019692,72.493611],[-110.019536,72.529154],[-109.888603,72.484711],[-109.795303,72.494141],[-109.9589,72.612762],[-110.01912,72.623398],[-110.018727,72.7117],[-109.832802,72.663307],[-109.816704,72.676086],[-109.856903,72.702766],[-109.770302,72.722214],[-110.018556,72.749766],[-110.017534,72.974877],[-109.902199,72.965271],[-109.853897,72.91748],[-109.634499,72.918053],[-109.7547,72.878593],[-109.3797,72.770538],[-109.400803,72.750267],[-109.165802,72.758614],[-109.111702,72.739967],[-109.154701,72.717209],[-108.937202,72.667213],[-109.029999,72.647217],[-109.043297,72.56749],[-108.851097,72.56749],[-108.888901,72.597763],[-108.866898,72.60582],[-108.621399,72.549988],[-108.589401,72.494431],[-108.637199,72.444427],[-108.662804,72.346367],[-108.5242,72.199707],[-108.5364,72.142212],[-108.404404,72.146942],[-108.433296,72.12886],[-108.398903,72.113602],[-108.412201,71.989967],[-108.2939,71.976379],[-108.332802,71.925812],[-108.186699,71.955833],[-108.294998,71.876083],[-108.241699,71.835541],[-108.2808,71.786926],[-108.165298,71.754707],[-108.238098,71.713882],[-108.066101,71.717758],[-107.976097,71.666382],[-107.982803,71.633331],[-107.845299,71.603867],[-107.724197,71.623871],[-107.836403,71.681664],[-107.804398,71.726646],[-107.663902,71.702477],[-107.535599,71.779709],[-107.251999,71.804428],[-107.470802,71.870819],[-107.296997,71.874153],[-107.257004,71.900269],[-107.4133,71.928307],[-107.422203,71.974991],[-107.613899,72.012497],[-107.653297,72.066383],[-107.610001,72.088593],[-107.660004,72.113602],[-107.6353,72.121918],[-107.7789,72.136658],[-107.792198,72.255257],[-107.864197,72.298317],[-107.7136,72.300812],[-107.843903,72.354156],[-107.801903,72.381927],[-107.877502,72.424423],[-107.781403,72.456383],[-107.980598,72.511108],[-107.8769,72.524429],[-107.876701,72.567207],[-108.011902,72.61998],[-107.954498,72.63916],[-108.025299,72.666092],[-108.005798,72.702477],[-108.0439,72.726379],[-108.079697,72.748032],[-108.051102,72.781372],[-108.145798,72.87886],[-108.101402,72.901093],[-108.169403,72.956383],[-108.1353,72.982483],[-108.232803,73.033051],[-108.156097,73.048599],[-108.300003,73.135536],[-108.166397,73.203873],[-107.864197,73.188583],[-108.116402,73.264427],[-108.1436,73.30748],[-108.0131,73.309143],[-108.071404,73.353317],[-107.614403,73.317207],[-107.069702,73.173866],[-107.010803,73.19136],[-107.123596,73.240257],[-107.0839,73.283333],[-106.861397,73.310806],[-106.750801,73.289146],[-106.6511,73.222488],[-106.486702,73.224991],[-106.463303,73.179703],[-106.240303,73.085823],[-106.047501,73.044708],[-105.855598,73.056931],[-105.824699,73.045258],[-105.822197,73.002487],[-105.608299,72.944977],[-105.636703,72.929153],[-105.525002,72.875259],[-105.555,72.86026],[-105.452797,72.842758],[-105.363899,72.785263],[-105.399399,72.767212],[-105.321999,72.741653],[-105.3778,72.729431],[-105.510002,72.776932],[-105.431702,72.729156],[-105.457199,72.702766],[-105.290802,72.651657],[-105.3433,72.617203],[-105.310799,72.595261],[-105.318298,72.55748],[-105.238098,72.54776],[-105.2239,72.512207],[-105.252197,72.489967],[-105.195801,72.482483],[-105.217796,72.444977],[-105.301903,72.455261],[-104.957497,72.181374],[-105.037498,72.118317],[-105.0186,72.06694],[-104.954697,72.057213],[-104.871902,71.989967],[-104.790001,71.84137],[-104.673302,71.823318],[-104.355301,71.574432],[-104.401901,71.498322],[-104.319199,71.462486],[-104.3442,71.410812],[-104.277802,71.351089],[-104.471397,71.351089],[-104.496902,71.322769],[-104.438904,71.257767],[-104.448898,71.218872],[-104.648598,71.119141],[-104.414398,70.999153],[-104.122803,70.914703],[-103.994202,70.752777],[-103.838898,70.743317],[-103.556396,70.600807],[-103.309196,70.595261],[-103.121696,70.501938],[-102.930603,70.49054],[-102.932503,70.5186],[-103.126099,70.573883],[-103.1539,70.665817],[-103.066704,70.669983],[-102.848297,70.593872],[-102.853897,70.508331],[-102.377197,70.412491],[-102.195,70.324158],[-102.130798,70.342758],[-101.893303,70.25444],[-101.714699,70.308868],[-101.5886,70.271927],[-101.650597,70.210823],[-101.551903,70.109421],[-101.4133,70.12442],[-101.375801,70.177757],[-101.222198,70.131927],[-101.135002,70.159714],[-101.1119,70.197197],[-100.973297,70.155548],[-101.002502,70.088882],[-100.926102,70.021103],[-100.921898,69.965271],[-100.961403,69.928589],[-100.9039,69.910538],[-100.870003,69.814423],[-100.878098,69.771652],[-100.948898,69.733597],[-100.920303,69.701103],[-100.957199,69.662491],[-101.0644,69.648613],[-101.155296,69.688026],[-101.329697,69.669983],[-101.473297,69.832764],[-101.4161,69.886932],[-101.445297,69.909149],[-101.672501,69.646103],[-101.766098,69.721916],[-101.948601,69.741364],[-102.029701,69.801086],[-102.018303,69.829163],[-102.050797,69.85582],[-102.149696,69.82666],[-102.168602,69.887207],[-102.230301,69.917213],[-102.257797,69.889977],[-102.237198,69.850807],[-102.340797,69.835823],[-102.299202,69.794434],[-102.349701,69.756378],[-102.380302,69.761383],[-102.364197,69.795258],[-102.387802,69.81192],[-102.402199,69.77388],[-102.486702,69.785812],[-102.576401,69.737488],[-102.680603,69.759987],[-102.592201,69.693863],[-102.483597,69.6922],[-102.507797,69.564148],[-102.813004,69.529709],[-103.186699,69.629433],[-103.297501,69.69693],[-103.486702,69.684708],[-103.504204,69.613037],[-103.216698,69.551086],[-103.127502,69.432213],[-103.095001,69.452209],[-103.089203,69.521927],[-103.0233,69.493874],[-102.990799,69.419434],[-103.033897,69.359993],[-103.008301,69.332207],[-103.023102,69.271652],[-103.204498,69.200821],[-103.208603,69.122757],[-103.160599,69.117752],[-102.840797,69.383331],[-102.519203,69.412201],[-102.460297,69.482208],[-102.057503,69.483597],[-101.931099,69.407494],[-102.035797,69.349991],[-102.160599,69.354713],[-102.169998,69.31749],[-102.1017,69.334991],[-102.037201,69.276382],[-102.0886,69.231934],[-102.212799,69.276382],[-102.217201,69.225273],[-102.093597,69.178589],[-102.036697,69.231659],[-101.921898,69.260269],[-101.751701,69.160538],[-101.8675,69.04248],[-101.808601,68.998032],[-101.962799,68.96666],[-102.062202,68.996933],[-102.144997,68.947662],[-102.392197,68.953049],[-102.398399,68.908867],[-102.535797,68.864433],[-102.753098,68.89415],[-102.699997,68.839981],[-102.894699,68.799988],[-103.005798,68.795258],[-103.1642,68.843048],[-103.320801,68.829712],[-103.374199,68.777481],[-103.5494,68.82666],[-104.110298,68.859421],[-104.240501,68.896652],[-104.264999,68.9422],[-104.303596,68.930267],[-104.270798,68.900543],[-104.457497,68.936653],[-104.5028,68.877762],[-104.583603,68.859711],[-105.129204,68.896378],[-105.2742,68.948868],[-105.173302,68.991928],[-105.0392,68.990257],[-105.041397,69.018883],[-104.936401,69.030548],[-104.922997,69.074707],[-105.083298,69.106369],[-105.122803,69.091087],[-105.035797,69.05748],[-105.450798,69.094994],[-105.616898,69.160812],[-106.177803,69.14415],[-106.406097,69.180542],[-106.394402,69.236923],[-106.267799,69.292213],[-106.312202,69.338318],[-106.310303,69.40387],[-106.602203,69.498871],[-106.733101,69.44165],[-106.753304,69.37915],[-106.985497,69.3461],[-106.929199,69.21666],[-107.037804,69.185806],[-107.025803,69.151382],[-107.1381,69.150543],[-107.304199,69.032494],[-107.955803,68.931053],[-108.534401,68.944702],[-108.563301,68.933594],[-108.529701,68.901382],[-108.551399,68.879433],[-108.9375,68.741089],[-109.400002,68.693314],[-109.656403,68.632751],[-110.220001,68.62915],[-110.3778,68.574158],[-110.4272,68.608322],[-110.576698,68.616653],[-110.950302,68.551933],[-111.035004,68.563873],[-110.860298,68.587769],[-110.863602,68.608597],[-111.379204,68.584152],[-111.405296,68.568047],[-111.209198,68.549149],[-111.238098,68.514427],[-111.600601,68.543587],[-112.124397,68.527771],[-112.612198,68.502213],[-112.670303,68.469147],[-113.251404,68.452209],[-113.309402,68.467209],[-113.291397,68.489151],[-113.043602,68.504173],[-113.357803,68.59137],[-113.448303,68.645264],[-113.4533,68.700821],[-113.676903,68.811096],[-113.617203,68.845261],[-113.6772,68.900818],[-113.569504,68.957207],[-113.570801,69.023323],[-113.639999,69.032494],[-113.544998,69.048027],[-113.657799,69.091087],[-113.675598,69.121643],[-113.638298,69.138603],[-113.696098,69.154709],[-113.6922,69.189423],[-113.521103,69.178589],[-114.311401,69.284988],[-114.764198,69.252213],[-114.991898,69.280273],[-115.190804,69.236923],[-115.499702,69.256104],[-115.955803,69.292213],[-116.525803,69.407494],[-116.6297,69.458878],[-116.561401,69.488586],[-116.6092,69.524429],[-116.581398,69.560532],[-116.75,69.574997],[-116.724701,69.541656],[-116.910301,69.590271],[-116.859908,69.637114],[-116.513568,69.634805],[-117.118097,69.891887],[-117.085008,69.999148],[-112.887108,69.991098],[-112.862425,69.840022],[-112.657705,69.834517],[-112.614279,69.896203],[-112.477477,69.892389],[-112.48507,69.993691],[-110.029392,69.995491],[-110.019917,72.442051]]],[[[-92.743797,69.671951],[-92.920273,69.669708],[-92.661667,69.652771],[-92.349731,69.701103],[-92.376389,69.66748],[-92.357498,69.658867],[-92.088333,69.623032],[-92.300552,69.641663],[-92.12471,69.554977],[-91.803329,69.483322],[-91.79834,69.513893],[-91.712784,69.535812],[-91.736938,69.548317],[-91.590561,69.578598],[-91.595001,69.611099],[-91.475281,69.664429],[-91.091949,69.631653],[-91.219727,69.617752],[-91.334442,69.552757],[-91.553879,69.505547],[-91.340843,69.516663],[-91.192207,69.562759],[-91.102783,69.508881],[-90.88945,69.534149],[-90.876938,69.482483],[-90.758621,69.482758],[-90.71611,69.539429],[-90.493332,69.504173],[-90.319458,69.440536],[-90.555557,69.422493],[-90.703613,69.453598],[-90.58223,69.416931],[-90.797234,69.361366],[-90.809433,69.253326],[-90.931381,69.247482],[-90.896118,69.2686],[-90.970001,69.267212],[-90.920547,69.299713],[-91.068893,69.266098],[-91.100281,69.281097],[-90.951683,69.354713],[-91.194107,69.288017],[-91.446663,69.349716],[-90.664719,69.083328],[-90.709167,69.003883],[-90.604721,68.978317],[-90.583893,68.928864],[-90.629173,68.915817],[-90.436394,68.87442],[-90.481949,68.856087],[-90.436111,68.833054],[-90.593887,68.805542],[-90.438889,68.823318],[-90.473053,68.799988],[-90.449158,68.776093],[-90.507233,68.779709],[-90.526672,68.744431],[-90.479172,68.705833],[-90.496948,68.663879],[-90.563606,68.624977],[-90.49527,68.596649],[-90.538597,68.565262],[-90.474442,68.530823],[-90.606659,68.446091],[-90.315002,68.36998],[-90.477493,68.33194],[-90.326401,68.350273],[-90.280838,68.243874],[-90.20723,68.231087],[-90.118057,68.262207],[-90.167503,68.312477],[-90,68.377037],[-89.904167,68.451103],[-89.912216,68.473312],[-89.800568,68.539978],[-89.92778,68.563599],[-89.949722,68.607758],[-89.894173,68.660812],[-89.80249,68.712196],[-89.746948,68.669708],[-89.766403,68.621918],[-89.714172,68.649147],[-89.729172,68.699142],[-89.684723,68.810257],[-89.737213,68.831383],[-89.713058,68.848602],[-89.756958,68.939972],[-89.71666,69.006104],[-89.48999,69.110527],[-89.389999,69.219147],[-89.114441,69.275269],[-88.94249,69.22998],[-88.87027,69.148613],[-88.772507,69.098877],[-88.208618,68.911652],[-87.964447,68.760536],[-87.916656,68.656372],[-87.947769,68.605263],[-87.789719,68.391937],[-87.808884,68.356934],[-87.787781,68.327477],[-87.837509,68.267212],[-87.935822,68.195824],[-88.004997,68.231369],[-88.16333,68.231369],[-88.194153,68.37442],[-88.392227,68.287491],[-88.277496,68.111649],[-88.381104,68.025269],[-88.35556,67.998871],[-88.370827,67.959152],[-88.269173,67.793587],[-88.162216,67.736649],[-88.13945,67.664429],[-87.955841,67.607483],[-87.483887,67.362488],[-87.448883,67.261383],[-87.357773,67.262207],[-87.505569,67.185257],[-87.510277,67.112198],[-87.42749,67.170822],[-87.34111,67.176376],[-87.304443,67.099991],[-87.272507,67.0961],[-87.229446,67.22554],[-87.154167,67.239967],[-87.106659,67.179153],[-87.075844,67.253601],[-86.963058,67.250549],[-87.006958,67.277206],[-86.994164,67.302467],[-87.089996,67.350807],[-86.974442,67.316673],[-86.961403,67.360527],[-86.874443,67.404984],[-86.779167,67.422211],[-86.647232,67.358322],[-86.610817,67.402481],[-86.592499,67.345261],[-86.531952,67.346649],[-86.503067,67.377762],[-86.531952,67.439972],[-86.473892,67.468597],[-86.496948,67.501663],[-86.451401,67.597488],[-86.525284,67.681374],[-86.364723,67.822769],[-86.12944,67.949997],[-86.127213,68.013611],[-86.084732,67.976929],[-85.892502,68.051376],[-85.914436,68.104156],[-85.858337,68.137207],[-85.888062,68.189697],[-85.784729,68.216377],[-85.842499,68.23027],[-85.805557,68.294708],[-85.842773,68.317207],[-85.712784,68.397217],[-85.745003,68.434708],[-85.66777,68.448318],[-85.742493,68.4711],[-85.7164,68.501663],[-85.747498,68.622482],[-85.645844,68.737488],[-85.481949,68.739433],[-85.464722,68.75972],[-85.562767,68.776657],[-85.514183,68.783867],[-85.228882,68.710274],[-85.262512,68.751663],[-85.224167,68.758331],[-84.775284,68.737198],[-84.754181,68.772217],[-84.834732,68.820541],[-85.031677,68.810806],[-85.192757,68.862198],[-85.005569,68.877472],[-85.069458,68.906097],[-84.997498,68.925812],[-85.116943,68.933319],[-85.140556,68.94664],[-85.115013,68.958603],[-84.796387,68.933594],[-84.986923,68.999512],[-84.834732,69.008041],[-84.818336,69.032211],[-84.591667,68.994431],[-84.528343,69.017487],[-84.736107,69.035263],[-84.769447,69.083054],[-84.946663,69.081383],[-84.963898,69.1147],[-85.02417,69.11499],[-84.968613,69.136932],[-84.998611,69.14444],[-85.123047,69.11554],[-85.138901,69.129433],[-85.101097,69.154709],[-84.99472,69.173027],[-85.172501,69.169983],[-85.223618,69.12886],[-85.315552,69.148041],[-85.203339,69.180542],[-85.383057,69.205551],[-85.503067,69.314423],[-85.345284,69.306931],[-85.508057,69.395264],[-85.383331,69.415268],[-85.410278,69.443314],[-85.339172,69.438873],[-85.422783,69.462486],[-85.491379,69.436653],[-85.542503,69.476379],[-85.479446,69.562477],[-85.38028,69.56694],[-85.544159,69.637772],[-85.526672,69.67276],[-85.438599,69.701103],[-85.441383,69.739151],[-85.514717,69.768051],[-85.409157,69.788589],[-85.389183,69.780548],[-85.410828,69.755257],[-85.379173,69.753601],[-85.333069,69.774147],[-85.344452,69.813026],[-85.586403,69.826927],[-85.561943,69.859421],[-85.377213,69.851089],[-85.064438,69.769989],[-85.049438,69.799713],[-84.871658,69.816093],[-84.854172,69.831383],[-84.882492,69.855553],[-84.75,69.832764],[-84.433609,69.861099],[-83.733887,69.70665],[-83.34639,69.676086],[-83.253342,69.705261],[-83.008057,69.679153],[-82.669998,69.67804],[-82.678329,69.701103],[-82.25473,69.636383],[-82.407501,69.608597],[-82.600281,69.64415],[-82.597778,69.621643],[-82.652786,69.618317],[-82.550552,69.588043],[-82.743332,69.577477],[-82.612503,69.56694],[-82.500557,69.492203],[-83.241096,69.556641],[-83.293877,69.534416],[-82.785278,69.494141],[-82.237213,69.400818],[-82.391678,69.398613],[-82.14389,69.300262],[-82.251106,69.287773],[-82.226936,69.26416],[-82.291382,69.246643],[-82.258621,69.233871],[-82.041107,69.242752],[-82.011673,69.273613],[-81.693878,69.263046],[-81.497772,69.197746],[-81.332497,69.18248],[-81.275009,69.086647],[-81.462784,69.072769],[-81.570282,68.992477],[-81.691673,68.988586],[-81.71666,68.949142],[-82.05722,68.873871],[-81.67305,68.904427],[-81.588058,68.869713],[-81.569458,68.827209],[-81.490547,68.866089],[-81.382767,68.866653],[-81.234444,68.769989],[-81.267776,68.74498],[-81.255836,68.643051],[-81.633904,68.508041],[-81.810547,68.523323],[-81.79361,68.50444],[-81.830292,68.459717],[-81.97084,68.421097],[-82.024437,68.43692],[-82.077499,68.503601],[-82.256393,68.5336],[-82.173317,68.485809],[-82.228058,68.455261],[-82.608887,68.517487],[-82.635277,68.492203],[-82.491096,68.453873],[-82.648064,68.445251],[-82.644447,68.417213],[-82.501678,68.405823],[-82.363052,68.35054],[-82.369453,68.318329],[-82.507782,68.313309],[-82.426102,68.276657],[-82.264717,68.284416],[-82.270279,68.235527],[-82.345551,68.170258],[-82.314438,68.146652],[-82.179169,68.111649],[-82.047501,68.209717],[-81.988892,68.20665],[-82.027222,68.122757],[-82.120537,68.105553],[-82.079453,68.082489],[-82.173889,68.002487],[-82.102783,67.907211],[-81.936661,67.823318],[-81.804443,67.798317],[-81.828339,67.774147],[-81.43306,67.611366],[-81.243057,67.474991],[-81.239166,67.436096],[-81.304718,67.386108],[-81.347778,67.292763],[-81.38028,67.170532],[-81.43222,67.066673],[-81.495003,67.053307],[-81.492493,67.00972],[-81.52417,66.99054],[-81.626099,67.005257],[-81.711937,66.969994],[-81.833618,66.997757],[-81.988327,66.959427],[-82.042503,66.918053],[-82.018341,66.89444],[-82.090561,66.857208],[-82.077499,66.828323],[-82.183884,66.76416],[-82.156631,66.709518],[-82.36972,66.725807],[-82.376099,66.696373],[-82.556381,66.623871],[-82.596947,66.560257],[-83.017227,66.546944],[-83.015289,66.506104],[-83.058609,66.470261],[-83.368332,66.348877],[-83.573624,66.343597],[-83.567497,66.367477],[-83.652786,66.407761],[-83.63945,66.437187],[-83.529167,66.394707],[-83.672501,66.520538],[-83.857498,66.544144],[-83.900284,66.5961],[-83.977493,66.582207],[-84.01445,66.692749],[-83.919724,66.697746],[-83.900833,66.644707],[-83.85611,66.680817],[-83.955276,66.747757],[-83.886124,66.813873],[-83.907784,66.876648],[-83.945541,66.813599],[-84.098343,66.747482],[-84.105003,66.708328],[-84.260277,66.716377],[-84.314438,66.751099],[-84.268623,66.785812],[-84.436394,66.818329],[-84.239723,66.833878],[-84.382492,66.8647],[-84.420273,66.901932],[-84.38945,66.923866],[-84.584061,66.978333],[-84.370827,66.971367],[-84.926941,67.059418],[-84.905273,67.03804],[-84.935272,67.029709],[-84.839722,67.003883],[-84.871658,66.984993],[-84.765556,67.006378],[-84.639717,66.978043],[-85.04834,66.963318],[-85.212219,66.913307],[-85.146957,66.904709],[-85.228882,66.873306],[-85.120003,66.835541],[-84.940277,66.863876],[-84.900833,66.898041],[-84.993057,66.923027],[-84.767776,66.952209],[-84.602219,66.935806],[-84.621109,66.915268],[-84.56221,66.901382],[-84.746384,66.897491],[-84.50473,66.823036],[-84.690552,66.839981],[-84.319733,66.774696],[-84.44249,66.710823],[-84.324448,66.676933],[-84.144447,66.681374],[-84.146118,66.642212],[-84.215012,66.589432],[-83.916397,66.44664],[-83.871109,66.394989],[-83.864166,66.312477],[-83.783333,66.299149],[-83.678596,66.201103],[-83.847778,66.15332],[-83.786667,66.197746],[-83.801102,66.21666],[-83.964722,66.195251],[-84.2164,66.321663],[-84.347229,66.276932],[-84.392227,66.291367],[-84.426941,66.363037],[-84.528877,66.40416],[-84.636124,66.328873],[-84.401398,66.211113],[-84.37471,66.1586],[-84.460564,66.159149],[-84.565552,66.204987],[-84.761124,66.213318],[-84.869164,66.266663],[-84.979721,66.246643],[-85.078888,66.277771],[-85.117767,66.324707],[-85.178329,66.262207],[-85.252228,66.273041],[-85.306664,66.314148],[-85.293327,66.349152],[-85.338058,66.39415],[-85.343338,66.486923],[-85.479721,66.581383],[-85.845284,66.49942],[-86.128326,66.498032],[-86.333618,66.549988],[-86.406952,66.514427],[-86.581123,66.555817],[-86.580002,66.520538],[-86.622772,66.506653],[-86.780838,66.520828],[-86.641678,66.431931],[-86.811111,66.441933],[-86.638344,66.315262],[-86.332779,66.282761],[-85.897781,66.163307],[-86.014183,66.100273],[-85.977493,66.077766],[-85.980003,66.028587],[-86.204727,65.982758],[-86.239166,65.936653],[-86.326401,65.904984],[-86.421387,65.902206],[-86.496948,65.808029],[-86.455276,65.786102],[-86.451111,65.747208],[-86.554993,65.664703],[-86.679169,65.647217],[-86.829727,65.555817],[-86.987213,65.534149],[-86.975563,65.515266],[-87.024437,65.481659],[-87.110283,65.458603],[-87.115013,65.433594],[-87.059433,65.414146],[-87.100563,65.391937],[-87.372772,65.322769],[-87.96666,65.333054],[-88.212784,65.402771],[-88.333618,65.492477],[-88.559723,65.586929],[-88.829727,65.641373],[-88.411942,65.630257],[-88.85083,65.701393],[-88.93721,65.685806],[-89.124443,65.733322],[-89.174438,65.778587],[-89.428329,65.867203],[-89.516113,65.858032],[-89.525284,65.886932],[-89.671661,65.939423],[-90,65.874771],[-90.404449,65.871094],[-90.432503,65.882751],[-90.393066,65.896103],[-90.225563,65.900543],[-90.234734,65.922493],[-90.596123,65.896652],[-91.316391,65.969994],[-91.496948,65.945824],[-91.020554,65.806091],[-91.123047,65.904709],[-91.088058,65.921097],[-90.545273,65.883331],[-90,65.796883],[-89.462509,65.600807],[-89.40361,65.506653],[-89.170837,65.428307],[-89.054443,65.328873],[-88.061661,65.258881],[-87.67305,65.291367],[-87.357773,65.270828],[-87.051392,65.236366],[-87.030289,65.223038],[-87.051941,65.199997],[-86.933319,65.138046],[-86.997223,65.096649],[-86.970284,65.054428],[-87.110001,64.999153],[-87.078339,64.976646],[-87.096657,64.950821],[-87.236389,64.88472],[-87.303596,64.806641],[-87.294449,64.763046],[-87.451401,64.707489],[-87.489441,64.741089],[-87.525284,64.714157],[-87.511398,64.636658],[-87.579178,64.568047],[-87.80722,64.514427],[-87.888062,64.338593],[-88.044724,64.247482],[-88.05249,64.227203],[-87.983887,64.191093],[-88.113327,64.136108],[-88.227493,64.140266],[-88.736656,63.968319],[-88.856949,63.977489],[-88.898621,64.012207],[-89.000839,63.988041],[-88.995827,64.008331],[-89.150833,64.059418],[-89.260834,64.160538],[-89.286392,64.136658],[-89.182503,64.036652],[-89.096947,63.963879],[-89.023621,63.950272],[-89.14389,63.95055],[-89.273064,64.014709],[-89.246658,63.959721],[-89.363892,64.037491],[-89.444717,64.021652],[-89.551102,64.077477],[-89.563316,64.00943],[-89.48555,63.942211],[-89.644173,64.053864],[-89.712219,64.079437],[-89.697487,64.042213],[-89.720551,64.033333],[-89.818069,64.098602],[-89.809723,64.12886],[-89.735817,64.145264],[-89.773064,64.240807],[-89.812767,64.193863],[-89.883904,64.200546],[-89.816391,64.17276],[-89.823624,64.14444],[-90.121422,64.127861],[-89.914719,64.106934],[-89.946114,64.05748],[-89.848053,64.021927],[-89.915283,64.015823],[-89.913887,63.99332],[-89.831123,63.979988],[-89.813606,63.93721],[-89.989441,63.92194],[-89.946663,63.965271],[-90,63.984039],[-90.093887,63.95055],[-90.182503,64.008614],[-90.279167,64.003601],[-90.090561,63.92416],[-90.122223,63.915272],[-90.10083,63.88361],[-90,63.773899],[-90.115829,63.777489],[-90.05777,63.744438],[-90.16861,63.65694],[-90.148903,63.629162],[-90.205276,63.612209],[-90.281387,63.613049],[-90.218887,63.635551],[-90.289169,63.64777],[-90.452217,63.616661],[-90.486389,63.63221],[-90.465012,63.648048],[-90.539993,63.655819],[-90.488052,63.672489],[-90.623894,63.704159],[-90.699158,63.65749],[-90.590286,63.676659],[-90.555557,63.65527],[-90.551392,63.601391],[-90.930557,63.564159],[-91.063316,63.62027],[-91.375816,63.659161],[-91.393623,63.685261],[-91.329453,63.677769],[-91.411667,63.707211],[-91.667221,63.719711],[-91.654167,63.750832],[-91.693878,63.774712],[-91.751106,63.733879],[-91.910553,63.740551],[-91.986107,63.776379],[-91.88945,63.80138],[-91.984734,63.81916],[-92.045547,63.74527],[-92.136124,63.745541],[-92.376389,63.77721],[-92.506393,63.83194],[-92.706947,63.846661],[-92.761398,63.890549],[-93.436661,64.015266],[-93.612213,64.093048],[-93.635834,64.120247],[-93.61528,64.157761],[-93.773064,64.193588],[-93.66861,64.126923],[-93.660004,64.083054],[-93.548889,64.024696],[-93.602219,64.007492],[-93.547501,64.003883],[-93.58168,63.984989],[-93.76445,63.988331],[-93.770554,63.957771],[-93.699432,63.95166],[-93.649727,63.877209],[-93.339996,63.808331],[-93.378883,63.84277],[-93.21611,63.843609],[-93.343338,63.863049],[-93.448883,63.925831],[-93.424438,63.937771],[-93.451111,63.959721],[-93.364723,63.967491],[-93.226257,63.908489],[-92.756958,63.82555],[-92.622498,63.77166],[-92.49527,63.814709],[-92.395554,63.736938],[-92.251106,63.740551],[-92.103882,63.70166],[-92.198608,63.67749],[-92.206947,63.651661],[-92.171944,63.640549],[-92.284729,63.62138],[-92.337784,63.644711],[-92.38501,63.592491],[-92.539436,63.55582],[-92.471939,63.523319],[-92.320557,63.572769],[-92.230293,63.534721],[-92.193878,63.615269],[-91.776108,63.715832],[-91.617493,63.64888],[-91.60083,63.580551],[-91.387222,63.521099],[-91.388901,63.485271],[-91.27417,63.502491],[-91.065277,63.449162],[-91.016403,63.46693],[-90.786392,63.39555],[-90.975014,63.419441],[-90.688599,63.355],[-90.681107,63.331108],[-90.741669,63.324169],[-90.740829,63.29472],[-90.698608,63.2761],[-90.723328,63.249722],[-90.684433,63.21888],[-90.730293,63.178051],[-90.672501,63.157768],[-90.690552,63.11832],[-90.651947,63.087769],[-90.689987,63.076099],[-90.627487,63.059429],[-90.703056,63.035],[-90.720284,63.011669],[-90.689713,63.006939],[-90.756958,62.99332],[-90.72084,62.967209],[-90.783073,62.961109],[-90.785004,62.938042],[-91.04805,62.942211],[-91.182503,62.905819],[-91.213333,62.85416],[-91.410828,62.819721],[-91.356377,62.788601],[-92.121933,62.874161],[-92.09639,62.798882],[-92.339996,62.843609],[-92.455276,62.814709],[-92.333618,62.709991],[-92.219162,62.684429],[-92.286942,62.676941],[-91.948883,62.651932],[-91.880547,62.619438],[-91.948036,62.53138],[-92.053329,62.526661],[-92.174713,62.54472],[-92.143341,62.579159],[-92.16333,62.60083],[-92.266113,62.595268],[-92.245537,62.564709],[-92.321671,62.56916],[-92.325562,62.540829],[-92.384743,62.529991],[-92.483063,62.552769],[-92.47583,62.595268],[-92.519173,62.571659],[-92.615829,62.614159],[-92.539169,62.53249],[-92.563889,62.4986],[-92.498047,62.508331],[-92.541382,62.476379],[-92.529716,62.44305],[-92.710007,62.465832],[-92.730827,62.4286],[-92.681953,62.374439],[-92.822777,62.349159],[-92.598053,62.310822],[-92.601669,62.265549],[-92.633904,62.25388],[-92.470016,62.14661],[-92.603882,62.15638],[-92.624443,62.210548],[-92.747498,62.289989],[-93.144974,62.337261],[-92.780289,62.236938],[-92.790283,62.17749],[-93.001404,62.200272],[-92.981667,62.171101],[-93.110001,62.156651],[-93.126938,62.132488],[-93.08139,62.104439],[-93.019173,62.126099],[-92.931381,62.10416],[-92.991096,62.067768],[-93.067497,62.076939],[-93.078613,62.035831],[-93.156113,62.049721],[-93.162216,61.97887],[-93.30278,62.049438],[-93.329453,62.047779],[-93.294724,62.018879],[-93.411392,62.03138],[-93.218338,61.952492],[-93.388344,61.94582],[-93.305267,61.920551],[-93.279716,61.894711],[-93.299728,61.88583],[-93.619453,61.948601],[-93.491669,61.884159],[-93.600281,61.879162],[-93.613617,61.852489],[-93.362289,61.821121],[-93.434998,61.803879],[-93.248611,61.784721],[-93.255569,61.742489],[-93.468887,61.764999],[-93.412781,61.72332],[-93.313316,61.725269],[-93.647781,61.634159],[-93.780838,61.551929],[-93.830841,61.571659],[-93.874161,61.513889],[-93.984734,61.4561],[-93.938599,61.408878],[-93.968613,61.39666],[-93.868057,61.38916],[-93.819168,61.34721],[-93.940552,61.294998],[-94.110817,61.322769],[-93.998611,61.227772],[-94.098892,61.162209],[-94.039436,61.15694],[-94.064438,61.110279],[-93.980293,61.0961],[-94.128601,61.06554],[-94.233887,60.904709],[-94.349167,60.858601],[-94.415283,60.762211],[-94.404999,60.709721],[-94.484444,60.64941],[-94.509453,60.544159],[-94.575844,60.520271],[-94.732773,60.53944],[-94.652496,60.492489],[-94.796951,60.497219],[-94.68277,60.47443],[-94.613892,60.38055],[-94.706673,60.260551],[-94.673607,60.191101],[-94.720551,60.138329],[-94.707497,60.083599],[-94.766403,60.061378],[-94.758621,60.017769],[-94.800491,59.999569],[-99.626953,59.999729],[-100.039001,59.999722],[-102.001701,59.99992],[-101.984001,64.21341],[-109.387397,64.826919],[-110.651709,65.499518],[-112.498556,65.506191],[-120.658461,68.001268],[-120.664292,69.542782],[-120.66524,69.551327],[-120.393303,69.439697],[-119.982201,69.344711],[-118.840599,69.250549],[-118.644699,69.212486],[-118.457802,69.117477],[-117.870499,68.985527],[-117.381897,68.951927],[-117.1539,68.885536],[-116.9664,68.902206],[-117.0103,68.936371],[-116.950798,68.939972],[-116.847198,68.883331],[-116.744499,68.880539],[-116.500298,68.857208],[-116.381401,68.882477],[-116.2136,68.830551],[-115.959999,68.804703],[-116.116898,68.861923],[-116.082497,68.882751],[-116.325302,68.961929],[-116.205002,68.984993],[-115.8675,68.92276],[-115.766998,68.939148],[-115.935303,69.006943],[-115.593102,68.971649],[-115.094498,68.85054],[-114.989998,68.862762],[-114.791901,68.799423],[-114.729401,68.744431],[-114.448303,68.689697],[-114.465302,68.664429],[-114.404701,68.61499],[-114.187798,68.565536],[-114.170799,68.528587],[-114.088898,68.496368],[-114.057503,68.433868],[-114.123901,68.430267],[-114.095001,68.402481],[-114.006699,68.393883],[-113.974701,68.435532],[-113.922798,68.408867],[-113.912201,68.38916],[-114.0467,68.311653],[-114.0233,68.241364],[-114.207199,68.253883],[-114.32,68.229156],[-114.441704,68.263611],[-114.702499,68.250267],[-114.959999,68.285812],[-114.764702,68.186096],[-114.8964,68.146942],[-115.237198,68.182213],[-115.172798,68.128593],[-115.2267,68.089706],[-115.240501,68.036377],[-115.110497,68.012207],[-115.542503,67.921654],[-115.507202,67.889427],[-115.253098,67.883041],[-115.2761,67.861649],[-115.113602,67.798599],[-114.718903,67.813309],[-114.608597,67.771378],[-114.516701,67.789429],[-114.297798,67.718597],[-114.148399,67.736923],[-113.845802,67.69136],[-113.240799,67.704437],[-113.050003,67.666092],[-112.709396,67.667763],[-112.370003,67.681931],[-112.333603,67.696373],[-112.368599,67.728317],[-112.345299,67.7397],[-112.011101,67.742477],[-111.985497,67.693039],[-111.8936,67.679428],[-111.871101,67.6922],[-111.929199,67.718323],[-111.912804,67.754173],[-111.538902,67.712486],[-111.5728,67.744431],[-111.5317,67.765549],[-111.458603,67.763046],[-111.474197,67.735527],[-111.441101,67.731934],[-111.322502,67.806931],[-111.175797,67.837486],[-111.143898,67.828873],[-111.205597,67.794144],[-111.1689,67.784416],[-111.2006,67.755547],[-111.085297,67.786652],[-111.005798,67.764999],[-110.840599,67.800262],[-110.732498,67.864433],[-110.329201,67.945251],[-110.339996,67.965553],[-110.139702,67.916656],[-110.201698,67.966087],[-110.116898,68.008881],[-109.970802,67.958038],[-110.003601,67.866379],[-109.982498,67.837196],[-109.912498,67.845833],[-109.953102,67.881927],[-109.890297,67.879967],[-109.695801,67.804153],[-109.744202,67.775543],[-109.623001,67.74054],[-109.735802,67.742752],[-109.726097,67.716927],[-109.522499,67.687477],[-109.485497,67.709991],[-109.506104,67.733322],[-109.395302,67.767487],[-109.3703,67.729156],[-109.065804,67.714157],[-108.919197,67.535812],[-109.025299,67.483322],[-109.002197,67.443588],[-108.928596,67.432747],[-108.929703,67.405823],[-108.858902,67.408867],[-108.812798,67.348877],[-108.744499,67.445534],[-108.736397,67.603043],[-108.620499,67.624687],[-108.578903,67.605553],[-108.587196,67.577209],[-108.511398,67.487488],[-108.522797,67.440811],[-108.4842,67.349426],[-108.424698,67.364151],[-108.440002,67.427467],[-108.366898,67.444977],[-108.015297,67.293053],[-107.875,67.140823],[-107.914398,67.132477],[-107.880501,67.048317],[-108.148598,67.07666],[-108.232803,67.01915],[-108.622803,67.149986],[-108.516098,67.034416],[-108.4561,67.070541],[-108.330597,66.986923],[-108.196999,66.972214],[-108.1147,66.928864],[-108.118103,66.862198],[-108.232498,66.845543],[-107.991096,66.832764],[-107.939697,66.766663],[-107.949402,66.720543],[-107.882797,66.663307],[-107.851402,66.73027],[-107.888298,66.755547],[-107.853302,66.756378],[-107.691101,66.642212],[-107.724197,66.6297],[-107.647499,66.574707],[-107.569504,66.530548],[-107.5103,66.542213],[-107.446404,66.461647],[-107.222198,66.349152],[-107.195801,66.366379],[-107.235497,66.407494],[-107.550797,66.582764],[-107.649399,66.693863],[-107.797203,66.756104],[-107.6903,66.767761],[-107.769402,66.945534],[-107.764198,67.001663],[-107.613297,66.964996],[-107.650803,67.076103],[-107.523903,67.020264],[-107.484703,66.918587],[-107.693604,66.94664],[-107.629402,66.888046],[-107.532501,66.874153],[-107.5644,66.833603],[-107.408897,66.811096],[-107.486397,66.877197],[-107.393898,66.885269],[-107.435303,66.972214],[-107.083603,66.820541],[-107.2267,66.961647],[-107.4039,67.041656],[-107.250801,67.07193],[-107.199699,67.123871],[-107.4814,67.180817],[-107.721901,67.410812],[-107.635597,67.402206],[-107.582802,67.496368],[-108.007004,67.707489],[-108.013901,67.756104],[-107.941902,67.846939],[-107.714699,67.892487],[-107.6511,67.940536],[-107.910301,67.988586],[-107.890602,68.081673],[-107.8517,68.106087],[-107.693604,68.071663],[-107.809402,68.051651],[-107.739998,68.03804],[-107.833298,68.013046],[-107.778099,67.986649],[-107.68,68.045822],[-107.349403,68.048599],[-107.154404,68.126923],[-107.110298,68.126923],[-107.118896,68.084717],[-106.958603,68.089432],[-106.952797,68.1147],[-106.756401,68.10498],[-106.753098,68.157761],[-106.809402,68.207207],[-106.779404,68.223602],[-106.6847,68.223038],[-106.703903,68.194427],[-106.663597,68.169434],[-106.625504,68.184418],[-106.641098,68.23082],[-106.614403,68.248032],[-106.468597,68.190536],[-106.444702,68.151657],[-106.344704,68.183319],[-106.495796,68.22554],[-106.4244,68.299988],[-106.466904,68.324707],[-106.447502,68.344711],[-106.2183,68.392487],[-106.124199,68.362198],[-106.055801,68.398613],[-105.981697,68.393883],[-105.966103,68.421654],[-105.845802,68.415268],[-105.821999,68.449997],[-105.782204,68.413879],[-105.730301,68.419144],[-105.698303,68.491928],[-105.7742,68.548317],[-105.666397,68.638603],[-105.790604,68.609993],[-105.886703,68.63472],[-106.029404,68.619713],[-106.551102,68.514999],[-106.419403,68.510269],[-106.556702,68.493317],[-106.505302,68.471367],[-106.528603,68.443039],[-106.631699,68.461929],[-106.480598,68.395538],[-106.5644,68.342758],[-106.5261,68.306374],[-106.543297,68.291367],[-106.595001,68.296654],[-106.644402,68.347488],[-106.724403,68.349716],[-106.713097,68.371368],[-106.802803,68.414429],[-106.796097,68.370529],[-107.013603,68.369431],[-107.131897,68.272491],[-107.258904,68.259987],[-107.338097,68.315811],[-107.478897,68.31694],[-107.5467,68.347488],[-107.813301,68.342484],[-107.8797,68.258881],[-107.603104,68.165268],[-107.800301,68.183319],[-107.967796,68.145538],[-108.1614,68.17276],[-108.3703,68.112762],[-108.436096,68.141373],[-108.397499,68.163597],[-108.362801,68.156372],[-108.378304,68.13443],[-108.3386,68.145828],[-108.347504,68.226929],[-108.392502,68.218872],[-108.391998,68.180267],[-108.455002,68.190536],[-108.402199,68.294144],[-108.484398,68.305252],[-108.715599,68.231369],[-108.819199,68.266663],[-108.741699,68.294983],[-108.741096,68.342758],[-108.5811,68.406372],[-108.345299,68.601929],[-107.305603,68.697197],[-106.820801,68.811371],[-106.655296,68.811371],[-106.214699,68.94136],[-105.797997,68.879433],[-105.475304,68.720543],[-105.5439,68.656647],[-105.407501,68.51915],[-105.326103,68.510818],[-105.321404,68.474152],[-105.433899,68.489151],[-105.538101,68.445534],[-105.533096,68.4086],[-105.338303,68.412201],[-105.350304,68.372482],[-105.294998,68.339157],[-105.055603,68.258041],[-104.998596,68.274696],[-105.082497,68.308029],[-104.939201,68.309708],[-104.893898,68.348877],[-104.839401,68.288589],[-104.952003,68.247482],[-104.900299,68.225273],[-104.822197,68.261658],[-104.609703,68.241364],[-104.597198,68.222214],[-104.670303,68.138603],[-104.600601,68.135818],[-104.592201,68.083603],[-104.495499,68.062477],[-104.5,68.031937],[-104.303001,68.051651],[-104.166702,68.017487],[-103.555298,68.057213],[-103.532799,68.071663],[-103.553001,68.109711],[-103.404198,68.164146],[-103.3414,68.116089],[-103.379204,68.083328],[-103.366096,68.005829],[-103.136902,67.958038],[-103.093102,67.923027],[-102.959396,67.926933],[-102.800301,67.820831],[-102.470802,67.786926],[-102.311699,67.717484],[-102.251099,67.725273],[-102.227501,67.68692],[-102.198601,67.695824],[-102.224403,67.733871],[-102.151398,67.765549],[-102.039398,67.742203],[-101.9786,67.787773],[-101.800003,67.704987],[-101.741898,67.727768],[-101.671898,67.69165],[-101.409698,67.687759],[-101.446701,67.732483],[-101.257797,67.718597],[-101.233101,67.731934],[-101.250298,67.771103],[-101.166397,67.754707],[-101.089401,67.786102],[-101.0989,67.737762],[-100.9039,67.756943],[-100.915604,67.817757],[-100.821999,67.792213],[-100.699997,67.846939],[-100.586403,67.838593],[-100.587502,67.79332],[-100.395599,67.847488],[-99.820007,67.795822],[-99.776672,67.823883],[-99.632492,67.789429],[-99.500557,67.799713],[-99.478333,67.771927],[-99.412216,67.788307],[-99.210564,67.70694],[-99.118881,67.727768],[-98.930557,67.696091],[-98.896118,67.748322],[-98.761124,67.743874],[-98.693604,67.807747],[-98.597778,67.77832],[-98.354446,67.796097],[-98.449432,67.865807],[-98.540283,67.872208],[-98.724167,67.953598],[-98.732773,68.070267],[-98.585281,68.091927],[-98.233322,67.901932],[-98.088608,67.756653],[-97.998611,67.753052],[-97.92749,67.695534],[-97.799438,67.685532],[-97.738892,67.642212],[-97.547501,67.596367],[-97.283333,67.662491],[-97.201401,67.623871],[-97.179169,67.674149],[-97.059158,67.674988],[-97.144997,67.715271],[-97.223618,67.712486],[-97.115829,67.782761],[-97.24028,67.926086],[-97.291107,67.884987],[-97.392227,67.876373],[-97.68306,68.0186],[-97.710831,67.9711],[-97.833618,67.976929],[-97.950287,67.920258],[-98.029999,67.941933],[-98.057503,67.912491],[-98.051941,67.830833],[-98.095284,67.833328],[-98.581123,68.139977],[-98.459732,68.183594],[-98.424438,68.152206],[-98.439438,68.104156],[-98.367767,68.080551],[-98.326111,68.171371],[-98.501106,68.208603],[-98.542221,68.234154],[-98.490829,68.246933],[-98.715286,68.361649],[-98.637222,68.37915],[-98.511398,68.329712],[-98.537216,68.362198],[-98.461403,68.358871],[-98.539436,68.400818],[-98.525284,68.421097],[-98.199722,68.300262],[-98.154449,68.331673],[-98.072777,68.321663],[-98.107498,68.364433],[-97.909729,68.340553],[-97.920273,68.373032],[-97.894119,68.386459],[-97.743057,68.370529],[-97.781952,68.406647],[-97.899986,68.419708],[-97.903061,68.449997],[-98.009743,68.498032],[-97.994164,68.541092],[-97.852493,68.54248],[-97.692757,68.516663],[-97.646118,68.450821],[-97.537781,68.41832],[-97.509171,68.444427],[-97.619164,68.458328],[-97.56778,68.496368],[-97.282784,68.474152],[-97.10556,68.388321],[-97.161392,68.374977],[-97.001953,68.345261],[-96.99472,68.289978],[-97.070007,68.300262],[-97.080292,68.259163],[-96.925003,68.239151],[-96.680557,68.280823],[-96.625267,68.251663],[-96.694153,68.216927],[-96.630829,68.178864],[-96.609734,68.243317],[-96.410553,68.315536],[-96.474716,68.271652],[-96.508904,68.196373],[-96.638062,68.13916],[-96.623047,68.11554],[-96.808884,68.049423],[-96.789169,68.017212],[-96.708344,68.008614],[-96.622223,68.062187],[-96.540283,68.030273],[-96.453056,68.039429],[-96.480003,68.090271],[-96.54834,68.084152],[-96.463058,68.14415],[-95.892227,68.294144],[-96.078613,68.149986],[-96.020279,68.106087],[-96.215286,67.823608],[-96.188889,67.73027],[-96.220001,67.693039],[-96.166656,67.690262],[-96.185272,67.626373],[-96.257782,67.626923],[-96.335564,67.69664],[-96.329727,67.61026],[-96.460007,67.548866],[-96.428879,67.537201],[-96.464722,67.478043],[-96.396118,67.494431],[-96.33168,67.431931],[-96.210007,67.419144],[-96.097229,67.464706],[-96.070282,67.428307],[-96.226936,67.316673],[-96.252228,67.247482],[-96.136124,67.256378],[-96.114441,67.213318],[-95.899437,67.284149],[-95.73999,67.376648],[-95.675552,67.328323],[-95.612778,67.37915],[-95.565826,67.376648],[-95.525009,67.351089],[-95.553329,67.313309],[-95.833328,67.162773],[-95.650284,67.225807],[-95.651398,67.198868],[-95.487778,67.203873],[-95.474167,67.135536],[-95.436943,67.154984],[-95.435547,67.193863],[-95.37944,67.154709],[-95.373894,67.109993],[-95.421661,67.063873],[-95.326111,67.027206],[-95.350281,66.963882],[-95.422501,66.946373],[-95.623322,66.951927],[-95.599442,66.981087],[-95.622223,66.987488],[-95.928047,66.952477],[-95.944443,66.996368],[-95.993881,67.00972],[-95.946953,67.07222],[-96.051666,67.010818],[-96.025009,66.973312],[-96.11055,66.950821],[-96.155563,66.961647],[-96.133904,66.9897],[-96.279167,66.999153],[-96.26889,67.060532],[-96.377213,67.084717],[-96.460564,67.062187],[-96.397232,66.993874],[-96.146393,66.894707],[-96.100563,66.828598],[-95.848053,66.752777],[-95.777496,66.654984],[-95.819733,66.583878],[-95.629707,66.675537],[-95.652222,66.728592],[-95.681107,66.729431],[-95.691383,66.679428],[-95.766403,66.683594],[-95.784729,66.737198],[-95.993057,66.842758],[-96.085564,66.926933],[-96.026108,66.950272],[-95.814438,66.94136],[-95.724716,66.900818],[-95.422234,66.930542],[-95.323624,66.889427],[-95.254547,66.940369],[-95.219452,66.973602],[-95.295547,66.998871],[-95.291672,67.034714],[-95.347504,67.073883],[-95.322777,67.106087],[-95.352219,67.148331],[-95.266113,67.212769],[-95.248894,67.265266],[-95.16333,67.287201],[-95.314713,67.330551],[-95.375816,67.439972],[-95.419159,67.455261],[-95.33168,67.505829],[-95.343613,67.554977],[-95.4664,67.637207],[-95.693047,67.704437],[-95.704453,67.738586],[-95.534439,67.820831],[-95.527222,67.872208],[-95.580292,67.898613],[-95.412781,68.021652],[-95.472778,68.060532],[-95.233887,68.082489],[-95.256958,68.034988],[-95.101669,68.086929],[-95.008904,68.044434],[-94.722229,68.054977],[-94.582497,68.156097],[-94.199158,68.267761],[-94.210831,68.361366],[-94.123047,68.416931],[-93.661392,68.520828],[-93.544998,68.557213],[-93.536392,68.598602],[-93.375549,68.633331],[-93.751953,68.613602],[-93.673607,68.720261],[-93.695267,68.751938],[-93.639717,68.764709],[-93.641113,68.805817],[-93.566101,68.849426],[-93.64389,68.895538],[-93.642227,68.963882],[-93.843887,68.958878],[-93.871109,68.9711],[-93.836937,69.006378],[-93.909157,68.998032],[-93.803879,69.069153],[-93.93222,69.02887],[-93.898064,69.025818],[-93.947487,68.993042],[-93.925552,68.974701],[-94.055832,68.901932],[-94.068069,68.864151],[-94.040833,68.859711],[-94.079727,68.847488],[-94.034157,68.833328],[-93.928596,68.882477],[-93.933884,68.855263],[-93.809998,68.890549],[-94.095284,68.758041],[-94.41333,68.71582],[-94.632217,68.75],[-94.545273,68.88472],[-94.589996,68.908333],[-94.562767,68.924698],[-94.599167,68.965553],[-94.501953,68.968597],[-94.444992,68.938026],[-94.348053,69.024696],[-94.224167,69.027771],[-94.151398,69.057213],[-94.191673,69.083603],[-94.16806,69.103867],[-94.005836,69.154427],[-94.235001,69.119431],[-94.323059,69.149986],[-94.281387,69.226646],[-94.299156,69.246094],[-94.259171,69.271378],[-94.303329,69.304977],[-94.025009,69.359711],[-93.808609,69.350807],[-93.736656,69.399986],[-93.526398,69.438309],[-93.883057,69.25],[-93.811943,69.264999],[-93.877487,69.224152],[-93.8125,69.214996],[-93.85611,69.176933],[-93.837219,69.164429],[-93.37944,69.376373],[-93.498047,69.349152],[-93.585831,69.364151],[-93.439438,69.475273],[-93.540833,69.523323],[-93.839447,69.4897],[-93.916656,69.432747],[-94.279167,69.440262],[-94.451683,69.5186],[-94.577789,69.649986],[-94.626938,69.636383],[-94.628601,69.683868],[-94.754997,69.661652],[-94.730827,69.602768],[-94.862778,69.56694],[-95.009453,69.621643],[-95.11528,69.612488],[-95.40834,69.681931],[-95.649986,69.786377],[-95.738892,69.786102],[-95.786942,69.741364],[-95.828888,69.765266],[-95.799438,69.796097],[-95.960831,69.778053],[-96.074448,69.841927],[-96.198334,69.859711],[-96.08223,69.873596],[-96.119164,69.895538],[-96.085007,69.911377],[-96.116096,69.921371],[-96.097778,69.94664],[-96.246948,69.958878],[-96.50029,70.101379],[-96.568619,70.2686],[-96.519173,70.358322],[-96.434723,70.409988],[-96.340286,70.415268],[-96.324722,70.49054],[-96.243057,70.569717],[-96.188316,70.529427],[-96.069733,70.587769],[-95.797234,70.529427],[-96.061394,70.617203],[-96.04834,70.646942],[-95.81778,70.710274],[-96.093887,70.659988],[-96.202789,70.621643],[-96.383621,70.675537],[-96.434723,70.737198],[-96.611938,70.794434],[-96.591667,70.866928],[-96.513062,70.949707],[-96.495827,71.040268],[-96.370003,71.089981],[-96.409439,71.119431],[-96.41362,71.084152],[-96.461403,71.080551],[-96.560547,71.126373],[-96.450562,71.168053],[-96.376663,71.149147],[-96.459442,71.197197],[-96.429718,71.258331],[-96.503891,71.277206],[-96.30722,71.295822],[-96.193329,71.389977],[-96.046387,71.418053],[-95.89389,71.390823],[-95.67305,71.287491],[-95.535278,71.290817],[-95.519997,71.323883],[-95.588608,71.354431],[-95.433319,71.370819],[-95.548607,71.428307],[-95.376663,71.50943],[-95.490829,71.482208],[-95.799728,71.504707],[-95.936661,71.546654],[-95.876389,71.582764],[-95.90834,71.60054],[-95.724716,71.625809],[-95.507782,71.719711],[-95.263062,71.723877],[-95.288063,71.761932],[-95.226936,71.82666],[-94.932037,71.840569],[-94.734444,71.823318],[-94.607773,71.866379],[-94.756958,71.837486],[-94.850273,71.848213],[-94.933632,71.850113],[-95.213333,71.843048],[-95.256668,71.866928],[-95.217499,71.944977],[-94.563606,71.996933],[-94.388611,71.924149],[-94.5,71.898041],[-94.449722,71.88443],[-94.460564,71.849426],[-94.5625,71.849991],[-94.648354,71.812477],[-94.594162,71.743317],[-94.538597,71.758331],[-94.488327,71.824158],[-94.450562,71.78804],[-94.401947,71.814148],[-94.356659,71.796371],[-94.390839,71.774429],[-94.423889,71.661377],[-94.194443,71.791931],[-94.142776,71.756104],[-94.054443,71.787201],[-93.972504,71.745819],[-93.71167,71.761383],[-93.696663,71.710823],[-93.811394,71.645538],[-93.230827,71.473602],[-93.142502,71.374977],[-92.973892,71.34082],[-92.995003,71.315536],[-92.94194,71.288879],[-92.930832,71.214432],[-92.855827,71.157494],[-92.889999,71.065811],[-92.853058,71.039429],[-92.908051,70.903587],[-92.851936,70.856644],[-92.944992,70.835823],[-93.000557,70.872757],[-93.04277,70.863876],[-92.958618,70.81749],[-92.676666,70.771652],[-92.69194,70.745819],[-92.657784,70.735809],[-92.718887,70.724152],[-92.641113,70.715271],[-92.676102,70.674698],[-92.487877,70.668053],[-92.297501,70.6297],[-92.341667,70.59166],[-92.311394,70.569992],[-92.276108,70.572487],[-92.257233,70.61998],[-92.159157,70.584152],[-92.265007,70.551933],[-92.18721,70.504707],[-92.285553,70.487762],[-92.116653,70.470833],[-92.132492,70.434143],[-91.996948,70.390823],[-91.99527,70.316673],[-92.085564,70.298317],[-91.996658,70.29776],[-91.952217,70.255257],[-91.920273,70.296371],[-91.855003,70.303307],[-91.900284,70.330833],[-91.890289,70.354431],[-91.729721,70.356934],[-91.687767,70.315536],[-91.726387,70.298317],[-91.693878,70.197479],[-91.636124,70.231659],[-91.511398,70.152771],[-92.003891,70.121368],[-92.226936,70.185257],[-92.282501,70.250816],[-92.362503,70.240257],[-92.268341,70.208878],[-92.276672,70.184418],[-92.480827,70.176651],[-92.388611,70.144989],[-92.479446,70.09137],[-92.58667,70.076927],[-92.467499,70.042763],[-92.43222,70.075546],[-92.12999,70.084991],[-91.939713,70.020264],[-92.081123,69.986366],[-92.267227,69.901932],[-92.254997,69.877762],[-92.554718,69.808319],[-92.565277,69.762207],[-92.643341,69.791656],[-92.688599,69.74498],[-92.867767,69.702209],[-92.535004,69.709427],[-92.743797,69.671951]]],[[[-61.28278,66.616928],[-61.447781,66.538307],[-61.59861,66.550262],[-61.72583,66.643051],[-62.004719,66.69664],[-62.016659,66.658043],[-62.186661,66.627197],[-62.09,66.606644],[-61.98,66.648041],[-61.788891,66.608597],[-61.576389,66.477203],[-61.98695,66.410263],[-61.55727,66.413681],[-61.462502,66.369141],[-61.554722,66.336113],[-61.783058,66.334152],[-61.915001,66.281372],[-62.080002,66.329437],[-62.2075,66.316673],[-62.23,66.40416],[-62.60722,66.442749],[-62.628052,66.430542],[-62.60397,66.40358],[-62.715549,66.407578],[-62.604721,66.387573],[-62.494999,66.405548],[-62.453892,66.353867],[-62.316109,66.304977],[-62.66695,66.214432],[-62.757229,66.245247],[-62.779442,66.307213],[-62.889999,66.333328],[-62.824451,66.289429],[-62.809441,66.240807],[-62.715,66.20166],[-62.513062,66.219437],[-62.34333,66.162491],[-62.108341,66.143051],[-62.16444,66.125526],[-62.153049,66.100807],[-62.03751,66.100807],[-62.079731,66.082764],[-62.012779,66.071381],[-62.108891,66.049988],[-61.98167,66.043053],[-61.960281,66.011932],[-62.188889,66.012207],[-62.307781,65.973877],[-62.52528,66.034149],[-62.778881,66.033333],[-62.930561,66.146942],[-63.061939,66.120819],[-62.93639,66.122757],[-62.875,66.04776],[-62.793621,66.010818],[-62.586109,66.00943],[-62.418331,65.970543],[-62.38583,65.931374],[-62.453609,65.921921],[-62.36195,65.904984],[-62.376389,65.868042],[-62.288059,65.813309],[-62.619999,65.80304],[-62.727219,65.828598],[-62.86417,65.911102],[-62.874722,65.883041],[-62.812771,65.857483],[-62.82362,65.839706],[-62.56945,65.757492],[-62.599442,65.718872],[-62.848049,65.763893],[-62.799171,65.711929],[-62.589722,65.668587],[-62.645279,65.587196],[-62.67194,65.597214],[-62.66,65.638046],[-62.727779,65.620819],[-62.730831,65.588882],[-62.784729,65.59137],[-62.85973,65.63472],[-62.88612,65.734421],[-62.959438,65.753883],[-62.91666,65.722214],[-62.89167,65.638321],[-62.972221,65.580833],[-63.0275,65.635818],[-63.211941,65.640549],[-63.43639,65.845261],[-63.488049,65.936096],[-63.529171,65.876923],[-63.36945,65.730553],[-63.384171,65.711647],[-63.347778,65.666656],[-63.728611,65.675812],[-63.671669,65.648331],[-63.375,65.632202],[-63.32,65.593323],[-63.35973,65.536102],[-63.48222,65.525269],[-63.583611,65.5961],[-63.608891,65.589981],[-63.56945,65.549149],[-63.618328,65.541931],[-63.536949,65.517487],[-63.526951,65.478867],[-63.446949,65.488312],[-63.292782,65.428864],[-63.65556,65.470833],[-63.389439,65.393051],[-63.523331,65.38443],[-63.33556,65.300537],[-63.448608,65.292213],[-63.34277,65.253326],[-63.45805,65.239433],[-63.325001,65.220833],[-63.317219,65.191093],[-63.513889,65.191093],[-63.43972,65.171654],[-63.477779,65.157494],[-63.34222,65.140549],[-63.433331,65.101929],[-63.39999,65.078873],[-63.367771,65.063026],[-63.465279,65.05748],[-63.38805,65.042763],[-63.46944,65.032211],[-63.456669,65.004173],[-63.527222,64.971916],[-63.504169,64.953049],[-63.546951,64.887207],[-63.653881,64.911652],[-63.62833,64.929703],[-63.656658,64.943588],[-63.601391,64.961113],[-63.614719,64.99942],[-63.732498,64.962196],[-63.824169,64.984711],[-63.825562,65.012772],[-63.65527,65.03804],[-63.870548,65.040817],[-63.881672,65.096939],[-63.798889,65.18248],[-63.85944,65.179153],[-63.965,65.096367],[-64.074722,65.120819],[-64.077789,65.068047],[-64.121109,65.043869],[-64.205276,65.106934],[-64.267227,65.094147],[-64.208893,65.155258],[-64.081123,65.199417],[-64.231377,65.19693],[-64.323334,65.148041],[-64.380829,65.181091],[-64.391113,65.248871],[-64.337784,65.289146],[-64.39917,65.270538],[-64.402786,65.291092],[-64.255569,65.386383],[-64.237213,65.429977],[-64.291107,65.422493],[-64.352219,65.3461],[-64.46167,65.294983],[-64.455566,65.207207],[-64.535004,65.097214],[-64.580002,65.12886],[-64.637512,65.119713],[-64.611389,65.141937],[-64.643623,65.15387],[-64.620827,65.192467],[-64.730293,65.158333],[-64.68277,65.203049],[-64.718338,65.220261],[-64.696663,65.234154],[-64.647507,65.247757],[-64.73111,65.271103],[-64.801102,65.23082],[-64.910828,65.303589],[-64.684433,65.341087],[-64.910553,65.339981],[-64.59111,65.429703],[-64.448608,65.41832],[-64.412781,65.478592],[-64.468887,65.4422],[-64.648064,65.464706],[-64.695267,65.427757],[-64.863892,65.424698],[-64.98111,65.401932],[-64.989723,65.368317],[-65.058884,65.376648],[-65.144173,65.427757],[-65.135834,65.461647],[-65.16806,65.483871],[-64.929718,65.524696],[-64.863892,65.579987],[-64.788887,65.584152],[-64.836937,65.60582],[-64.821404,65.641663],[-64.710007,65.652206],[-64.853333,65.654709],[-64.993607,65.548027],[-65.212219,65.552467],[-65.196663,65.599152],[-65.318336,65.550537],[-65.338608,65.575546],[-65.300827,65.590271],[-65.299988,65.630814],[-65.125816,65.633331],[-65.099731,65.671921],[-64.994453,65.701393],[-64.791382,65.723312],[-65.024719,65.716927],[-65.168327,65.656097],[-65.431381,65.669144],[-65.45639,65.685532],[-65.372772,65.777206],[-65.497772,65.737488],[-65.456123,65.826927],[-65.343887,65.916656],[-64.963898,65.998596],[-64.735001,65.969437],[-64.851387,66.032494],[-64.779449,66.092209],[-64.721657,66.217484],[-64.356377,66.349716],[-64.718887,66.273323],[-64.839996,66.193314],[-64.858887,66.106087],[-65.226936,66.01915],[-65.286392,66.038307],[-65.293877,66.010818],[-65.398064,65.974701],[-65.916107,65.951103],[-65.963058,66.034416],[-65.911667,66.09166],[-65.634171,66.172493],[-65.47139,66.312477],[-65.536392,66.318047],[-65.471123,66.342484],[-65.47583,66.387772],[-65.553879,66.327766],[-65.571671,66.268333],[-65.696953,66.180542],[-65.95195,66.108871],[-66.139183,66.131363],[-66.254318,66.220047],[-66.150284,66.284149],[-66.262512,66.238586],[-66.419724,66.275818],[-66.44194,66.266098],[-66.37471,66.207207],[-66.504997,66.208878],[-66.545547,66.27887],[-66.474442,66.275269],[-66.515289,66.318604],[-66.471123,66.347763],[-66.576111,66.359154],[-66.43721,66.413307],[-66.617493,66.368591],[-66.767776,66.380539],[-66.715012,66.385269],[-66.679169,66.454987],[-66.731949,66.428864],[-66.813606,66.452209],[-66.786942,66.505257],[-66.857773,66.536652],[-66.724716,66.584717],[-66.851936,66.583328],[-67.023064,66.643333],[-67.058884,66.642761],[-67.043327,66.625809],[-66.884171,66.566093],[-67.044724,66.521652],[-67.149437,66.531937],[-67.079453,66.511932],[-67.10556,66.485809],[-67.198608,66.494141],[-67.190277,66.52916],[-67.329453,66.565262],[-67.338333,66.597763],[-67.450287,66.572769],[-67.536392,66.622757],[-67.554993,66.610527],[-67.521667,66.565811],[-67.639999,66.596649],[-67.638611,66.576103],[-67.740829,66.571114],[-67.296387,66.526093],[-67.260559,66.475273],[-67.148621,66.443863],[-67.138062,66.382202],[-67.185272,66.363602],[-67.236389,66.400818],[-67.406387,66.429703],[-67.293877,66.371643],[-67.188599,66.352203],[-67.126099,66.305542],[-67.254181,66.302757],[-67.282227,66.275269],[-67.371658,66.313599],[-67.39917,66.29248],[-67.493881,66.352768],[-67.492767,66.382202],[-67.638611,66.445534],[-67.8125,66.463043],[-67.856949,66.5186],[-67.883904,66.4897],[-67.923607,66.516098],[-67.992767,66.503883],[-67.87027,66.454712],[-67.858047,66.411926],[-67.760559,66.358032],[-67.701401,66.284714],[-67.741096,66.243042],[-67.29361,66.11026],[-67.252792,66.049149],[-67.162514,66.035263],[-67.311943,65.996933],[-67.171661,65.926376],[-67.194443,65.909714],[-67.349167,65.913307],[-67.411118,65.943863],[-67.453888,65.897491],[-67.60611,65.902206],[-67.742767,65.960541],[-67.704178,65.891663],[-67.914436,65.899147],[-68.030563,65.998032],[-68.025833,66.065811],[-67.97084,66.087486],[-68.230293,66.146378],[-68.276947,66.224426],[-68.346947,66.212486],[-68.336121,66.174988],[-68.389999,66.183594],[-68.456123,66.271378],[-68.516403,66.298866],[-68.48056,66.215553],[-68.835281,66.184982],[-68.493057,66.188873],[-68.244164,66.071114],[-68.218887,66.081383],[-68.259171,66.109993],[-68.220001,66.128593],[-68.027222,66.074997],[-68.060272,66.054428],[-68.064438,65.984421],[-68.121658,66.021927],[-68.200287,66.020538],[-68.123894,65.963043],[-68.346947,66.037773],[-68.192207,65.950272],[-68.315552,65.959717],[-68.321671,65.911926],[-68.169159,65.904984],[-68.142776,65.929153],[-68.148354,65.873596],[-68.185822,65.854156],[-68.080841,65.834427],[-68.203613,65.792763],[-68.023903,65.775269],[-67.810822,65.815536],[-67.821121,65.768051],[-67.943329,65.746933],[-67.976669,65.705833],[-67.876099,65.694138],[-67.867493,65.634987],[-67.90889,65.611099],[-67.984161,65.633614],[-67.917503,65.599991],[-68.058884,65.568047],[-67.951683,65.568329],[-68.025833,65.481087],[-67.730293,65.636383],[-67.485283,65.643051],[-67.462593,65.674271],[-67.328056,65.662491],[-67.251678,65.606934],[-67.339172,65.576103],[-67.260834,65.529709],[-67.362213,65.546944],[-67.414436,65.525818],[-67.332497,65.515549],[-67.335564,65.494141],[-67.451401,65.493591],[-67.334442,65.443863],[-67.291107,65.470261],[-67.058037,65.451393],[-67.112122,65.435303],[-67.058327,65.426651],[-67.118057,65.361923],[-67.309158,65.36998],[-67.409439,65.333328],[-67.326683,65.31694],[-67.269173,65.352203],[-67.120003,65.309982],[-67.16806,65.264999],[-67.077789,65.250267],[-67.168327,65.224152],[-67.128601,65.228317],[-67.111107,65.19693],[-66.928879,65.229713],[-66.959167,65.106644],[-67.055557,65.105263],[-67.107773,65.058868],[-66.980827,65.087769],[-66.951683,65.0811],[-66.961403,65.057213],[-66.900284,65.063873],[-66.826401,65.149147],[-66.726097,65.180267],[-66.753342,65.113312],[-66.827217,65.094711],[-66.79361,65.083878],[-66.806664,65.055542],[-66.915283,65.050812],[-66.840286,65.033867],[-66.760834,65.064697],[-66.780563,65.003883],[-66.736389,64.99971],[-66.743057,64.963043],[-66.830292,64.940811],[-66.726936,64.913879],[-66.767227,64.868591],[-66.698334,64.763893],[-66.632492,64.781372],[-66.689713,64.822487],[-66.644447,64.94693],[-66.68866,65.038773],[-66.535278,65.010818],[-66.539993,64.953323],[-66.480293,64.983871],[-66.478607,64.929153],[-66.379173,64.912201],[-66.341667,64.938873],[-66.309433,64.86499],[-66.267502,64.901382],[-66.148354,64.868874],[-66.19194,64.77887],[-66.339722,64.763611],[-66.20723,64.752487],[-66.212219,64.685532],[-66.151947,64.689148],[-66.116943,64.781372],[-66.020844,64.849716],[-66.036667,64.708038],[-66.006393,64.701103],[-66.011948,64.748596],[-65.956673,64.761932],[-65.912514,64.681931],[-65.803329,64.633881],[-65.89917,64.732758],[-65.855827,64.755547],[-65.938316,64.799988],[-65.885277,64.827209],[-65.958618,64.877762],[-65.862503,64.859154],[-65.838608,64.882477],[-65.772781,64.853317],[-65.786942,64.801651],[-65.733612,64.844437],[-65.664169,64.808319],[-65.742493,64.741089],[-65.704727,64.687477],[-65.708618,64.736099],[-65.665283,64.771378],[-65.555832,64.723312],[-65.586403,64.640266],[-65.746948,64.59082],[-65.714172,64.570541],[-65.725563,64.498032],[-65.518066,64.49971],[-65.505569,64.468872],[-65.348343,64.525543],[-65.404999,64.44136],[-65.334167,64.48027],[-65.276398,64.460823],[-65.268341,64.511932],[-65.217499,64.535538],[-65.238052,64.483322],[-65.11528,64.510536],[-65.177223,64.47554],[-65.077789,64.475807],[-65.078888,64.421097],[-65.260559,64.384163],[-65.184998,64.356934],[-65.194992,64.310257],[-65.65834,64.302757],[-65.434158,64.299149],[-65.465286,64.291656],[-65.439713,64.2686],[-65.558609,64.24498],[-65.339447,64.246643],[-65.362213,64.224701],[-65.250557,64.208328],[-65.391678,64.148613],[-65.265007,64.178864],[-65.115829,64.106369],[-65.193878,64.072769],[-65.049438,64.07222],[-65.221939,64.028587],[-64.949158,64.014999],[-64.919449,64.003883],[-64.954453,63.971371],[-64.82251,64.024147],[-64.756119,64.001938],[-64.66806,64.033051],[-64.632767,63.972759],[-64.888901,63.895],[-64.889717,63.865269],[-64.974716,63.85194],[-64.984161,63.813881],[-64.948883,63.774441],[-64.755768,63.744389],[-64.689438,63.75444],[-64.508347,63.650829],[-64.521942,63.611938],[-64.589172,63.608051],[-64.536667,63.581108],[-64.558327,63.55888],[-64.51973,63.494999],[-64.547783,63.468048],[-64.501106,63.423611],[-64.553329,63.393608],[-64.634743,63.410271],[-64.51001,63.374989],[-64.495537,63.32777],[-64.526138,63.303829],[-64.620003,63.31332],[-64.481949,63.282211],[-64.648621,63.23777],[-64.767502,63.323879],[-64.757507,63.379711],[-64.797501,63.395828],[-64.834442,63.4986],[-64.935822,63.572769],[-64.94249,63.63221],[-65.070847,63.67194],[-65.106377,63.727211],[-65.208054,63.775829],[-65.159439,63.781109],[-65.298607,63.812489],[-64.986938,63.601662],[-65.091949,63.559719],[-65.099442,63.526379],[-65.04277,63.459721],[-65.117027,63.426929],[-65.045273,63.43166],[-65.123322,63.400269],[-64.965012,63.369438],[-64.909157,63.280548],[-64.921387,63.235821],[-65.055557,63.314442],[-65.015289,63.251942],[-65.148621,63.28611],[-65.087784,63.23082],[-64.968613,63.217209],[-65.079453,63.21249],[-65.05777,63.174709],[-64.920273,63.184158],[-64.857498,63.16444],[-64.898354,63.140549],[-64.78389,63.122219],[-64.760834,63.090549],[-64.864441,63.088879],[-64.766953,63.06221],[-64.815277,63.039162],[-64.771393,62.98333],[-64.846657,62.967209],[-64.730827,62.921379],[-64.696114,62.952221],[-64.626938,62.89999],[-64.881943,62.867489],[-65.080566,62.938599],[-65.11972,62.992222],[-65.154167,62.972759],[-65.125,62.92083],[-65.236107,62.957771],[-65.27417,63.001389],[-65.279449,62.968601],[-65.186661,62.924999],[-65.202499,62.887772],[-64.984734,62.714161],[-64.928329,62.63221],[-64.983887,62.642769],[-64.981667,62.619438],[-65.144997,62.56583],[-65.22084,62.578331],[-65.294998,62.669441],[-65.266953,62.694439],[-65.327499,62.691662],[-65.328056,62.6661],[-65.353882,62.684429],[-65.318336,62.74332],[-65.244164,62.77916],[-65.361938,62.774712],[-65.363617,62.81694],[-65.331947,62.82222],[-65.253616,62.8325],[-65.339722,62.83749],[-65.331947,62.925549],[-65.402786,62.821659],[-65.454178,62.84193],[-65.609444,62.820831],[-65.664436,62.904991],[-65.704727,62.89027],[-65.750557,62.922489],[-65.688049,62.979988],[-65.728882,63.052769],[-65.743881,62.965832],[-65.825562,62.927769],[-65.79361,62.87027],[-65.878883,62.924709],[-65.964172,62.931381],[-65.833328,63.03138],[-65.950562,62.975819],[-66.01445,62.97887],[-66.074722,63.021381],[-66.055267,63.04805],[-66.137222,63.03722],[-66.162781,63.089989],[-66.275833,63.133881],[-66.291382,63.1161],[-66.212219,63.081379],[-66.196663,63.031658],[-66.091377,62.983601],[-66.097778,62.952492],[-66.159157,62.936649],[-66.293877,62.992771],[-66.392776,62.994999],[-66.518341,63.065269],[-66.493607,63.087769],[-66.569733,63.15749],[-66.545273,63.195541],[-66.689713,63.281109],[-66.638344,63.340271],[-66.650833,63.374989],[-66.74028,63.283611],[-66.602493,63.205269],[-66.618607,63.162491],[-66.563316,63.073608],[-66.68277,63.096661],[-66.540283,62.99416],[-66.68222,63.026379],[-66.768066,63.087769],[-66.758621,63.178051],[-66.807503,63.273319],[-66.849167,63.245541],[-66.806664,63.160549],[-66.897713,63.171459],[-67.023903,63.24305],[-66.947769,63.284161],[-67.009453,63.326939],[-66.977783,63.399719],[-67.017227,63.397221],[-67.040833,63.335548],[-67.017227,63.281109],[-67.092499,63.276661],[-67.171661,63.31638],[-67.146118,63.27943],[-67.179718,63.275551],[-67.346657,63.374161],[-67.403061,63.462769],[-67.414436,63.410271],[-67.494164,63.4361],[-67.55278,63.53611],[-67.621658,63.548882],[-67.683319,63.619438],[-67.670273,63.65332],[-67.778061,63.63694],[-67.794998,63.688881],[-67.834732,63.689159],[-67.833328,63.725552],[-67.914719,63.759441],[-67.799728,63.632488],[-67.819458,63.585819],[-67.786942,63.528599],[-67.671944,63.412491],[-67.678329,63.373051],[-67.71666,63.36388],[-67.820557,63.400269],[-67.858047,63.4575],[-67.950844,63.50666],[-68.083618,63.547218],[-68.126938,63.603321],[-68.137222,63.576389],[-68.247498,63.597488],[-68.216949,63.627209],[-68.272781,63.691101],[-68.312767,63.690269],[-68.271118,63.63805],[-68.30278,63.633049],[-68.528877,63.74638],[-68.556381,63.727489],[-68.747223,63.77499],[-68.723618,63.72971],[-68.99472,63.75555],[-68.813049,63.635551],[-68.85083,63.599998],[-68.543877,63.446098],[-68.446663,63.439991],[-68.495827,63.421379],[-68.270554,63.285],[-68.284729,63.26194],[-68.20639,63.227211],[-68.234734,63.197769],[-68.139183,63.148609],[-67.917503,63.137211],[-67.976387,63.064159],[-67.919724,63.07333],[-67.894173,63.119991],[-67.785828,63.087212],[-67.610283,63.094151],[-67.615013,63.06361],[-67.791382,63.020828],[-67.735283,62.98138],[-67.76973,62.958328],[-67.713898,62.961109],[-67.736938,62.995541],[-67.686943,63.026661],[-67.553047,63.048611],[-67.499733,63.007771],[-67.651398,62.967491],[-67.665833,62.91888],[-67.462784,62.985271],[-67.395279,62.963879],[-67.419724,62.931381],[-67.362778,62.943878],[-67.246384,62.88361],[-67.370003,62.85416],[-67.200844,62.873051],[-67.179443,62.83749],[-67.241943,62.81221],[-67.114723,62.820549],[-67.08667,62.79361],[-67.118607,62.75639],[-67.04834,62.771381],[-67.012222,62.73444],[-67.058327,62.691929],[-66.912781,62.694988],[-67.001106,62.653881],[-66.804718,62.678879],[-66.726936,62.668598],[-66.773064,62.632488],[-66.670273,62.641941],[-66.712784,62.621658],[-66.615013,62.612209],[-66.61055,62.582771],[-66.487778,62.511379],[-66.509453,62.421661],[-66.351669,62.444988],[-66.394173,62.419159],[-66.330566,62.379162],[-66.476936,62.335819],[-66.318619,62.264721],[-66.35556,62.33194],[-66.243607,62.31916],[-66.21666,62.35194],[-66.15834,62.305271],[-66.146957,62.252781],[-66.257233,62.25972],[-66.058609,62.224159],[-66.015007,62.251389],[-65.93306,62.204159],[-66.055557,62.141941],[-66.038063,62.064159],[-66.13945,62.093048],[-66.153877,62.125549],[-66.200562,62.113049],[-66.098892,62.035831],[-66.138344,62.0075],[-66.068069,61.995541],[-66.035828,61.95277],[-65.992218,61.962769],[-65.955002,61.89027],[-66.394997,61.870831],[-66.632767,61.91888],[-66.665283,61.94138],[-66.618057,61.966099],[-66.707779,61.967491],[-66.755569,62.011108],[-66.937767,62.044441],[-66.920273,62.018879],[-66.960564,62.014439],[-67.019997,62.051659],[-67.104721,62.032211],[-67.232773,62.0961],[-67.32695,62.07333],[-67.328339,62.1311],[-67.389999,62.1511],[-67.731659,62.15836],[-67.828339,62.172489],[-67.806664,62.198879],[-67.838898,62.20916],[-67.866386,62.188881],[-68.54805,62.2486],[-68.722229,62.302219],[-68.711937,62.325829],[-68.819458,62.338329],[-68.853882,62.381378],[-69.022507,62.37471],[-69.298889,62.498329],[-69.282227,62.622219],[-69.376099,62.533051],[-69.411392,62.607498],[-69.457497,62.622761],[-69.442207,62.547489],[-69.597229,62.662491],[-69.475563,62.673882],[-69.478333,62.696659],[-69.428047,62.705551],[-69.565552,62.718048],[-69.394997,62.763329],[-69.570847,62.761379],[-69.621109,62.787769],[-69.682503,62.739719],[-69.679443,62.774712],[-69.83168,62.821941],[-69.762512,62.726101],[-69.896957,62.75555],[-69.939987,62.794159],[-70.041672,62.750271],[-70.254997,62.75639],[-70.499443,62.864441],[-70.885559,62.907211],[-70.768066,62.925831],[-70.847778,62.947208],[-71.042221,62.95583],[-70.940552,62.970268],[-70.9664,62.999161],[-70.940277,63.026939],[-70.997223,63.023048],[-71.013062,62.98999],[-71.152222,62.985271],[-71.136673,63.028599],[-71.027222,63.02499],[-70.939163,63.095268],[-70.823898,63.128601],[-70.92749,63.115002],[-70.949158,63.139431],[-70.90889,63.17083],[-70.99028,63.148048],[-70.98999,63.102489],[-71.029716,63.071941],[-71.138611,63.07333],[-71.155563,63.098598],[-71.198608,63.019989],[-71.243881,63.00111],[-71.275833,63.012211],[-71.248611,63.02943],[-71.268623,63.040279],[-71.40834,63.055271],[-71.398064,63.122761],[-71.465012,63.103321],[-71.713898,63.179161],[-71.65889,63.19249],[-71.756393,63.237209],[-71.646393,63.259159],[-71.769997,63.25639],[-71.738892,63.267769],[-71.775284,63.288891],[-71.752792,63.312771],[-71.821091,63.34341],[-71.730003,63.34499],[-71.775009,63.412209],[-71.805832,63.382771],[-71.924438,63.38916],[-71.993057,63.426659],[-72.009171,63.391109],[-72.145554,63.446098],[-71.634743,63.41972],[-71.502274,63.47747],[-71.304169,63.535271],[-71.288887,63.588329],[-71.234734,63.608051],[-71.407501,63.567768],[-71.362503,63.613331],[-71.407784,63.635551],[-71.407784,63.610279],[-71.460564,63.600269],[-71.446953,63.58083],[-71.57695,63.581669],[-71.562767,63.622219],[-71.485817,63.629429],[-71.581123,63.645271],[-71.534157,63.71027],[-71.638062,63.7211],[-71.667221,63.697208],[-71.608337,63.65443],[-71.640289,63.646099],[-71.72139,63.691929],[-71.684158,63.746658],[-71.759743,63.691662],[-71.773064,63.74416],[-71.904449,63.80999],[-71.970551,63.79583],[-72.004181,63.752781],[-71.843887,63.75555],[-71.92305,63.645271],[-71.971939,63.656101],[-71.929169,63.679722],[-71.947487,63.722488],[-72.039169,63.66444],[-72.070557,63.73999],[-72.107498,63.715832],[-72.204727,63.774441],[-72.213898,63.677769],[-72.317497,63.67416],[-72.315552,63.733051],[-72.357773,63.761379],[-72.252792,63.760281],[-72.271942,63.797779],[-72.222778,63.861382],[-72.092499,63.904709],[-72.218338,63.895],[-72.246384,63.950272],[-72.276398,63.90749],[-72.246658,63.883331],[-72.3125,63.896389],[-72.405563,63.826389],[-72.372772,63.778599],[-72.526398,63.787769],[-72.456947,63.81583],[-72.596947,63.86832],[-72.660553,63.850269],[-72.641113,63.90443],[-72.665558,63.922218],[-72.604172,63.949429],[-72.592773,64.022217],[-72.676102,64.020264],[-72.664719,64.080551],[-72.705841,64.009163],[-72.658623,63.98777],[-72.733322,63.962769],[-72.758347,64.004173],[-72.940277,64.058594],[-72.870827,64.093872],[-72.897232,64.156937],[-73.08139,64.183594],[-73.05249,64.224991],[-73.130829,64.266937],[-73.107224,64.290817],[-73.210564,64.291931],[-73.236107,64.330551],[-73.310547,64.310806],[-73.279167,64.258614],[-73.384171,64.272491],[-73.391388,64.338593],[-73.333328,64.378311],[-73.260559,64.363312],[-73.351936,64.401657],[-73.41777,64.371094],[-73.471939,64.414993],[-73.316391,64.45665],[-73.419724,64.477203],[-73.278061,64.519989],[-73.16777,64.57666],[-73.165558,64.607483],[-73.275284,64.595261],[-73.309433,64.6586],[-73.347504,64.634987],[-73.302223,64.583878],[-73.307503,64.535812],[-73.463333,64.502487],[-73.486816,64.571342],[-73.402222,64.549423],[-73.457779,64.58638],[-73.430557,64.603317],[-73.571121,64.585274],[-73.656662,64.663597],[-73.689438,64.583603],[-73.644173,64.566093],[-73.753891,64.535263],[-73.929443,64.602203],[-73.786392,64.476646],[-73.815277,64.459152],[-73.882767,64.494141],[-73.86972,64.468323],[-73.906387,64.455551],[-73.961121,64.477203],[-73.972778,64.430267],[-73.940552,64.404427],[-73.985001,64.387497],[-73.993332,64.3311],[-74.089996,64.329163],[-74.175003,64.36026],[-74.102219,64.367477],[-74.107498,64.403053],[-74.077499,64.411377],[-74.170273,64.461647],[-74.04361,64.443039],[-74.127487,64.534416],[-73.953613,64.516098],[-74.164436,64.570541],[-73.999443,64.58194],[-74.083618,64.631088],[-74.060547,64.733322],[-74.120537,64.741928],[-74.119453,64.676933],[-74.22139,64.671097],[-74.208893,64.614151],[-74.24028,64.580276],[-74.298607,64.625526],[-74.264183,64.654984],[-74.316391,64.681931],[-74.338333,64.627197],[-74.417503,64.659988],[-74.347229,64.591927],[-74.381943,64.569992],[-74.431107,64.596367],[-74.415558,64.623032],[-74.535278,64.622208],[-74.57251,64.664703],[-74.704178,64.735527],[-74.565002,64.845833],[-74.478882,64.835823],[-74.577789,64.86998],[-74.545837,64.892212],[-74.639999,64.903587],[-74.660828,64.893883],[-74.63945,64.861366],[-74.732773,64.854713],[-74.706673,64.800537],[-74.726387,64.770828],[-74.811111,64.804153],[-74.837219,64.778587],[-74.985283,64.795822],[-74.470001,64.55748],[-74.638901,64.538307],[-74.537216,64.510536],[-74.616653,64.498032],[-74.501106,64.455833],[-74.667221,64.40387],[-74.680557,64.372208],[-74.974716,64.416092],[-75.174713,64.492752],[-75.18721,64.473602],[-75.144173,64.453049],[-75.215561,64.428864],[-75.331833,64.490387],[-75.536667,64.536652],[-75.568336,64.569443],[-75.843063,64.607758],[-75.781387,64.571381],[-75.837219,64.561371],[-75.818893,64.530823],[-75.631668,64.453598],[-75.73555,64.470261],[-75.708344,64.437759],[-75.922501,64.481087],[-75.801392,64.436096],[-75.821953,64.425537],[-75.726936,64.367203],[-75.944443,64.376083],[-75.982773,64.404427],[-76.071671,64.359993],[-76.121384,64.387497],[-76.169998,64.373596],[-76.140556,64.364433],[-76.166656,64.349991],[-76.375,64.356934],[-76.323898,64.315811],[-76.188316,64.306931],[-76.300552,64.27887],[-76.438049,64.31749],[-76.483887,64.306091],[-76.378052,64.279427],[-76.484734,64.266663],[-76.541382,64.304703],[-76.658051,64.276657],[-76.705841,64.300812],[-76.738892,64.276382],[-76.721657,64.238312],[-76.660278,64.218323],[-76.670547,64.184143],[-76.841667,64.202209],[-76.827499,64.226929],[-77.122772,64.295532],[-77.37999,64.245247],[-77.37027,64.280548],[-77.451111,64.294434],[-77.386673,64.306091],[-77.400284,64.321663],[-77.542503,64.311371],[-77.489441,64.348328],[-77.652222,64.388046],[-77.643341,64.334717],[-77.672501,64.318047],[-77.785004,64.369431],[-77.877777,64.373871],[-77.905563,64.400543],[-77.842773,64.425537],[-78.008347,64.424423],[-77.973053,64.463608],[-78.032227,64.485809],[-78.06778,64.498032],[-78.068619,64.540817],[-78.183319,64.572487],[-78.128601,64.589157],[-78.194992,64.648613],[-78.159157,64.697197],[-78.299156,64.704712],[-78.184433,64.723602],[-78.187767,64.753883],[-78.073624,64.813599],[-78.066391,64.85582],[-78.117218,64.876083],[-78.149727,64.952209],[-77.963898,65.047493],[-77.628052,65.143051],[-77.488327,65.139427],[-77.328613,65.178864],[-77.315552,65.199417],[-77.513062,65.318878],[-77.461121,65.37915],[-77.287514,65.367752],[-77.421661,65.46138],[-77.238052,65.469437],[-77.267227,65.457489],[-77.08667,65.407211],[-76.920837,65.429428],[-76.66362,65.410263],[-75.785553,65.224426],[-75.733322,65.152206],[-75.524628,65.103271],[-75.428047,65.048317],[-75.415558,64.977478],[-75.507233,64.938309],[-75.667503,64.940811],[-75.605827,64.913307],[-75.587509,64.856644],[-75.454727,64.838882],[-75.530838,64.775543],[-75.443329,64.765266],[-75.396667,64.717209],[-75.298187,64.725769],[-75.373894,64.833054],[-75.343887,64.919708],[-75.469727,64.869431],[-75.567497,64.883614],[-75.482773,64.896378],[-75.473892,64.935806],[-75.384743,64.981934],[-75.269173,64.950546],[-75.29306,64.989151],[-75.243057,65.007767],[-75.186943,65.101646],[-75.259171,65.102203],[-75.279999,65.035263],[-75.360001,65.003883],[-75.597504,65.184143],[-75.714722,65.186371],[-75.761948,65.237762],[-75.903343,65.25943],[-75.950287,65.318329],[-75.696114,65.303864],[-75.625549,65.345543],[-75.566391,65.274986],[-75.186661,65.251938],[-75.083618,65.286102],[-75.070847,65.330276],[-75.108047,65.393051],[-75,65.379707],[-74.773064,65.386108],[-74.714447,65.431664],[-74.66861,65.424149],[-74.704178,65.40332],[-74.659439,65.388321],[-74.690552,65.374977],[-74.669449,65.349716],[-74.524437,65.333328],[-74.357773,65.398613],[-74.299988,65.472214],[-74.15889,65.485809],[-74.18277,65.525269],[-74.105827,65.534988],[-73.994453,65.503052],[-73.845284,65.532211],[-73.736938,65.514709],[-73.740829,65.490807],[-73.663887,65.45694],[-73.479721,65.450821],[-73.569458,65.577209],[-73.631378,65.607483],[-73.611656,65.646103],[-73.70195,65.685806],[-73.652496,65.718597],[-73.709732,65.762497],[-74.058037,65.875526],[-74.444992,66.096939],[-74.46611,66.151932],[-74.342216,66.225273],[-73.906952,66.353043],[-73.444153,66.551086],[-73.351936,66.649986],[-73.108612,66.723312],[-72.878326,66.925537],[-72.824173,67.029427],[-72.684998,67.076103],[-72.368607,67.112488],[-72.276108,67.166931],[-72.258347,67.248032],[-72.192757,67.273041],[-72.374443,67.325821],[-72.35611,67.357758],[-72.439713,67.476646],[-72.506119,67.496933],[-72.422234,67.529984],[-72.473892,67.566383],[-72.485817,67.623032],[-72.595001,67.633881],[-72.676392,67.693863],[-72.583328,67.750267],[-72.612503,67.790268],[-72.763062,67.876373],[-72.843887,67.850807],[-72.90834,67.903053],[-72.881378,67.934418],[-72.942207,67.925262],[-72.896118,68.01416],[-72.98111,68.13916],[-72.992218,68.234421],[-73.035553,68.235527],[-73.05249,68.199142],[-73.221657,68.22998],[-73.189438,68.254707],[-73.215561,68.272774],[-73.338898,68.27916],[-73.319733,68.25],[-73.361107,68.243042],[-73.496109,68.275543],[-73.30777,68.320267],[-73.289436,68.345833],[-73.31723,68.362488],[-73.21167,68.376923],[-73.253067,68.390823],[-73.357498,68.371368],[-73.349442,68.3311],[-73.471687,68.330109],[-73.632217,68.246643],[-73.684998,68.271378],[-73.591377,68.302467],[-73.835564,68.337196],[-73.948608,68.411926],[-73.867218,68.493042],[-73.72583,68.525818],[-73.815277,68.570541],[-73.719727,68.614433],[-73.823898,68.617203],[-73.706947,68.653587],[-73.795273,68.664429],[-73.753891,68.683594],[-74.178879,68.724152],[-73.888062,68.561653],[-73.90361,68.527771],[-73.99028,68.492752],[-74.031387,68.508614],[-74.006958,68.532494],[-74.190826,68.508881],[-74.366096,68.539146],[-74.514183,68.599991],[-74.541672,68.666092],[-74.726097,68.73027],[-74.719452,68.770538],[-74.57695,68.793053],[-74.551392,68.830551],[-74.678329,68.842758],[-74.749161,68.816383],[-74.63501,68.79332],[-74.778343,68.765823],[-74.984444,68.809418],[-74.691673,68.8647],[-74.679443,68.927757],[-75.041847,68.902992],[-74.840843,68.934708],[-75,68.93074],[-74.880547,68.967758],[-75.04277,68.928307],[-74.930283,68.997208],[-74.642776,69.011658],[-74.660828,69.044434],[-74.785828,69.076393],[-75.043327,69.013321],[-75.071404,68.921097],[-75.139717,68.88472],[-75.478882,69.019707],[-75.578613,68.984154],[-75.495003,68.930267],[-75.603882,68.8797],[-76.436394,68.6772],[-76.660828,68.699417],[-76.688049,68.746933],[-76.521667,68.870247],[-76.606659,68.883041],[-76.655563,68.924698],[-76.625549,69.018333],[-76.348892,69.054977],[-75.996933,69.003036],[-75.775009,69.088593],[-75.605827,69.085274],[-75.569458,69.158333],[-75.591667,69.221649],[-75.95639,69.366089],[-76.202499,69.413879],[-76.389183,69.395538],[-76.424713,69.454437],[-76.637787,69.546654],[-76.620003,69.58638],[-76.477783,69.652206],[-76.210831,69.6147],[-76.227783,69.641373],[-76.187767,69.665268],[-76.376389,69.671371],[-76.407227,69.700546],[-76.634171,69.683594],[-76.522781,69.652481],[-76.561661,69.620247],[-76.642502,69.620247],[-76.707497,69.559418],[-76.876099,69.583054],[-76.821121,69.626083],[-76.967499,69.591927],[-77.191673,69.639709],[-77.155563,69.680542],[-76.820282,69.699417],[-76.781387,69.748596],[-76.887222,69.751099],[-76.909157,69.791656],[-76.757507,69.815536],[-76.797501,69.836113],[-77.058327,69.813309],[-77.00473,69.856369],[-77.150284,69.816093],[-77.308884,69.830833],[-77.243057,69.881363],[-76.974716,69.935806],[-77.188316,69.906097],[-77.630547,69.823036],[-77.508347,69.82666],[-77.444443,69.789429],[-77.509743,69.796944],[-77.551392,69.747757],[-77.615829,69.741653],[-77.680557,69.819153],[-77.672501,70.180542],[-77.795273,70.25499],[-78.054169,70.218048],[-78.195831,70.25499],[-78.131943,70.218323],[-78.170273,70.19136],[-78.254997,70.228043],[-78.333328,70.198318],[-78.401672,70.212486],[-78.430832,70.262207],[-78.539993,70.306374],[-78.396118,70.328049],[-78.425827,70.347763],[-78.557503,70.351379],[-78.578888,70.309708],[-78.662514,70.35054],[-78.635559,70.373032],[-78.704727,70.374687],[-78.743881,70.449142],[-78.820007,70.438873],[-78.889183,70.479156],[-78.90834,70.447479],[-78.873047,70.407494],[-79.070557,70.469711],[-79.046112,70.483047],[-79.100281,70.498322],[-79.037514,70.516663],[-79.08168,70.529984],[-78.87999,70.546371],[-78.995827,70.556374],[-78.87999,70.594711],[-78.718887,70.54776],[-78.840561,70.634987],[-78.976936,70.635818],[-79.009453,70.679703],[-79.158051,70.622208],[-79.001953,70.613312],[-79.171944,70.513893],[-79.142227,70.501938],[-79.174156,70.42804],[-79.335007,70.438873],[-79.291107,70.44693],[-79.297783,70.489967],[-79.412781,70.491653],[-79.395279,70.437187],[-79.500557,70.452209],[-79.588898,70.399429],[-79.443329,70.349426],[-79.357773,70.369713],[-79.209442,70.313309],[-79.108887,70.304977],[-79.038887,70.340553],[-78.921661,70.300812],[-78.763062,70.183594],[-78.743332,70.073036],[-78.688599,70.054977],[-78.664169,70.004173],[-78.676392,69.945251],[-78.795837,69.876648],[-79.377777,69.886108],[-79.682503,69.848877],[-79.901947,69.976379],[-80.009453,69.941093],[-80.053047,69.997208],[-80.232498,70.007767],[-80.326111,69.98027],[-80.577499,70.048866],[-80.983612,70.056931],[-81.069733,70.097488],[-81.429993,70.093597],[-81.728333,70.132202],[-81.761948,70.117477],[-81.709732,70.074432],[-81.539719,70.053307],[-81.441101,69.999153],[-81.338333,70.0336],[-81.188599,69.991089],[-81.126389,69.927757],[-80.791382,69.790543],[-80.775558,69.752213],[-80.967773,69.714432],[-80.952217,69.732758],[-81.103058,69.768333],[-81.166946,69.821381],[-81.599731,69.943039],[-81.577499,69.968872],[-81.76973,69.97554],[-82.232773,70.146378],[-82.558327,70.184982],[-82.992767,70.303589],[-83.04805,70.306931],[-82.813316,70.20665],[-82.103058,70.065262],[-81.906387,69.970833],[-81.710831,69.934143],[-81.768066,69.901382],[-81.744453,69.871643],[-81.850281,69.884987],[-81.854172,69.855553],[-81.960281,69.844147],[-82.019997,69.873871],[-82.144997,69.823883],[-82.118607,69.810532],[-82.143341,69.781372],[-82.29805,69.801376],[-82.262787,69.823883],[-82.321953,69.830276],[-82.206673,69.828598],[-82.303047,69.856644],[-82.463623,69.841087],[-83.066673,70.010818],[-83.265839,70.013893],[-83.345284,69.977203],[-83.715286,69.947746],[-84.728607,70.010269],[-84.823334,70.02832],[-84.870827,70.071663],[-84.796951,70.107758],[-84.982773,70.064148],[-85.666397,70.104713],[-85.869453,70.085541],[-85.851669,70.038307],[-85.618057,70.070831],[-85.236107,69.989151],[-85.726936,69.99054],[-86.254997,70.105553],[-86.551941,70.234993],[-86.548889,70.296654],[-86.574722,70.311371],[-86.55249,70.346939],[-86.591667,70.358322],[-86.512787,70.416382],[-86.294998,70.472763],[-86.390839,70.522217],[-86.339447,70.486366],[-86.400558,70.463318],[-86.678047,70.373032],[-86.647232,70.319443],[-86.876099,70.326103],[-86.88945,70.357758],[-86.739441,70.382477],[-86.930557,70.391937],[-86.870537,70.413879],[-86.978058,70.420822],[-86.921387,70.45166],[-86.953339,70.467209],[-87.132767,70.439148],[-87.144173,70.404427],[-87.246948,70.383041],[-87.010559,70.371643],[-86.972778,70.351929],[-86.985817,70.281662],[-87.756958,70.332489],[-87.785553,70.30304],[-87.613327,70.281937],[-87.866386,70.238876],[-88.01445,70.295532],[-88.250557,70.321381],[-88.206673,70.352478],[-87.999443,70.303864],[-87.889999,70.32193],[-88.402222,70.448318],[-88.693047,70.455261],[-88.88945,70.52887],[-89.003891,70.624977],[-89.00528,70.656937],[-89.338058,70.795258],[-89.448334,70.902481],[-89.222778,70.935532],[-89.195267,70.968323],[-89.559433,71.090271],[-89.228333,71.072769],[-89.203056,71.03804],[-89.134453,71.026932],[-88.634171,71.052467],[-88.38028,71.011932],[-88.318619,70.953873],[-88.025284,70.930542],[-87.353607,70.945251],[-87.308609,70.995529],[-87.246948,71.009163],[-87.002792,70.994141],[-87.385834,71.041931],[-87.712784,71.126083],[-87.848892,71.184982],[-87.829453,71.261932],[-87.911667,71.266937],[-88.084442,71.20665],[-89.662514,71.307747],[-89.899727,71.351379],[-90,71.455101],[-89.951401,71.520477],[-90.040428,71.597748],[-89.795837,71.75972],[-89.914436,71.791656],[-89.883621,71.813309],[-89.954453,71.820541],[-89.955276,71.851089],[-90,71.864891],[-90.119453,71.926376],[-90,72.057114],[-89.738892,72.124977],[-89.664719,72.113312],[-89.574722,72.163597],[-89.780563,72.157494],[-89.897232,72.188583],[-89.960281,72.251663],[-89.928596,72.265823],[-89.956673,72.321663],[-89.827499,72.396942],[-89.907501,72.432213],[-89.781387,72.426933],[-89.897957,72.43544],[-89.79361,72.462769],[-89.753891,72.605553],[-89.572777,72.616928],[-89.545273,72.632477],[-89.556953,72.663879],[-89.470551,72.666092],[-89.574722,72.698868],[-89.547501,72.76944],[-89.574722,72.785263],[-89.30278,72.75],[-89.245537,72.785263],[-89.414436,72.825272],[-89.295837,72.919434],[-89.361389,72.991653],[-89.205276,73.013611],[-89.308884,73.048317],[-89.235817,73.120819],[-89.125816,73.146103],[-89.180557,73.156372],[-89.087784,73.207207],[-88.888062,73.212769],[-89.046661,73.246643],[-88.95639,73.293053],[-88.618881,73.280273],[-88.856949,73.336113],[-88.074722,73.627762],[-87.456673,73.760269],[-86.54834,73.85054],[-85.239441,73.821663],[-84.837784,73.741653],[-84.956123,73.665268],[-85.573334,73.508041],[-85.915283,73.366089],[-86.11972,73.246094],[-86.32251,73.046371],[-86.65361,72.868874],[-86.740547,72.727768],[-86.68222,72.683594],[-86.705276,72.665543],[-86.686943,72.644707],[-86.397232,72.534988],[-86.240829,72.420258],[-86.435822,72.270264],[-86.459167,72.201393],[-86.429443,72.168587],[-86.420547,72.012772],[-86.330841,71.98027],[-86.332497,71.947197],[-86.11055,71.783051],[-85.747498,71.64444],[-85.500839,71.511108],[-84.934723,71.41832],[-84.915009,71.388321],[-84.951111,71.34082],[-84.872223,71.333328],[-84.832779,71.27887],[-85.254181,71.287491],[-85.273331,71.277481],[-85.246948,71.262497],[-85.172501,71.272491],[-85.234444,71.247208],[-85.472229,71.231369],[-85.393066,71.222214],[-85.399986,71.193863],[-85.463898,71.211113],[-85.514717,71.176086],[-85.729172,71.2061],[-85.93277,71.178864],[-86.248894,71.058594],[-86.820007,70.988586],[-86.601936,70.971649],[-86.270279,71.002777],[-85.802223,71.135818],[-85.411667,71.174423],[-85.16333,71.136658],[-85.088898,71.151932],[-85.116943,71.179153],[-84.875267,71.17276],[-84.84584,71.147774],[-84.875816,71.069992],[-84.96611,71.100273],[-85.127434,71.087479],[-84.960281,71.07222],[-85.005569,71.030548],[-84.929718,71.00444],[-84.975281,70.945251],[-84.958618,70.919434],[-84.79361,70.926651],[-84.748047,70.988037],[-84.829727,71.073318],[-84.801392,71.183319],[-84.665558,71.217209],[-84.79306,71.278053],[-84.740829,71.377197],[-84.762512,71.406647],[-84.526108,71.468872],[-84.561394,71.549988],[-84.65834,71.583878],[-84.606659,71.649429],[-84.782784,71.678864],[-84.867218,71.668053],[-84.840561,71.641937],[-84.876099,71.627762],[-85.279716,71.668587],[-85.579727,71.784988],[-85.43277,71.806374],[-85.559723,71.900543],[-86.022781,71.980553],[-86.050827,72.011108],[-85.9664,71.97998],[-85.98111,72.028587],[-85.72139,72.004707],[-85.776398,72.023613],[-85.764717,72.043053],[-85.509453,72.068047],[-85.495003,72.089157],[-85.540558,72.124153],[-85.396667,72.137497],[-85.509171,72.178864],[-85.496109,72.210274],[-85.538063,72.23526],[-85.41777,72.220261],[-85.5,72.248322],[-85.47084,72.262497],[-84.919998,72.232758],[-84.273903,72.022491],[-84.184723,71.930542],[-84.158623,71.977203],[-84.189438,72.008614],[-84.164719,72.021103],[-84.346657,72.069717],[-84.413887,72.119713],[-84.378326,72.127762],[-84.613327,72.163597],[-84.743057,72.223602],[-84.669724,72.235809],[-84.933319,72.284416],[-84.816101,72.352768],[-84.521118,72.35054],[-84.442207,72.383041],[-84.864166,72.366928],[-84.870827,72.400818],[-84.786667,72.408867],[-84.776947,72.458328],[-85.127213,72.351929],[-85.115829,72.383041],[-85.33902,72.406418],[-85.535278,72.469711],[-85.617218,72.545532],[-85.475563,72.575272],[-85.623894,72.586929],[-85.705276,72.637772],[-85.68222,72.680817],[-85.708344,72.743042],[-85.650284,72.864151],[-85.688049,72.8936],[-85.570557,72.966927],[-85.283073,72.964432],[-83.955276,72.748322],[-85.091667,72.983047],[-85.059998,72.996643],[-85.129173,73.031372],[-85.178329,73.006653],[-85.535278,73.021927],[-85.406952,73.136383],[-85.277222,73.068878],[-85.142227,73.047493],[-85.229172,73.123032],[-85.148354,73.141663],[-84.829727,73.085541],[-83.867767,73.029709],[-83.634453,72.982483],[-83.784157,73.040543],[-84.584442,73.115807],[-85.170547,73.210823],[-85.188599,73.228867],[-85.134171,73.305542],[-85.017227,73.348328],[-84.786942,73.388046],[-84.654999,73.305542],[-84.35527,73.223038],[-84.413063,73.272217],[-84.586937,73.323036],[-84.598343,73.362488],[-84.656113,73.390549],[-84.171387,73.475273],[-83.751923,73.42749],[-83.689438,73.323608],[-83.600563,73.297493],[-83.594162,73.325272],[-83.650833,73.367477],[-83.625,73.415268],[-83.652496,73.445251],[-84.006958,73.50972],[-83.201111,73.660812],[-83.045837,73.645828],[-82.840843,73.732758],[-81.57251,73.719711],[-81.45723,73.691093],[-81.449997,73.65332],[-81.263062,73.564148],[-81.180283,73.415268],[-81.204727,73.266663],[-80.59639,73.148041],[-80.549438,73.08194],[-80.59584,73.045822],[-80.584732,73.013893],[-80.647507,72.99054],[-80.638344,72.92276],[-80.487778,72.828598],[-80.319458,72.799149],[-80.247498,72.730553],[-80.541382,72.62886],[-80.531952,72.573608],[-80.94249,72.455261],[-81.099731,72.353592],[-81.176102,72.338593],[-81.199722,72.289146],[-81.37944,72.241653],[-81.229721,72.258614],[-80.880547,72.438309],[-80.516403,72.503883],[-80.492767,72.453049],[-80.514183,72.3797],[-80.794159,72.284714],[-80.864166,72.225273],[-80.838898,72.199707],[-80.969162,72.199997],[-80.56723,72.072769],[-80.646118,72.063309],[-80.771393,72.104156],[-81.025558,72.091927],[-80.996109,72.066673],[-81.08667,72.046654],[-80.847229,72.056641],[-80.79277,72.027771],[-80.827789,72.001663],[-80.821404,71.956383],[-80.975014,71.895828],[-80.950287,71.881088],[-80.756119,71.934143],[-80.746948,71.982483],[-80.38501,72.048317],[-80.347229,72.088318],[-80.486656,72.189423],[-80.241096,72.197746],[-80.306381,72.255257],[-80.260834,72.294983],[-80.155838,72.273613],[-79.991669,72.176651],[-79.674438,72.126648],[-79.979973,72.217178],[-80.164436,72.327477],[-80.064713,72.383614],[-79.874443,72.426933],[-79.851936,72.462769],[-79.870827,72.483047],[-79.836937,72.498596],[-79.692207,72.466927],[-79.769173,72.412201],[-79.595551,72.334717],[-79.638901,72.289146],[-79.768623,72.245247],[-79.75,72.215553],[-79.565826,72.275269],[-79.450562,72.194977],[-79.467216,72.24942],[-79.54361,72.285812],[-79.329727,72.397217],[-79.027786,72.277481],[-78.948608,72.273041],[-78.985817,72.234154],[-78.943604,72.193039],[-79.005569,72.143883],[-79.036392,72.069443],[-79.233063,71.976379],[-79.026672,71.970543],[-78.551392,71.861099],[-78.508347,71.876373],[-78.592499,71.903053],[-78.607498,71.938583],[-78.923607,72.014999],[-78.876099,72.06192],[-78.854446,72.173027],[-78.476097,72.087196],[-78.381943,71.92804],[-78.184998,71.81749],[-77.904449,71.768051],[-78.139999,71.830551],[-78.308884,71.921097],[-78.305267,71.94693],[-78.156952,71.968323],[-77.96611,71.837196],[-77.797234,71.792763],[-77.759453,71.75],[-77.698036,71.81192],[-77.907227,71.848038],[-78.103607,71.944702],[-78.116386,71.976929],[-78.32251,71.985809],[-78.375549,72.085823],[-78.436943,72.117477],[-78.854721,72.214432],[-78.86055,72.23526],[-78.749161,72.280273],[-78.819733,72.314697],[-78.79277,72.337769],[-78.604172,72.359421],[-78.515839,72.330551],[-78.529167,72.235527],[-78.40834,72.166382],[-78.384171,72.175537],[-78.411118,72.21666],[-78.472778,72.242477],[-78.445831,72.281097],[-78.468338,72.314987],[-78.40834,72.325821],[-77.665283,72.204712],[-77.644447,72.186653],[-77.665009,72.16304],[-77.620537,72.136108],[-77.657227,72.094147],[-77.589722,72.127472],[-77.622223,72.164429],[-77.588898,72.181374],[-77.289436,72.183319],[-76.997223,72.128036],[-77.278061,72.19693],[-77.549988,72.198029],[-78.389183,72.373032],[-78.559158,72.438026],[-78.556664,72.50444],[-78.430557,72.586647],[-77.613892,72.751663],[-77.063049,72.753326],[-76.753067,72.720543],[-76.65361,72.670822],[-76.681671,72.642487],[-76.166946,72.58638],[-76.162514,72.526093],[-76.107773,72.473038],[-76.036942,72.489433],[-76.064713,72.549988],[-75.931953,72.583603],[-75.231667,72.500549],[-75,72.29837],[-74.947487,72.24971],[-75.238327,72.118317],[-75.607498,72.143333],[-76.015007,72.086647],[-76.410553,71.859154],[-76.374443,71.842484],[-76.238602,71.931091],[-76.089722,71.978867],[-76.01973,72.046097],[-75.796661,72.103592],[-75.528343,72.120819],[-75.233322,72.084152],[-75.221123,72.064697],[-75.281677,72.038589],[-75.606377,71.989433],[-75.692207,71.833328],[-75.80249,71.750549],[-76.096123,71.697479],[-75.88028,71.702477],[-75.794998,71.725807],[-75.654999,71.826103],[-75.570282,71.91748],[-75.558327,71.976646],[-75.197769,72.023323],[-75.035828,72.125809],[-74.244164,72.073036],[-74.117767,71.969994],[-74.212219,71.912773],[-74.166107,71.874687],[-74.230003,71.822769],[-74.439987,71.801933],[-74.539436,71.828873],[-74.575012,71.818878],[-74.551392,71.794434],[-74.713623,71.73526],[-75.389999,71.681091],[-75.04361,71.699707],[-74.933609,71.663879],[-75.406387,71.512207],[-74.672783,71.692467],[-74.631943,71.646378],[-74.713058,71.583878],[-75,71.535583],[-75.152222,71.466087],[-75.033333,71.513046],[-74.838333,71.521927],[-74.816101,71.493317],[-74.925552,71.454163],[-74.736938,71.429703],[-74.699432,71.390823],[-75.087219,71.200272],[-75.065002,71.180817],[-74.874161,71.247757],[-74.637512,71.380539],[-74.638062,71.426651],[-74.73555,71.472488],[-74.736107,71.530548],[-74.620003,71.558029],[-74.522781,71.662201],[-74.381943,71.6772],[-74.288597,71.727478],[-74.109161,71.735809],[-74.128883,71.671654],[-74.254463,71.606644],[-74.243057,71.569717],[-74.156387,71.532211],[-74.2164,71.612762],[-74.09639,71.652771],[-73.977783,71.75972],[-73.704453,71.774986],[-73.686111,71.718872],[-73.604172,71.772217],[-73.620003,71.716087],[-73.791382,71.661102],[-73.797783,71.626648],[-73.890839,71.609421],[-73.888901,71.582489],[-73.98555,71.534149],[-74.012222,71.483597],[-73.988892,71.46138],[-74.319168,71.409416],[-74.02861,71.437759],[-74.066963,71.395538],[-74.063889,71.336929],[-74.179169,71.306374],[-74.091667,71.285538],[-74.235001,71.198318],[-73.996658,71.324158],[-74.006958,71.367203],[-73.968613,71.419434],[-73.897781,71.445534],[-73.867767,71.525818],[-73.746948,71.585274],[-73.621933,71.583328],[-73.565002,71.551933],[-73.619453,71.515823],[-73.649437,71.44136],[-73.583328,71.388321],[-73.63501,71.359421],[-73.51889,71.37915],[-73.503067,71.424698],[-73.446953,71.440262],[-73.38028,71.385269],[-73.464188,71.372208],[-73.681953,71.246094],[-73.735817,71.093323],[-73.898354,71.05748],[-73.674438,71.088318],[-73.673607,71.16304],[-73.623611,71.22554],[-73.433884,71.308594],[-73.436111,71.340553],[-73.349731,71.345261],[-73.049438,71.268333],[-73.271942,71.220543],[-73.235001,71.162201],[-73.294449,71.092484],[-73.450844,71.035263],[-73.377487,70.980553],[-73.399437,71.041931],[-73.267059,71.081779],[-73.196953,71.13472],[-73.16861,71.170532],[-73.180283,71.211647],[-72.995003,71.25],[-72.951401,71.316093],[-72.993332,71.401932],[-72.759171,71.426933],[-72.838058,71.506378],[-72.649727,71.536926],[-72.557503,71.660263],[-71.554169,71.503883],[-71.444443,71.468597],[-71.428329,71.428589],[-71.301941,71.388603],[-71.123322,71.271652],[-71.340561,71.170532],[-71.464447,71.062477],[-71.910828,71.107758],[-72.099731,71.063873],[-72.101936,71.016098],[-72.179718,70.962196],[-72.297234,70.947197],[-72.334167,70.878593],[-72.771667,70.815811],[-72.30278,70.867203],[-72.16362,70.83638],[-72.333069,70.750816],[-72.316391,70.723312],[-72.381943,70.6772],[-72.623322,70.628036],[-72.542503,70.609993],[-72.326111,70.667213],[-72.185547,70.766388],[-71.626099,70.863312],[-71.326111,70.885536],[-71.185547,70.851929],[-71.289169,70.908867],[-71.208344,71.00499],[-70.836121,71.114433],[-70.613892,71.062187],[-70.51445,70.921097],[-70.726669,70.829987],[-70.746948,70.745529],[-71.100563,70.654984],[-71.175278,70.583603],[-71.592773,70.606934],[-71.583618,70.546371],[-71.737213,70.483322],[-71.748894,70.444427],[-71.960564,70.420822],[-71.727219,70.41748],[-71.755569,70.329163],[-71.836937,70.289978],[-71.733612,70.313873],[-71.674713,70.369713],[-71.655273,70.472488],[-71.525284,70.524696],[-71.506958,70.576393],[-71.16777,70.531937],[-71.273903,70.336113],[-71.32251,70.312759],[-71.285278,70.251389],[-71.535828,70.019707],[-71.33168,70.128593],[-71.29834,70.19664],[-71.210564,70.262207],[-71.231949,70.294983],[-71.060822,70.520264],[-70.98999,70.524429],[-71.053047,70.55304],[-70.997223,70.625809],[-70.844162,70.641937],[-70.611938,70.723602],[-69.892776,70.883331],[-69.771118,70.857483],[-69.87944,70.768051],[-70.084732,70.683594],[-70.245003,70.638321],[-70.454727,70.627762],[-70.478882,70.606644],[-70.397507,70.524147],[-70.477783,70.47554],[-70.308037,70.498871],[-70.39389,70.611923],[-70.049438,70.632751],[-70.027222,70.589706],[-69.978607,70.65332],[-69.775833,70.682213],[-69.808609,70.70166],[-69.771118,70.712769],[-69.665558,70.682213],[-69.620003,70.758041],[-69.451401,70.791931],[-69.226936,70.779984],[-69.111656,70.721916],[-68.284157,70.540543],[-68.289719,70.5],[-68.451401,70.409416],[-68.458618,70.369431],[-68.575844,70.396103],[-68.54805,70.447746],[-68.582497,70.464432],[-68.661667,70.431091],[-68.651108,70.345833],[-68.682503,70.329437],[-69.414436,70.253601],[-69.66806,70.198593],[-69.829453,70.15416],[-69.91777,70.085541],[-70.185547,70.028053],[-69.901108,70.048317],[-69.815552,69.984711],[-70.148621,69.962196],[-70.291382,69.889427],[-70.450562,69.857208],[-70.384171,69.837196],[-70.076683,69.958038],[-69.777222,69.963608],[-69.735283,69.99054],[-69.804718,70.038879],[-69.79277,70.080833],[-69.675827,70.139709],[-69.219452,70.188309],[-69.039436,70.16748],[-69.014717,70.183037],[-69.12944,70.214706],[-68.68277,70.203598],[-68.642502,70.149429],[-68.753067,70.105263],[-68.734161,70.073036],[-68.783073,70.044434],[-69.106377,69.974426],[-69.426941,69.819717],[-69.683884,69.839981],[-69.805832,69.819992],[-69.998047,69.669983],[-69.982773,69.61554],[-69.741943,69.803589],[-69.395844,69.777771],[-69.076683,69.923866],[-68.933884,69.951103],[-68.639717,69.939972],[-68.669449,69.981659],[-68.541672,70.021378],[-68.565277,70.049423],[-68.338333,70.064148],[-68.20723,70.109421],[-68.229446,70.135269],[-68.333618,70.13916],[-68.291107,70.163307],[-68.345551,70.163307],[-68.345284,70.188026],[-68.298889,70.182213],[-68.318619,70.218597],[-68.160004,70.282761],[-68.151108,70.313873],[-68.055832,70.322769],[-67.909439,70.275543],[-67.794724,70.258881],[-67.575562,70.158333],[-67.242493,69.958328],[-67.117767,69.726379],[-67.406952,69.714706],[-67.761124,69.778587],[-67.996109,69.774429],[-68.208054,69.715553],[-68.329453,69.627762],[-68.699997,69.645828],[-69.220001,69.535812],[-69.688889,69.569443],[-70.035278,69.537201],[-69.885834,69.507217],[-69.66333,69.548317],[-69.299988,69.506104],[-68.668327,69.59082],[-67.982224,69.457489],[-67.792221,69.484154],[-67.258347,69.467484],[-66.795547,69.341087],[-66.694992,69.281662],[-66.646667,69.203598],[-66.758621,69.128036],[-66.996948,69.177757],[-67.164719,69.179428],[-67.207779,69.143051],[-67.343063,69.183319],[-67.676392,69.169434],[-68.184479,69.308006],[-68.375549,69.294708],[-68.984444,69.356934],[-69.257782,69.270264],[-68.941101,69.332489],[-68.445267,69.270264],[-68.159439,69.266098],[-68.077499,69.217484],[-68.129707,69.197746],[-68.967773,69.2211],[-68.502502,69.198593],[-68.70723,69.138321],[-69.075562,69.10582],[-68.926941,69.098328],[-68.958893,69.003052],[-69.028877,68.971367],[-68.930557,68.992752],[-68.872498,69.084991],[-68.506393,69.161652],[-68.178329,69.146652],[-67.705841,69.016388],[-68.029449,68.971367],[-68.314163,69.010536],[-68.556107,68.964157],[-68.303047,68.985809],[-68.04834,68.943863],[-68.051941,68.910263],[-68.089722,68.901382],[-67.977493,68.855553],[-68.485817,68.890266],[-67.861389,68.805542],[-67.771393,68.781372],[-67.872772,68.771652],[-68.565552,68.847214],[-68.611656,68.835823],[-68.48999,68.791931],[-68.605827,68.781097],[-69.280838,68.875809],[-69.394447,68.857758],[-69.152222,68.828049],[-69.383904,68.816383],[-68.957497,68.790543],[-68.959732,68.756653],[-68.997772,68.751663],[-68.97084,68.737762],[-68.868057,68.766098],[-68.529167,68.746643],[-68.049438,68.681664],[-68.168327,68.668869],[-68.087219,68.654984],[-68.094452,68.627762],[-68.209732,68.655823],[-68.359444,68.627197],[-68.657784,68.656372],[-68.902496,68.603592],[-68.768066,68.594147],[-68.628601,68.635536],[-68.483322,68.596939],[-68.739723,68.563873],[-68.460007,68.562187],[-68.337784,68.593323],[-68.136673,68.57222],[-68.126938,68.530823],[-67.922783,68.550812],[-67.939438,68.522774],[-67.904167,68.455833],[-67.958618,68.396103],[-67.898621,68.421654],[-67.864441,68.549423],[-67.780838,68.529984],[-67.669861,68.561256],[-67.492218,68.527206],[-67.628052,68.496368],[-67.612503,68.379433],[-67.551102,68.414429],[-67.553329,68.488876],[-67.378883,68.469994],[-67.316391,68.496094],[-67.272232,68.45166],[-67.232498,68.480553],[-67.191673,68.426376],[-67.324448,68.407761],[-67.105003,68.414146],[-67.112778,68.478867],[-66.974716,68.436096],[-66.803047,68.467209],[-66.66362,68.43248],[-66.801102,68.424149],[-66.808609,68.399986],[-66.904999,68.416382],[-66.936394,68.37442],[-67.011124,68.353592],[-67.40834,68.393333],[-67.781387,68.337196],[-67.865829,68.299713],[-67.86972,68.259987],[-67.752502,68.318878],[-67.536118,68.34166],[-67.586937,68.301651],[-67.576683,68.2686],[-67.695267,68.242477],[-67.570847,68.253052],[-67.533073,68.271378],[-67.540283,68.299713],[-67.39473,68.354156],[-67.325562,68.344711],[-67.323334,68.319443],[-67.243881,68.358322],[-67.016113,68.318604],[-67.235817,68.294434],[-67.327789,68.243591],[-67.327789,68.181091],[-67.387787,68.146378],[-67.598892,68.164993],[-67.396957,68.124687],[-67.304169,68.1586],[-67.274719,68.244141],[-67.011398,68.294983],[-66.930573,68.262482],[-66.765839,68.238586],[-66.842216,68.163307],[-66.823624,68.126373],[-66.965561,68.063873],[-66.946663,68.013611],[-66.836121,68.095543],[-66.694443,68.143051],[-66.670837,68.12886],[-66.678047,68.04332],[-66.735001,67.982208],[-66.647232,68.015549],[-66.594727,68.143051],[-66.309433,68.127472],[-66.366386,68.083328],[-66.460564,68.070541],[-66.24028,68.073318],[-66.184433,68.013321],[-66.320847,67.978867],[-66.405838,67.898041],[-66.398903,67.868591],[-66.746948,67.875259],[-66.406952,67.829163],[-66.386398,67.772217],[-66.338608,67.900269],[-66.276672,67.954437],[-65.947769,68.040817],[-65.960564,68.14444],[-65.911942,68.158867],[-65.857224,68.106087],[-65.902786,68.080551],[-65.853607,68.073318],[-66.032227,67.952477],[-65.941673,67.880257],[-66.009743,67.803307],[-66.008621,67.625526],[-65.936943,67.765549],[-65.953339,67.821381],[-65.804169,67.863602],[-65.763634,67.909988],[-65.81778,67.968048],[-65.514267,67.992371],[-65.443604,67.992203],[-65.464447,67.920822],[-65.613892,67.780823],[-65.426392,67.696373],[-65.356659,67.594711],[-65.318336,67.601089],[-65.369164,67.702766],[-65.554443,67.78804],[-65.486389,67.820831],[-65.406952,67.922493],[-65.201401,67.954437],[-65.141388,67.990257],[-65.169159,68.027206],[-65.110001,68.015823],[-65.001106,68.055542],[-64.713623,67.981659],[-64.847229,67.934982],[-65.066963,67.931091],[-64.94249,67.912491],[-65.048607,67.844147],[-65.113052,67.857758],[-65.139183,67.790543],[-65.04805,67.825821],[-65.008347,67.785263],[-65.15834,67.729713],[-65.200287,67.643883],[-65.162781,67.638893],[-65.129707,67.71582],[-64.919724,67.790817],[-64.810547,67.777206],[-64.816101,67.710541],[-64.862778,67.69165],[-64.820557,67.688309],[-64.768623,67.709427],[-64.75,67.822769],[-64.568069,67.819992],[-64.459167,67.789703],[-64.458618,67.75972],[-64.363892,67.75444],[-64.401398,67.707764],[-64.578339,67.69693],[-64.639183,67.660538],[-64.379913,67.698097],[-64.305557,67.733597],[-64.204178,67.664703],[-64.219452,67.631653],[-64.285828,67.618874],[-64.089996,67.620819],[-64.068069,67.599716],[-64.10556,67.549423],[-64.039719,67.5336],[-64.238602,67.467484],[-64.440552,67.474991],[-63.993328,67.449142],[-63.939991,67.364433],[-64.00029,67.32666],[-63.908051,67.310532],[-63.923889,67.29332],[-64.797501,67.356644],[-64.231949,67.29332],[-64.35611,67.250267],[-64.550278,67.256104],[-64.779167,67.218872],[-64.816101,67.20694],[-64.783333,67.190262],[-64.581947,67.234154],[-63.96278,67.272491],[-64.021393,67.208878],[-64.162216,67.214432],[-64.611938,67.132477],[-64.689987,67.083603],[-64.696953,67.003326],[-64.628326,67.012207],[-64.604172,67.088318],[-64.506393,67.129433],[-63.971378,67.182213],[-63.889999,67.234993],[-63.788342,67.2397],[-63.751671,67.212486],[-63.561939,67.236923],[-63.45055,67.222488],[-63.453892,67.169434],[-63.529442,67.104431],[-63.74445,67.041092],[-63.806389,66.995819],[-63.772499,66.958878],[-63.750561,67.017487],[-63.535278,67.070831],[-63.402779,67.14444],[-63.420841,67.200272],[-63.3325,67.281937],[-63.215279,67.300262],[-63.293621,67.246368],[-63.255001,67.246643],[-63.172501,67.27832],[-63.205002,67.319153],[-63.110279,67.329987],[-62.99778,67.281372],[-62.970829,67.221367],[-63.04472,67.167213],[-63.284451,67.105263],[-63.22028,67.016937],[-63.240841,66.961647],[-63.526138,66.909271],[-63.565552,66.892487],[-63.571949,66.837486],[-63.821671,66.815811],[-63.53944,66.814697],[-63.478882,66.835823],[-63.496948,66.880814],[-63.441669,66.908333],[-63.407219,66.814423],[-63.45306,66.711647],[-63.42028,66.698868],[-63.320278,66.814148],[-63.348339,66.890823],[-62.846951,66.961929],[-62.82056,66.813599],[-62.899731,66.636658],[-62.83527,66.666382],[-62.831669,66.713882],[-62.734169,66.790817],[-62.77417,66.840553],[-62.743061,66.941933],[-62.56889,66.944138],[-62.509731,66.901932],[-62.500561,66.842484],[-62.413059,66.818604],[-62.313332,66.726929],[-62.292782,66.761658],[-62.424721,66.847488],[-62.427219,66.921097],[-62.26112,66.948029],[-62.294449,67.021378],[-62.262501,67.045258],[-62.05444,67.049149],[-62.005562,67.035263],[-62.10223,66.91304],[-62.01889,66.901657],[-61.93861,66.969437],[-61.838051,66.968597],[-61.851391,66.933037],[-61.749729,66.948029],[-61.730831,66.923866],[-61.77084,66.897491],[-61.965549,66.897491],[-62.00806,66.867752],[-61.612782,66.870819],[-61.652779,66.829987],[-61.726662,66.823608],[-61.4575,66.776093],[-61.46278,66.751663],[-61.28944,66.669983],[-61.262501,66.629433],[-61.28278,66.616928]]],[[[-67.544159,82.962196],[-67.196663,82.936096],[-67.041107,82.959717],[-66.939987,82.950546],[-66.978058,82.933037],[-66.95723,82.926933],[-66.779449,82.951393],[-66.330002,82.933868],[-66.391388,82.916092],[-66.34111,82.905823],[-66.369164,82.888321],[-66.876663,82.807213],[-68.356659,82.688026],[-68.642502,82.628593],[-67.47084,82.652206],[-66.900284,82.719437],[-66.662514,82.709717],[-66.636673,82.720261],[-66.67749,82.733322],[-66.638344,82.748871],[-65.767776,82.843048],[-65.467773,82.833328],[-65.511124,82.786652],[-65.164436,82.763046],[-65.353058,82.797211],[-65.102783,82.848038],[-65.307503,82.86554],[-64.835564,82.906937],[-64.664169,82.890266],[-64.923607,82.8647],[-64.723053,82.856369],[-64.737778,82.82222],[-64.445267,82.761932],[-64.103058,82.831673],[-63.389172,82.804977],[-63.382221,82.767761],[-63.510281,82.732483],[-63.850281,82.71582],[-63.651661,82.714996],[-63.540001,82.694427],[-63.55722,82.673866],[-63.254452,82.650269],[-63.226101,82.640266],[-63.25584,82.627197],[-63.376389,82.61998],[-63.3475,82.60498],[-62.926109,82.576103],[-63.053329,82.54332],[-63.076672,82.486099],[-63.116661,82.474991],[-63.089439,82.466377],[-63.369999,82.438873],[-63.015839,82.459717],[-62.902222,82.510269],[-62.774441,82.483871],[-62.727779,82.488037],[-62.756672,82.513893],[-62.506672,82.526657],[-62.171669,82.525543],[-62.322781,82.511108],[-62.352779,82.481087],[-62.228611,82.506943],[-61.608101,82.480377],[-61.13139,82.377472],[-61.078609,82.301086],[-61.193329,82.223602],[-61.463619,82.172493],[-62.023891,82.135818],[-61.869999,82.106644],[-62.254169,82.019989],[-62.499439,82.016937],[-62.507229,81.983597],[-63.611671,81.855263],[-63.76112,81.811653],[-64.053047,81.789978],[-64.325287,81.824707],[-64.118057,81.764427],[-64.372772,81.720833],[-65.355827,81.761108],[-65.349991,81.733597],[-65.631378,81.702477],[-66.038597,81.692467],[-65.352493,81.691933],[-65.789436,81.632202],[-66.024719,81.653053],[-66.172501,81.618042],[-67.559723,81.599152],[-68.156662,81.561096],[-69.291382,81.718872],[-68.370827,81.553589],[-68.856949,81.54776],[-68.579453,81.514427],[-67.107773,81.564987],[-66.608612,81.512772],[-68.618057,81.290543],[-69.02861,81.258614],[-69.426941,81.269989],[-69.463058,81.253326],[-69.31221,81.24054],[-69.541672,81.212486],[-70.20639,81.179703],[-69.638062,81.177467],[-69.99527,81.099426],[-69.430557,81.187187],[-65.724716,81.493874],[-64.566391,81.545532],[-64.450562,81.496933],[-64.436394,81.479431],[-64.508621,81.441933],[-64.735283,81.374153],[-65.441383,81.256378],[-66.010277,81.220261],[-66.685822,81.035812],[-67.208618,80.941933],[-67.591377,80.933037],[-67.530838,80.897491],[-67.634453,80.860809],[-68.247223,80.755547],[-68.958618,80.617477],[-68.893066,80.590553],[-69.146667,80.529709],[-69.317497,80.412491],[-69.59639,80.361099],[-70.284439,80.351089],[-70.310822,80.363037],[-70.220001,80.416931],[-70.314163,80.464432],[-70.8125,80.562759],[-70.371109,80.409149],[-70.458893,80.381363],[-70.448334,80.340271],[-69.960564,80.256378],[-70.178596,80.189148],[-70.74472,80.205833],[-71.694443,80.110809],[-71.953339,80.180542],[-72.400284,80.218597],[-71.895554,80.114151],[-72.391678,80.085541],[-72.32251,80.077209],[-72.340561,80.059143],[-71.489166,80.068878],[-70.762512,80.133331],[-70.507782,80.099716],[-70.495003,80.050812],[-70.646667,80.031937],[-70.719452,79.986366],[-71.416397,79.930267],[-71.460564,79.901382],[-71.415833,79.886658],[-71.109734,79.915268],[-70.910278,79.885818],[-71.005836,79.819717],[-71.136124,79.784988],[-72.267227,79.659149],[-72.93277,79.706383],[-72.948608,79.743591],[-73.062767,79.799423],[-72.902496,79.815262],[-72.991814,79.819847],[-73.853333,79.829163],[-73.746948,79.854156],[-74.117493,79.888893],[-74.84639,79.847214],[-74.683884,79.789978],[-74.309433,79.803307],[-73.348892,79.766098],[-73.384743,79.748871],[-73.366653,79.718048],[-73.174438,79.651657],[-73.159729,79.612198],[-73.184433,79.591927],[-73.125816,79.558319],[-73.353882,79.505829],[-73.758057,79.500267],[-73.965012,79.554703],[-74.001106,79.545822],[-73.949997,79.493874],[-73.983322,79.455551],[-74.198334,79.436096],[-74.673607,79.444138],[-74.964447,79.513046],[-75.059433,79.483871],[-74.883057,79.408333],[-75.058327,79.373871],[-75.531387,79.392487],[-75.658623,79.429153],[-75.70639,79.406647],[-75.803329,79.419434],[-75.817497,79.448318],[-75.957497,79.426086],[-76.261124,79.497757],[-76.905838,79.50972],[-77.142502,79.547493],[-77.191383,79.511108],[-77.134453,79.490257],[-76.179169,79.459717],[-76.138901,79.441093],[-76.208054,79.429703],[-76.157501,79.391663],[-75.889999,79.348038],[-76.86972,79.349426],[-77.076401,79.398331],[-77.139999,79.464706],[-77.397507,79.447197],[-77.163887,79.324707],[-77.922501,79.366379],[-78.051392,79.354713],[-78.021393,79.339981],[-77.322243,79.267487],[-77.488052,79.24498],[-76.754463,79.279984],[-76.136124,79.2686],[-75.938889,79.23027],[-74.496948,79.224991],[-74.82695,79.174149],[-74.617493,79.151382],[-74.664436,79.134163],[-74.436661,79.057747],[-74.725014,79.022774],[-75.655563,79.068329],[-75.885277,79.097488],[-75.857773,79.152206],[-76.098053,79.199142],[-78.15889,79.189972],[-78.228607,79.160538],[-77.912216,79.179428],[-76.706123,79.153053],[-76.081947,79.099716],[-76.170547,79.075821],[-77.073334,79.070831],[-77.495003,79.017761],[-77.799988,79.066673],[-78.351097,79.08638],[-78.891388,79.063309],[-77.829453,79.048027],[-77.708344,79.013046],[-77.954178,78.958878],[-78.289993,78.799149],[-78.248047,78.770264],[-77.711937,78.966087],[-76.754181,79.027771],[-75.720284,78.965553],[-75.825562,78.926086],[-76.315552,78.896103],[-76.446114,78.863876],[-76.440277,78.839432],[-76.204727,78.881088],[-75.316101,78.892212],[-74.911118,78.850807],[-74.876938,78.817757],[-74.760559,78.823608],[-74.907227,78.784149],[-74.761673,78.773613],[-74.83168,78.743317],[-74.719727,78.707489],[-74.843338,78.693039],[-74.869453,78.668587],[-74.832779,78.651932],[-74.871109,78.638321],[-74.633331,78.587769],[-74.789993,78.59137],[-75.04805,78.528053],[-75.479446,78.509987],[-75.888344,78.506104],[-76.43721,78.548599],[-76.684433,78.522217],[-76.261948,78.513611],[-76.057503,78.461929],[-75.443604,78.430542],[-75.089996,78.368874],[-75.031387,78.331383],[-75.358612,78.301651],[-75.479172,78.222214],[-75.613617,78.198029],[-76.157227,78.24054],[-76.85527,78.227478],[-76.90834,78.195534],[-76.664436,78.166092],[-75.58139,78.115807],[-75.599167,78.083328],[-75.922783,77.95665],[-76.214722,78.015266],[-76.49028,77.967209],[-76.931107,77.901382],[-77.210831,77.949142],[-77.900558,77.940811],[-78.260834,77.995247],[-78.271118,77.97554],[-78.183319,77.963318],[-78.419724,77.89888],[-77.958618,77.8022],[-77.940552,77.759987],[-78.051666,77.729713],[-77.98111,77.701393],[-78.08139,77.673309],[-77.920273,77.669983],[-77.723053,77.599152],[-77.98056,77.554703],[-77.948608,77.501938],[-78.278343,77.429153],[-78.23111,77.397774],[-78.256668,77.381927],[-78.777222,77.307213],[-78.839722,77.310257],[-78.726936,77.367477],[-78.76445,77.380814],[-79.20723,77.288307],[-79.712219,77.318329],[-80.042503,77.272774],[-80.753342,77.330551],[-81.277496,77.424423],[-81.370537,77.47554],[-81.573624,77.512772],[-81.575012,77.545258],[-81.672783,77.570541],[-81.620003,77.586113],[-81.839722,77.625809],[-81.847504,77.665817],[-81.928329,77.685806],[-81.949432,77.644989],[-81.911392,77.609421],[-81.670547,77.531662],[-81.670837,77.496094],[-81.748047,77.448029],[-81.728882,77.429977],[-81.484734,77.372208],[-81.203888,77.370529],[-81.165833,77.337196],[-81.828339,77.285812],[-82.091949,77.316383],[-82.194443,77.299713],[-81.904449,77.248596],[-81.882492,77.214157],[-81.902222,77.187187],[-81.786942,77.157494],[-81.076401,77.283051],[-80.116096,77.201393],[-80.401672,77.086647],[-80.373047,77.071381],[-80.013344,77.190536],[-79.72583,77.239967],[-79.254997,77.218597],[-79.041946,77.161102],[-79.063049,77.131088],[-79.004997,77.096939],[-79.365547,76.963318],[-79.386948,76.927467],[-78.886124,76.926933],[-78.964722,76.84166],[-78.721939,76.821381],[-78.698036,76.839432],[-78.720001,76.878593],[-78.56723,76.887207],[-78.553879,76.938583],[-78.398354,76.963043],[-78.41362,76.984993],[-78.384453,76.99971],[-78.070282,77.014427],[-77.886948,76.947746],[-77.90834,76.913597],[-77.835007,76.886932],[-77.881104,76.857758],[-77.715012,76.821114],[-77.789436,76.781662],[-77.763901,76.729156],[-77.813049,76.681931],[-77.769447,76.658333],[-78.089722,76.609421],[-78.186111,76.559708],[-78.138901,76.525818],[-78.346947,76.500816],[-78.377487,76.458038],[-78.614723,76.489967],[-78.588333,76.513046],[-78.613327,76.54776],[-78.565552,76.563873],[-78.790558,76.571663],[-78.835251,76.542572],[-78.994164,76.424423],[-79.189713,76.405823],[-79.178329,76.380257],[-79.261124,76.352203],[-79.272781,76.304153],[-79.573624,76.311653],[-80.087219,76.223602],[-80.293327,76.23526],[-80.672501,76.158333],[-80.865829,76.169144],[-81.075844,76.12915],[-81.07695,76.158043],[-80.953613,76.191093],[-81.095551,76.212196],[-80.783623,76.374977],[-80.771667,76.419144],[-80.991669,76.483047],[-81.218613,76.498596],[-81.178047,76.530823],[-81.208054,76.553589],[-81.492493,76.469437],[-82.039719,76.50943],[-82.083618,76.52388],[-81.981949,76.584717],[-82.056664,76.609154],[-81.785828,76.685532],[-82.081123,76.631088],[-82.292503,76.635536],[-82.44249,76.684982],[-82.580292,76.776382],[-82.749733,76.818604],[-82.556107,76.723038],[-82.5625,76.688873],[-82.460564,76.636108],[-82.081123,76.561096],[-82.222229,76.532761],[-82.127213,76.44165],[-82.179718,76.416931],[-82.799553,76.387192],[-83.099731,76.463882],[-83.061943,76.497208],[-83.110001,76.579987],[-83.388062,76.671097],[-83.404999,76.719994],[-83.355827,76.752213],[-83.37999,76.758881],[-83.523331,76.700821],[-83.246384,76.572769],[-83.239166,76.517487],[-83.183884,76.496643],[-83.239723,76.463318],[-83.184433,76.424988],[-83.223618,76.410538],[-83.710564,76.433037],[-83.756668,76.468597],[-84.033623,76.534714],[-84.08667,76.624153],[-84.284439,76.657761],[-84.330841,76.647491],[-84.193047,76.609993],[-84.249733,76.536926],[-84.180832,76.484993],[-84.236938,76.443588],[-84.636948,76.434418],[-84.78389,76.469994],[-84.795273,76.503883],[-84.950562,76.577766],[-85.028343,76.574997],[-85.051392,76.51416],[-84.960281,76.420532],[-84.397507,76.330551],[-84.381943,76.31192],[-84.429169,76.30304],[-85.194717,76.281097],[-85.262512,76.310806],[-85.434433,76.304977],[-85.73555,76.355553],[-86.372223,76.386383],[-86.412216,76.407761],[-86.41861,76.469147],[-86.211937,76.535263],[-86.630341,76.635132],[-86.301392,76.524696],[-86.655563,76.467209],[-86.632767,76.441933],[-86.71666,76.3461],[-87.130829,76.384163],[-87.154999,76.394989],[-87.118332,76.420822],[-87.140556,76.437187],[-87.42305,76.45694],[-87.394173,76.503052],[-87.50029,76.535263],[-87.462784,76.586929],[-87.536942,76.617477],[-87.580002,76.611366],[-87.566391,76.575272],[-87.598618,76.540817],[-87.493057,76.503883],[-87.553596,76.451103],[-87.429993,76.417763],[-87.498894,76.382202],[-87.416397,76.348038],[-87.547234,76.370819],[-87.591377,76.341087],[-87.742767,76.346367],[-87.816101,76.411102],[-87.948334,76.357758],[-88.351097,76.384987],[-88.434433,76.402206],[-88.36055,76.431091],[-88.438316,76.464157],[-88.355827,76.481087],[-88.349442,76.514427],[-88.52417,76.62442],[-88.478333,76.656097],[-88.559158,76.727768],[-88.476669,76.783333],[-88.51889,76.816093],[-88.704453,76.710274],[-88.584442,76.635818],[-88.660553,76.599991],[-88.556664,76.589432],[-88.495537,76.5522],[-88.515839,76.52388],[-88.489441,76.503326],[-88.611938,76.452209],[-88.608047,76.399986],[-88.677223,76.401932],[-88.693329,76.420822],[-88.658051,76.475807],[-88.610283,76.482758],[-88.68277,76.525818],[-88.644173,76.565262],[-88.733612,76.593872],[-88.796387,76.550262],[-88.775284,76.524429],[-88.832779,76.498871],[-88.781387,76.466377],[-88.827133,76.440308],[-88.921112,76.405258],[-89.033333,76.41832],[-89.045547,76.447479],[-89.213333,76.429703],[-89.430557,76.497757],[-89.403061,76.524696],[-89.441673,76.565536],[-89.541382,76.541656],[-89.676666,76.567207],[-89.603607,76.621918],[-89.411667,76.680267],[-89.456947,76.713318],[-89.388901,76.729713],[-89.468063,76.753601],[-89.533333,76.853592],[-88.986938,76.954437],[-88.995537,76.984711],[-88.74028,77.002777],[-88.464447,77.065536],[-88.393623,77.0961],[-88.545837,77.100273],[-88.426392,77.120819],[-87.690552,77.135269],[-87.617493,77.094994],[-87.349167,77.106087],[-87.460564,77.125526],[-87.356377,77.175537],[-87.069168,77.182747],[-86.804443,77.127197],[-86.889999,77.164429],[-86.614166,77.180542],[-87.210564,77.205261],[-87.166946,77.233871],[-86.910553,77.260269],[-87.012222,77.274986],[-87.183884,77.273613],[-87.248894,77.303307],[-86.851936,77.360527],[-87.391113,77.330551],[-87.711937,77.359993],[-87.698334,77.390823],[-87.784729,77.429703],[-87.642502,77.48027],[-87.694443,77.537201],[-88.214722,77.650543],[-88.150284,77.72554],[-88.162781,77.758331],[-88.232773,77.768883],[-88.103882,77.813599],[-88.223053,77.855553],[-88.01001,77.819992],[-87.231377,77.89888],[-86.422234,77.830833],[-85.975281,77.705833],[-85.833618,77.579437],[-85.808037,77.506943],[-85.718887,77.472214],[-85.794449,77.419708],[-85.503891,77.474701],[-85.481667,77.459717],[-85.535278,77.44136],[-85.399727,77.395828],[-84.973328,77.377197],[-84.529167,77.295822],[-84.463333,77.300262],[-84.615013,77.383041],[-84.550278,77.401382],[-84.005836,77.397491],[-83.464722,77.348328],[-83.494164,77.376648],[-83.448883,77.38916],[-83.71167,77.404709],[-83.835564,77.455261],[-83.426102,77.49971],[-83.180283,77.592209],[-82.817497,77.759987],[-82.78389,77.782494],[-82.796661,77.805542],[-82.674438,77.836929],[-82.637787,77.8936],[-82.547501,77.915817],[-82.577789,77.943314],[-82.513062,77.956383],[-82.591667,78.017487],[-82.377487,78.035812],[-82.318619,78.070831],[-82.549438,78.07193],[-82.780289,78.014999],[-82.785278,77.969994],[-82.736107,77.924149],[-82.949158,77.874687],[-82.989723,77.824707],[-83.111389,77.789703],[-83.19249,77.710541],[-83.427223,77.600807],[-83.873047,77.493317],[-84.858887,77.542763],[-84.866386,77.574158],[-84.44194,77.7061],[-84.431107,77.726379],[-84.489723,77.746368],[-84.486389,77.71138],[-84.53389,77.684982],[-84.952499,77.601379],[-85.298889,77.660538],[-85.270279,77.708328],[-85.348892,77.728867],[-85.205002,77.757217],[-85.18222,77.795532],[-85.029167,77.799988],[-84.955276,77.835823],[-85.297783,77.797211],[-85.400284,77.813309],[-85.389717,77.841927],[-85.207779,77.883881],[-84.848892,77.891937],[-84.89473,77.833878],[-84.664436,77.902206],[-84.313606,77.891937],[-84.634453,77.926933],[-85.474716,77.868591],[-85.515289,77.883614],[-85.486656,77.909988],[-85.678879,77.929428],[-85.065552,78.056374],[-84.761673,78.023613],[-84.547501,78.071114],[-84.431686,78.070763],[-84.288063,78.075546],[-84.511253,78.0858],[-84.587563,78.077744],[-84.881943,78.059143],[-85.094452,78.097488],[-85.008621,78.137497],[-84.995003,78.16304],[-85.033623,78.171654],[-84.631104,78.199997],[-84.201111,78.156937],[-84.026108,78.176376],[-84.506668,78.217758],[-84.951401,78.195534],[-84.973892,78.208603],[-84.956123,78.232208],[-84.834442,78.314987],[-84.572777,78.35054],[-84.772232,78.342209],[-84.866943,78.369141],[-84.845551,78.382202],[-84.765556,78.477478],[-84.782501,78.505829],[-84.619453,78.588318],[-84.675278,78.588318],[-84.978333,78.414993],[-84.952789,78.396942],[-84.961937,78.343597],[-85.045837,78.309143],[-85.024719,78.284416],[-85.508057,78.099152],[-86.148354,78.054703],[-86.28833,78.076393],[-86.230003,78.136383],[-86.251404,78.156647],[-86.113052,78.170532],[-85.931107,78.236649],[-85.878326,78.288307],[-85.899727,78.303589],[-85.835281,78.332207],[-85.833069,78.379967],[-86.05278,78.297493],[-86.073624,78.248596],[-86.285278,78.193314],[-86.497772,78.215553],[-86.736938,78.118042],[-87.109444,78.103043],[-87.529167,78.132202],[-87.407501,78.183037],[-87.087219,78.2061],[-87.513344,78.224991],[-87.491943,78.285812],[-87.517227,78.426376],[-87.140556,78.550262],[-86.858337,78.54776],[-86.877777,78.573036],[-87.122498,78.587196],[-86.976936,78.648331],[-86.934433,78.709991],[-86.638901,78.799423],[-85.646667,78.848602],[-85.064163,78.919144],[-84.712784,78.867752],[-83.746948,78.836929],[-83.165833,78.729103],[-82.82251,78.695251],[-82.61055,78.611366],[-82.308327,78.568878],[-82.23555,78.595833],[-82.594452,78.703049],[-82.231949,78.736366],[-82.781387,78.731087],[-83.210564,78.798866],[-83.25473,78.834991],[-83.056953,78.856087],[-82.429443,78.833328],[-81.947487,78.865807],[-81.712509,78.839706],[-81.656952,78.888321],[-81.755836,78.918053],[-81.698608,78.973877],[-81.486656,79.052467],[-81.910278,79.00499],[-82.110283,78.913597],[-82.503067,78.882751],[-82.924438,78.934982],[-84.259171,78.959427],[-84.766953,79.037201],[-84.78389,79.074432],[-84.52861,79.143333],[-84.135559,79.121918],[-83.896393,79.03804],[-83.474716,79.024147],[-83.358612,79.050812],[-83.546112,79.04248],[-83.995003,79.133041],[-84.029167,79.156937],[-83.939987,79.185532],[-83.956673,79.221916],[-84.158508,79.183296],[-84.32695,79.188583],[-84.335564,79.252213],[-84.428879,79.290268],[-84.484734,79.406372],[-84.882492,79.486099],[-84.969452,79.537491],[-84.969452,79.566383],[-85.047234,79.587769],[-85.022232,79.611099],[-85.050278,79.621643],[-85.493332,79.700546],[-85.900284,79.700272],[-86.486389,79.763611],[-86.48555,79.816093],[-86.37999,79.821381],[-86.454453,79.847763],[-86.471939,79.890549],[-86.436394,79.942467],[-86.367218,79.962769],[-85.585007,79.938026],[-85.365829,79.896378],[-85.254997,79.920822],[-86.482773,80.008614],[-86.579453,80.043053],[-86.659439,80.128036],[-86.548607,80.205261],[-86.514717,80.299149],[-86.468338,80.308594],[-85.897507,80.333054],[-85.290833,80.2686],[-83.781952,80.245819],[-82.153061,79.858871],[-81.969727,79.752777],[-81.978882,79.718323],[-81.671112,79.687477],[-81.687767,79.645828],[-81.618607,79.618317],[-81.785278,79.61499],[-81.706673,79.586647],[-81.424713,79.636658],[-80.598053,79.566093],[-80.641953,79.588043],[-80.598053,79.601379],[-79.904716,79.646942],[-79.751404,79.701393],[-80.43222,79.677757],[-80.827499,79.648331],[-81.227783,79.709427],[-81.525009,79.714432],[-81.509743,79.750816],[-81.62999,79.764427],[-81.56778,79.814697],[-81.663063,79.903053],[-81.400284,79.937759],[-82.168327,80.013611],[-83.203888,80.318047],[-82.031387,80.398331],[-80.367767,80.462196],[-80.294159,80.486649],[-80.357224,80.501389],[-80.153343,80.526382],[-78.063889,80.564697],[-78.030838,80.5961],[-78.416656,80.608032],[-79.960281,80.6147],[-78.585281,80.772217],[-77.639183,80.830276],[-76.511673,80.854431],[-76.490829,80.874977],[-76.621109,80.900818],[-77.168877,80.886932],[-77.548889,80.913307],[-78.869453,80.852203],[-78.934998,80.875526],[-78.858337,80.924149],[-78.928596,80.99054],[-78.501106,81.09166],[-78.393066,81.142761],[-78.463623,81.160812],[-78.159439,81.193863],[-77.612503,81.318878],[-76.955276,81.393883],[-76.777786,81.444427],[-78.228333,81.291656],[-78.675278,81.191933],[-78.754181,81.135818],[-78.690826,81.119431],[-78.817497,81.106087],[-78.941383,81.101089],[-79.501678,81.193588],[-79.088837,81.094757],[-79.25528,81.058868],[-79.343887,80.998322],[-79.165283,80.96666],[-79.265289,80.924149],[-79.41861,80.916931],[-79.435822,80.881088],[-79.618057,80.819443],[-80.919449,80.655548],[-82.353882,80.556374],[-83.096657,80.541656],[-83.165009,80.551933],[-83.16806,80.57666],[-83.078056,80.644989],[-82.2164,80.719147],[-81.758904,80.813026],[-81.996109,80.830276],[-82.56723,80.740807],[-83.356949,80.685532],[-83.541107,80.704163],[-83.530563,80.724701],[-83.569458,80.739151],[-83.133057,80.818878],[-83.256958,80.838593],[-83.66777,80.75],[-83.863892,80.757492],[-83.775284,80.739433],[-83.836403,80.719711],[-83.720001,80.636658],[-83.840561,80.545532],[-85.066963,80.505257],[-85.864166,80.535538],[-85.564713,80.619431],[-86.080841,80.52832],[-86.739166,80.597488],[-86.514717,80.729431],[-85.77417,80.948868],[-84.991379,81.040268],[-84.769447,81.027771],[-82.826401,81.123032],[-82.364441,81.179428],[-85.608887,81.054153],[-86.309723,80.940811],[-87.076401,80.722763],[-87.215012,80.638321],[-87.458054,80.627762],[-88.406662,80.716927],[-89.334732,80.857483],[-89.462219,80.919144],[-88.590286,80.996368],[-87.446381,80.976929],[-86.671944,81.005257],[-86.061111,81.082764],[-85.838898,81.075272],[-85.914169,81.100807],[-85.887512,81.118874],[-84.745827,81.289429],[-85.279167,81.289978],[-86.077499,81.207489],[-86.438049,81.126083],[-87.37944,81.070267],[-88.339996,81.069717],[-89.629173,81.009163],[-90,81.032143],[-90.197769,81.069717],[-90.351936,81.16748],[-90,81.242157],[-89.491096,81.206383],[-88.944153,81.244141],[-89.335281,81.242752],[-89.952499,81.329437],[-89.026108,81.459427],[-88.823059,81.453598],[-88.928329,81.485527],[-88.715843,81.513046],[-87.984161,81.535812],[-87.914169,81.509163],[-87.24472,81.490257],[-88.306381,81.581383],[-88.998047,81.540543],[-90,81.417747],[-90.443047,81.366653],[-90.553329,81.384987],[-90.487778,81.398613],[-90.856659,81.444138],[-89.586166,81.621147],[-90.091667,81.623306],[-90.033073,81.646942],[-90.296951,81.698593],[-90.360817,81.685257],[-90.29277,81.641373],[-90.718887,81.666656],[-90.991096,81.616089],[-91.006958,81.598877],[-90.964722,81.562477],[-91.071671,81.537201],[-91.144173,81.555542],[-91.446381,81.524429],[-91.406387,81.54776],[-91.444153,81.583603],[-91.900284,81.616928],[-91.950287,81.637207],[-91.863892,81.642487],[-91.956673,81.6586],[-91.770844,81.663307],[-91.809723,81.674988],[-91.737213,81.68692],[-91.726936,81.726929],[-91.48555,81.769989],[-91.034439,81.763893],[-91.152496,81.798027],[-91.051666,81.828873],[-90.338058,81.893051],[-90,81.8992],[-89.700844,81.915543],[-89.741096,81.894989],[-89.62999,81.856369],[-89.332962,81.805687],[-89.349991,81.823036],[-89.146667,81.890549],[-89.397507,81.909416],[-89.419159,81.915543],[-89.397781,81.930817],[-89.007233,81.915543],[-88.986389,81.944977],[-89.054443,81.987488],[-89.021118,81.998032],[-88.075562,82.10498],[-87.352783,82.067207],[-87.174438,82.014709],[-87.309433,81.967484],[-86.768341,81.890266],[-86.734161,81.902771],[-86.834732,81.927757],[-87.13028,81.968323],[-86.842773,81.987198],[-87.009743,82.030548],[-86.791946,82.058029],[-86.169159,82.041656],[-85.422501,81.857483],[-85.371658,81.859711],[-85.398064,81.881088],[-85.731949,81.983322],[-85.559433,82.001663],[-85.188316,81.992752],[-85.01889,81.919434],[-84.793877,81.881363],[-85.066101,81.987488],[-84.889183,81.990257],[-84.816673,81.970833],[-84.811943,81.927467],[-84.635277,81.886108],[-84.605003,81.889977],[-84.693604,81.921097],[-84.729721,81.977203],[-84.932503,82.01944],[-86.637512,82.12442],[-86.876099,82.202209],[-85.662216,82.2397],[-85.370827,82.279984],[-85.48999,82.319717],[-85.420273,82.344994],[-85.537216,82.345261],[-85.515289,82.40332],[-85.911942,82.435806],[-85.046951,82.481934],[-84.641678,82.465553],[-84.631378,82.440262],[-84.943878,82.425812],[-84.449997,82.386108],[-84.344452,82.352768],[-83.961403,82.368591],[-83.516403,82.31694],[-83.368607,82.276382],[-83.344452,82.227203],[-82.976669,82.138321],[-82.968338,82.098038],[-83.111938,82.065262],[-82.284157,82.066383],[-81.878052,82.036377],[-82.020844,82.082207],[-82.676941,82.107758],[-82.731377,82.149986],[-83.011398,82.221649],[-83.028877,82.276657],[-82.654449,82.282211],[-81.91806,82.154984],[-80.640289,82.018333],[-80.571953,81.989151],[-80.085007,81.973602],[-79.564163,81.825272],[-79.229172,81.816093],[-79.670837,81.927467],[-79.710281,81.96138],[-79.921387,81.984993],[-79.853333,82.018883],[-80.791107,82.079437],[-80.975563,82.123596],[-80.868057,82.154984],[-81.624443,82.199997],[-82.679993,82.370819],[-82.728882,82.408333],[-82.498337,82.506378],[-81.47583,82.498596],[-81.9664,82.52887],[-82.343887,82.595261],[-82.39473,82.617477],[-82.371933,82.639709],[-81.972229,82.666382],[-81.359734,82.620819],[-80.891953,82.532761],[-80.58168,82.543053],[-81.138344,82.703049],[-81.508621,82.764709],[-81.585007,82.800812],[-81.411392,82.827766],[-80.381104,82.788879],[-80.138901,82.719994],[-80.182503,82.694702],[-80.160278,82.681374],[-79.861656,82.64415],[-79.82251,82.657761],[-79.983322,82.689148],[-79.885834,82.708603],[-79.203888,82.666931],[-78.521118,82.676933],[-79.623047,82.727768],[-79.886948,82.75943],[-79.996948,82.803307],[-79.673889,82.824707],[-80.15834,82.835541],[-80.393066,82.875526],[-80.429718,82.89415],[-80.145279,82.933868],[-79.458344,82.974152],[-79.17749,82.951927],[-79.218887,82.933594],[-79.04277,82.872482],[-78.671112,82.945534],[-78.503342,82.913307],[-78.55777,82.860527],[-78.534439,82.847763],[-78.406113,82.873596],[-78.144173,82.823318],[-78.106659,82.83194],[-78.238892,82.865257],[-78.016953,82.857483],[-78.108337,82.893333],[-77.813049,82.924423],[-77.128326,82.863312],[-76.927673,82.790741],[-76.959167,82.774147],[-76.766663,82.750816],[-76.570557,82.666656],[-75.892227,82.591927],[-76.207497,82.506378],[-76.261002,82.466553],[-76.230827,82.444702],[-75.671387,82.586929],[-75.396118,82.6147],[-76.235817,82.712196],[-76.309158,82.752777],[-75.976097,82.784714],[-76.447487,82.797493],[-76.752792,82.894989],[-77.344727,82.972488],[-77.381378,82.994431],[-77.183884,83.033867],[-77.135559,83.011383],[-76.604172,83.008614],[-76.02861,83.054428],[-75.251404,83.015823],[-74.95639,83.045532],[-74.435822,83.027206],[-74.018066,82.95694],[-73.81778,82.852768],[-72.633904,82.694427],[-72.502502,82.724426],[-73.148621,82.794434],[-73.375549,82.844437],[-73.354721,82.856087],[-73.430557,82.8936],[-73.650558,82.925812],[-73.189713,83.023323],[-72.902786,83.048027],[-73.001106,83.059418],[-72.650558,83.096367],[-71.611656,83.0961],[-71.775009,83.032211],[-71.778343,83.001663],[-71.56723,82.941093],[-70.871384,82.881088],[-71.497498,83.007217],[-71.097229,83.069992],[-71.120003,83.092484],[-70.86055,83.081383],[-70.887222,83.098038],[-70.804443,83.10498],[-69.665009,83.108322],[-69.730827,83.090271],[-69.664169,83.070831],[-69.775284,83.04776],[-69.451111,83.035812],[-69.647507,82.992203],[-69.015556,83.040817],[-68.975281,83.02832],[-68.980827,82.982483],[-68.46666,83.008041],[-68.154167,82.991089],[-68.188599,82.946091],[-68.145554,82.934982],[-67.544159,82.962196]]],[[[-96.742027,76.982208],[-96.471939,76.954987],[-96.369164,76.990807],[-96.253342,76.987198],[-96.387787,77.030548],[-95.734734,77.068604],[-95.41777,77.056931],[-94.944443,76.97554],[-94.526398,76.969437],[-94.447487,76.916656],[-94.238892,76.889427],[-94.08168,76.890266],[-93.943604,76.933868],[-93.65834,76.909988],[-93.584167,76.856087],[-93.295837,76.781097],[-93.263634,76.744141],[-93.179718,76.741089],[-93.174438,76.674988],[-93.260277,76.630257],[-93.306664,76.546654],[-93.651947,76.44165],[-93.54834,76.386108],[-93.459732,76.4086],[-93.576401,76.426651],[-93.357224,76.470543],[-93.123611,76.573036],[-93.095284,76.590553],[-93.108887,76.616379],[-92.368607,76.594437],[-91.938599,76.66832],[-91.410553,76.689148],[-90.986107,76.649147],[-90.81778,76.593597],[-90.582497,76.565262],[-90.503067,76.531372],[-90.528061,76.49971],[-90.468063,76.473038],[-90.779167,76.461113],[-90.986938,76.511383],[-91.090561,76.478043],[-91.441101,76.512772],[-91.566673,76.498871],[-91.416397,76.460274],[-90,76.360207],[-89.305557,76.299149],[-89.192207,76.242203],[-89.349731,76.183594],[-90,76.173332],[-90.453613,76.170532],[-90.110817,76.124153],[-91.149727,76.192467],[-91.613617,76.262207],[-91.257782,76.204437],[-91.385559,76.142487],[-91.220284,76.161652],[-90.679718,76.117203],[-90.848892,76.060806],[-90.54834,76.09137],[-90.190552,76.061096],[-90.301666,76.032494],[-91.160828,76.018051],[-90.937767,76.000267],[-91.074448,75.986649],[-90.938599,75.951393],[-91.12944,75.9086],[-91.12999,75.839157],[-91.079453,75.848038],[-91.058884,75.896652],[-90.895844,75.9272],[-90.793877,75.994713],[-90.681107,75.981369],[-90.718063,75.955551],[-90.433319,75.970261],[-90.526108,75.930542],[-90.529999,75.898331],[-90.50473,75.895264],[-90.339447,75.968323],[-90.118607,75.931931],[-90.060272,76.004707],[-90,76.00959],[-89.6875,75.899986],[-89.778877,75.831673],[-89.775009,75.787491],[-89.555557,75.839432],[-89.620003,75.853592],[-89.587509,75.859154],[-89.164169,75.774696],[-89.253891,75.631088],[-89.658051,75.61998],[-89.765289,75.575546],[-89.542503,75.570541],[-89.700844,75.55304],[-89.217216,75.584991],[-89.099731,75.484154],[-88.980003,75.471367],[-88.963898,75.431931],[-88.779716,75.43248],[-88.75,75.474991],[-88.902222,75.604713],[-88.771942,75.62886],[-88.738892,75.679428],[-88.203613,75.531097],[-88.305832,75.492203],[-88.263062,75.476089],[-87.997498,75.528053],[-87.748894,75.578323],[-87.661392,75.567207],[-87.624161,75.516388],[-87.495537,75.485809],[-87.606377,75.449707],[-87.533623,75.446091],[-87.416397,75.48526],[-87.513344,75.559418],[-87.251106,75.621094],[-86.807503,75.479156],[-86.583893,75.474701],[-86.375549,75.427467],[-86.596657,75.361649],[-86.169998,75.418587],[-85.527222,75.401093],[-85.822777,75.430817],[-86.143066,75.508041],[-85.539719,75.599426],[-85.56778,75.576927],[-85.537781,75.564423],[-85.232224,75.558594],[-85.321671,75.574432],[-85.292221,75.5961],[-85.040558,75.631653],[-85.011673,75.644989],[-85.074173,75.651932],[-85.039169,75.657761],[-84.497498,75.631653],[-84.651108,75.6436],[-84.634743,75.66304],[-84.66362,75.686096],[-84.299156,75.702766],[-84.194443,75.762497],[-84.022232,75.767212],[-83.920837,75.803589],[-84.002502,75.820831],[-83.740547,75.824432],[-83.698036,75.814423],[-83.736938,75.795258],[-83.515289,75.789703],[-83.433609,75.750267],[-83.099442,75.732208],[-82.664719,75.811371],[-82.327217,75.836929],[-81.118057,75.775543],[-81.101097,75.752487],[-81.22084,75.704712],[-81.271118,75.651382],[-80.316963,75.630539],[-80.068336,75.578873],[-80.082779,75.54248],[-79.953613,75.540268],[-80.132874,75.502579],[-80.35527,75.473877],[-80.373047,75.463043],[-80.338608,75.456383],[-79.929169,75.479713],[-79.586403,75.454712],[-79.682503,75.430817],[-79.488602,75.362488],[-79.611938,75.298317],[-79.44249,75.277206],[-79.62944,75.174988],[-79.83168,75.170532],[-79.944153,75.136383],[-79.974167,75.089981],[-80.440552,75.03804],[-80.173889,74.982483],[-80.266113,74.94664],[-80.035553,74.957764],[-79.975281,74.99942],[-79.795273,75.027481],[-79.613892,75.019989],[-79.504997,74.998322],[-79.551941,74.981659],[-79.335831,74.88916],[-79.930557,74.813309],[-80.171387,74.86026],[-80.142502,74.898041],[-80.18222,74.937187],[-80.210831,74.931091],[-80.199997,74.886108],[-80.253067,74.870819],[-80.321671,74.937759],[-80.416107,74.888893],[-80.097778,74.820267],[-80.108337,74.7836],[-80.246948,74.757492],[-80.13028,74.715553],[-80.212219,74.690536],[-80.17305,74.655823],[-80.196663,74.641373],[-80.146667,74.626923],[-80.248047,74.576103],[-81.219162,74.571381],[-81.810822,74.45694],[-82.456673,74.517212],[-82.382217,74.541092],[-82.435547,74.570267],[-82.479446,74.536102],[-82.61528,74.511108],[-82.914169,74.549149],[-83.079727,74.630257],[-83.123894,74.684982],[-83.107773,74.748032],[-83.023064,74.780548],[-83.081123,74.78804],[-83.08168,74.818047],[-83.248894,74.823608],[-83.528061,74.901657],[-83.560547,74.887207],[-83.518623,74.839432],[-83.319458,74.767487],[-83.441383,74.660812],[-83.454727,74.591087],[-83.611656,74.540817],[-84.899437,74.503326],[-84.983063,74.570541],[-84.99527,74.643333],[-84.950844,74.67276],[-84.990547,74.698029],[-85.07251,74.641098],[-85.041946,74.617752],[-85.04361,74.523323],[-85.259453,74.49054],[-85.363617,74.501938],[-85.37027,74.552467],[-85.527222,74.688873],[-85.551941,74.660263],[-85.480293,74.537201],[-85.580841,74.498322],[-86.120827,74.482208],[-86.082779,74.555252],[-86.197487,74.615257],[-86.240547,74.596939],[-86.24472,74.52388],[-86.423317,74.478867],[-86.691101,74.544144],[-86.785278,74.616928],[-86.794449,74.539978],[-86.604172,74.468048],[-86.943604,74.46138],[-87.008904,74.508331],[-87.037781,74.474152],[-87.111938,74.468048],[-87.320847,74.476646],[-87.373894,74.51915],[-87.309433,74.545822],[-87.574722,74.461929],[-87.732224,74.466377],[-87.768623,74.514999],[-87.90361,74.472214],[-88.093063,74.48027],[-88.133331,74.507767],[-88.21666,74.482758],[-88.535278,74.503601],[-88.571121,74.549988],[-88.560822,74.593048],[-88.434433,74.696091],[-88.405838,74.748322],[-88.431671,74.762497],[-88.293327,74.772491],[-88.487213,74.791367],[-88.443604,74.838593],[-88.547783,74.907761],[-88.579453,74.889977],[-88.547501,74.843048],[-88.615829,74.815536],[-88.618057,74.846367],[-88.664719,74.844994],[-88.749733,74.777771],[-88.753342,74.714157],[-88.835564,74.661377],[-88.889717,74.670532],[-88.909729,74.777771],[-89.088608,74.837196],[-89.011124,74.780823],[-89.047501,74.722488],[-89.271118,74.754707],[-89.09584,74.688026],[-89.125,74.616928],[-89.185272,74.587486],[-89.928596,74.530823],[-90,74.586166],[-90.106659,74.549423],[-90.363052,74.594711],[-90.317497,74.626373],[-90.589722,74.613312],[-90.731667,74.664146],[-90.761398,74.714157],[-90.721123,74.732208],[-90.845001,74.721916],[-90.895607,74.681137],[-91.024719,74.702766],[-90.758057,74.8311],[-90.740829,74.847488],[-90.772232,74.884987],[-90.853882,74.875259],[-91.101936,74.751099],[-91.22583,74.733597],[-91.106659,74.625809],[-91.281387,74.633614],[-91.301392,74.656372],[-91.277222,74.688026],[-91.314713,74.716087],[-91.366653,74.704163],[-91.33139,74.672493],[-91.381943,74.641098],[-91.676102,74.671921],[-91.62027,74.704987],[-91.708618,74.727478],[-91.851097,74.698868],[-91.875267,74.711929],[-91.81221,74.734421],[-92.045547,74.789703],[-92.066391,74.813309],[-92.013062,74.851929],[-92.015289,74.913597],[-92.075562,74.933037],[-92.04805,74.958328],[-92.223328,75.029427],[-92.198036,75.052757],[-92.228882,75.071114],[-92.029999,75.08638],[-92.01001,75.101089],[-92.112778,75.12886],[-92.051392,75.146942],[-92.271393,75.132751],[-92.503616,75.218048],[-92.458618,75.250816],[-92.448334,75.318329],[-92.328613,75.369431],[-92.458618,75.368874],[-92.403061,75.436096],[-92.210281,75.551376],[-92.004997,75.594994],[-92.080841,75.617477],[-92.008347,75.661377],[-92.174438,75.744431],[-92.104721,75.805252],[-92.108612,75.858871],[-92.629173,76.008881],[-92.637222,76.115807],[-92.767227,76.166092],[-92.793877,76.207489],[-93.066963,76.299149],[-93.061478,76.344788],[-93.315277,76.36026],[-93.617493,76.291092],[-93.666397,76.298599],[-93.624443,76.305817],[-93.636124,76.32666],[-93.678879,76.32222],[-93.763901,76.286377],[-93.637512,76.258614],[-93.689987,76.248871],[-94.625816,76.275269],[-94.720551,76.315536],[-95.033333,76.220833],[-95.386948,76.235809],[-95.366943,76.301376],[-95.279167,76.281372],[-94.983887,76.332489],[-94.843613,76.303864],[-94.814163,76.329163],[-95.274719,76.372208],[-95.388901,76.351929],[-95.450562,76.375809],[-95.378883,76.395538],[-95.83139,76.394989],[-95.995827,76.43692],[-96.106949,76.494431],[-96.065552,76.521378],[-95.77861,76.518883],[-95.587784,76.603592],[-95.780563,76.548866],[-96.016953,76.549149],[-96.001953,76.584152],[-96.158623,76.583328],[-96.238052,76.635269],[-96.403343,76.639709],[-96.470284,76.685532],[-96.946663,76.723602],[-96.84111,76.766388],[-96.904449,76.790543],[-96.855003,76.813026],[-96.684723,76.774696],[-96.673317,76.748322],[-96.305557,76.753883],[-96.583328,76.771927],[-96.511398,76.804153],[-96.320557,76.806641],[-96.813606,76.868042],[-96.865829,76.898041],[-96.857773,76.924988],[-96.659157,76.949142],[-96.827789,76.968872],[-96.742027,76.982208]]],[[[-86.410278,64.582764],[-86.238892,64.804153],[-86.171661,64.823036],[-86.210564,64.884163],[-86.153343,64.927757],[-86.225014,65.003601],[-86.138344,65.094437],[-86.171661,65.27887],[-86.093887,65.361649],[-86.153343,65.38472],[-86.097778,65.52916],[-86.019997,65.621918],[-86.013901,65.709152],[-85.791382,65.853317],[-85.542503,65.933319],[-85.468887,65.913879],[-85.520554,65.842758],[-85.493332,65.795258],[-85.370003,65.834991],[-85.156387,65.776657],[-85.148064,65.733322],[-85.18721,65.721367],[-85.051666,65.606934],[-85.311943,65.537773],[-85.015007,65.41832],[-85.012512,65.322769],[-84.930557,65.258614],[-84.924713,65.209717],[-84.792503,65.226929],[-84.745827,65.351379],[-84.561943,65.481087],[-84.43222,65.453323],[-84.444717,65.413597],[-84.384171,65.388321],[-84.151108,65.338593],[-84.230827,65.26944],[-84.141388,65.219994],[-83.889999,65.190262],[-83.913887,65.174698],[-83.876099,65.162773],[-83.540283,65.164146],[-83.408623,65.135536],[-83.334732,65.069992],[-83.330841,65.021378],[-83.208054,64.945534],[-83.022232,64.913879],[-82.865829,64.873596],[-82.800278,64.808868],[-82.709167,64.776382],[-82.542503,64.739433],[-82.382492,64.767761],[-82.202217,64.713608],[-82.215012,64.684982],[-82.092499,64.684982],[-81.763062,64.501099],[-81.753067,64.35582],[-81.777222,64.311653],[-81.600281,64.202766],[-81.602493,64.129967],[-81.955841,64.06192],[-81.986938,63.99416],[-81.461937,64.034988],[-81.43222,64.043587],[-81.442757,64.086929],[-81.388901,64.097214],[-81.398621,64.072769],[-81.287781,64.080276],[-80.931671,63.99194],[-80.909157,64.023323],[-80.975563,64.057747],[-80.934723,64.129967],[-80.777496,64.079437],[-80.698608,64.011383],[-80.522507,63.9786],[-80.551666,63.925549],[-80.492218,63.905548],[-80.699997,63.911659],[-80.66362,63.883331],[-80.206123,63.808331],[-80.171661,63.771099],[-80.454178,63.727772],[-80.587784,63.63583],[-80.922501,63.521381],[-80.958054,63.458328],[-81.076401,63.451389],[-81.535278,63.58028],[-81.653877,63.571941],[-81.76889,63.63805],[-81.909729,63.631939],[-82.05249,63.689159],[-82.224716,63.686378],[-82.257233,63.659161],[-82.285553,63.678051],[-82.328888,63.650269],[-82.472229,63.680271],[-82.546951,63.764721],[-82.376389,63.817501],[-82.361389,63.90527],[-82.548889,63.969151],[-82.873322,63.982769],[-83.086937,63.95499],[-83.145279,64.001099],[-82.96167,64.145538],[-83.01973,64.188873],[-83.14711,64.166634],[-83.191101,64.118317],[-83.328888,64.136932],[-83.394997,64.104156],[-83.46611,64.123596],[-83.54834,64.102478],[-83.68222,64.007217],[-83.604172,63.928051],[-83.646957,63.86721],[-83.59584,63.825829],[-83.637222,63.766392],[-83.750839,63.776661],[-84.099731,63.60527],[-84.282784,63.628601],[-84.400558,63.548611],[-84.477493,63.38361],[-84.586121,63.308041],[-85.224167,63.120831],[-85.493332,63.119991],[-85.589172,63.174709],[-85.638062,63.244999],[-85.653877,63.408878],[-85.607224,63.494438],[-85.628052,63.55666],[-85.59111,63.617489],[-85.613327,63.66972],[-85.714722,63.706661],[-85.710831,63.76749],[-85.813049,63.703609],[-86.245003,63.639431],[-86.596123,63.668598],[-86.879173,63.55555],[-87.118607,63.55582],[-87.217216,63.622219],[-87.186661,63.72221],[-86.934433,63.906101],[-86.189438,64.101646],[-86.212219,64.178589],[-86.308884,64.226379],[-86.291672,64.256653],[-86.354721,64.289978],[-86.384171,64.364433],[-86.344452,64.401093],[-86.400284,64.431931],[-86.376389,64.550537],[-86.410278,64.582764]]],[[[-94.341667,81.109711],[-93.516663,81.065262],[-93.123322,81.115257],[-93.179169,81.135536],[-93.09584,81.165268],[-93.243057,81.19165],[-93.222778,81.210823],[-93.928879,81.203873],[-94.381668,81.250816],[-94.37027,81.284714],[-94.245537,81.319443],[-94.27861,81.341927],[-94.153877,81.359711],[-93.754997,81.344711],[-93.568336,81.302757],[-93.483063,81.319717],[-93.560547,81.367752],[-93.517502,81.384987],[-92.148064,81.236366],[-91.800552,81.15332],[-91.842216,81.123871],[-91.78389,81.083603],[-91.908623,81.070541],[-91.538887,80.981659],[-91.517776,80.932747],[-91.144173,80.814987],[-91.154999,80.780548],[-91.121658,80.754707],[-90.664719,80.684708],[-90.593063,80.640823],[-90.766403,80.565536],[-90,80.534592],[-89.751106,80.464432],[-89.825844,80.5186],[-89.783623,80.532211],[-89.546112,80.547493],[-89.245003,80.517212],[-89.059158,80.46138],[-89.257233,80.396942],[-89.075844,80.393051],[-89.131943,80.359421],[-89.114166,80.333328],[-89.256668,80.298599],[-89.251404,80.27832],[-89.072777,80.195534],[-88.534729,80.098877],[-88.414719,80.10498],[-88.483322,80.135818],[-88.421944,80.142487],[-88.145554,80.093872],[-88.425003,80.186096],[-88.27417,80.171921],[-88.273064,80.195534],[-88.506958,80.218323],[-88.704178,80.284149],[-88.644997,80.321663],[-88.685272,80.371643],[-88.648903,80.3936],[-88.383904,80.443588],[-87.683884,80.410263],[-87.607498,80.324158],[-87.618332,80.272774],[-87.563889,80.233322],[-87.562767,80.179153],[-88.065552,80.120819],[-87.891388,80.055542],[-87.275558,80.06694],[-87.036942,79.962486],[-87.007233,79.946091],[-87.031952,79.937477],[-87.489441,79.84137],[-87.338608,79.84082],[-87.024719,79.916092],[-86.957779,79.903587],[-87.058327,79.804703],[-87.055557,79.731934],[-87.134171,79.645264],[-87.441673,79.573883],[-87.462509,79.534714],[-87.44194,79.526382],[-87.309998,79.502213],[-87.161118,79.571663],[-86.96666,79.601646],[-86.823624,79.587769],[-86.84639,79.549988],[-86.789993,79.538879],[-86.694992,79.56749],[-86.813049,79.611923],[-86.762222,79.631653],[-86.334167,79.645538],[-86.046112,79.568878],[-86.039719,79.545532],[-86.137512,79.51915],[-86.028061,79.474701],[-86.167503,79.457764],[-86.070847,79.434143],[-85.901108,79.493591],[-85.893341,79.554703],[-85.828339,79.607483],[-85.681953,79.613312],[-85.531113,79.559418],[-85.54361,79.538589],[-85.390839,79.449142],[-85.039719,79.350807],[-84.904167,79.267761],[-85.297234,79.187187],[-86.422501,79.075546],[-86.550827,79.048866],[-86.587784,78.983597],[-86.702217,78.955261],[-86.785004,78.957207],[-86.983322,79.056641],[-87.004463,78.987198],[-86.952499,78.906647],[-87.328056,78.794708],[-87.615829,78.645264],[-87.872772,78.694977],[-87.953613,78.74971],[-88.003342,78.807213],[-87.946663,78.909149],[-87.970001,78.965553],[-87.794449,79.006943],[-87.833618,79.026093],[-87.741669,79.059982],[-87.746109,79.086113],[-87.899986,79.011108],[-88.202499,78.976379],[-88.188049,78.885818],[-88.229721,78.8022],[-88.13028,78.684708],[-88.351936,78.65332],[-88.02417,78.656647],[-87.89473,78.584717],[-87.90834,78.548599],[-88.011948,78.481369],[-88.234161,78.453598],[-88.559433,78.604156],[-88.804169,78.609711],[-88.755569,78.589981],[-88.773331,78.573608],[-88.746109,78.535812],[-88.535553,78.41304],[-88.672501,78.316093],[-88.751404,78.19693],[-88.81778,78.154427],[-89.115829,78.200821],[-89.353882,78.339706],[-89.658051,78.431091],[-90,78.609543],[-90.088333,78.595833],[-90.10083,78.549713],[-90,78.466957],[-89.985001,78.436096],[-89.748047,78.380257],[-89.452499,78.162491],[-89.618607,78.16304],[-89.673889,78.217209],[-89.911118,78.218872],[-90,78.284409],[-90.186111,78.333328],[-90.744453,78.323036],[-90.325287,78.271652],[-90.375549,78.240807],[-90.272781,78.176933],[-90.465012,78.135269],[-91.489723,78.176933],[-91.857498,78.2397],[-92.083328,78.212486],[-92.190277,78.278053],[-92.323898,78.287201],[-92.181953,78.319717],[-92.537216,78.310532],[-92.609444,78.330833],[-92.613617,78.357208],[-92.919724,78.418869],[-92.982498,78.454437],[-92.978882,78.483322],[-91.848343,78.546097],[-91.660828,78.526932],[-91.632492,78.539429],[-91.657501,78.563873],[-92.585564,78.5961],[-92.806107,78.633614],[-93.271118,78.584152],[-93.4664,78.645828],[-93.35611,78.679428],[-93.555557,78.680817],[-93.813606,78.765823],[-93.589722,78.7836],[-93.16333,78.735527],[-93.054993,78.739967],[-93.037781,78.765823],[-93.416397,78.824997],[-93.87471,78.833603],[-94.282227,78.968872],[-93.910278,79.041931],[-93.608337,79.051651],[-93.472778,79.108871],[-93.460564,79.142761],[-93.329727,79.164429],[-92.86972,79.139709],[-92.746948,79.164146],[-92.309433,79.145264],[-91.628098,79.178452],[-90.564163,79.215553],[-90.363274,79.246811],[-92.180832,79.203049],[-92.446663,79.223038],[-92.694717,79.257217],[-92.603882,79.300812],[-91.932503,79.297211],[-91.146667,79.356369],[-91.129173,79.390823],[-92.181107,79.345833],[-92.571671,79.370529],[-92.243881,79.426651],[-92.259171,79.44693],[-92.580841,79.452209],[-92.876099,79.407761],[-93.090561,79.482208],[-93.144447,79.463882],[-93.021393,79.382751],[-93.374161,79.336929],[-93.229721,79.425537],[-93.338058,79.447197],[-93.485283,79.354156],[-93.665833,79.360527],[-93.683884,79.339432],[-93.628601,79.31694],[-93.870003,79.263893],[-94.212219,79.276657],[-94.161942,79.286377],[-94.167221,79.31694],[-94.11972,79.344711],[-93.838608,79.392761],[-94.027222,79.377472],[-94.386124,79.421371],[-94.509171,79.416382],[-94.5,79.3797],[-94.389999,79.368874],[-94.506668,79.337196],[-95.087547,79.270752],[-95.235283,79.286102],[-95.191383,79.309143],[-95.318619,79.332207],[-95.163887,79.344711],[-95.285004,79.353043],[-95.308884,79.390823],[-95.281952,79.399719],[-95.444153,79.372757],[-95.771667,79.409714],[-95.748611,79.424698],[-95.777222,79.430267],[-95.671661,79.439423],[-95.778343,79.474701],[-95.70639,79.501099],[-95.736389,79.537491],[-94.699432,79.612198],[-94.329453,79.688309],[-94.357773,79.726929],[-94.282784,79.757492],[-94.318336,79.778587],[-94.814438,79.670258],[-95.853333,79.646103],[-96.149437,79.739151],[-96.238052,79.736923],[-96.253067,79.783333],[-96.335564,79.815536],[-96.490547,79.836113],[-96.391953,79.863037],[-96.589447,79.852478],[-96.609444,79.888603],[-96.458618,79.914429],[-96.391388,79.913879],[-96.381668,79.881653],[-96.138062,79.906372],[-96.606659,79.962196],[-96.679443,80.014427],[-96.391678,80.045822],[-96.676102,80.041931],[-96.80278,80.09082],[-96.711121,80.144989],[-96.410004,80.138893],[-95.847778,80.053307],[-94.852783,80.044144],[-94.416946,79.978867],[-94.711533,80.070663],[-94.803879,80.092758],[-94.611938,80.135536],[-94.120003,80.183037],[-94.596947,80.224152],[-94.816963,80.159714],[-95.367767,80.118317],[-95.695831,80.178307],[-95.295837,80.212769],[-95.243332,80.243591],[-95.496948,80.219437],[-95.645844,80.2397],[-95.933609,80.194427],[-96.566391,80.272217],[-96.47084,80.32222],[-96.681671,80.342209],[-96.592216,80.362762],[-96.232224,80.334717],[-96.268066,80.367477],[-96.047783,80.389977],[-95.440826,80.338318],[-95.468063,80.382202],[-96.098343,80.488037],[-95.933884,80.508881],[-95.904716,80.540543],[-96.027222,80.574158],[-95.980003,80.584717],[-94.995003,80.603043],[-94.752792,80.559982],[-93.990547,80.554703],[-93.958344,80.526093],[-93.786392,80.525543],[-94.004997,80.585274],[-94.543327,80.599716],[-94.660278,80.651382],[-94.662216,80.675262],[-94.596947,80.690536],[-94.199722,80.693039],[-94.088333,80.70166],[-94.108337,80.718872],[-94.895554,80.747757],[-95.037514,80.771378],[-94.857773,80.801376],[-94.888611,80.814423],[-95.282501,80.786102],[-95.534157,80.818878],[-95.150833,80.881088],[-95.484734,80.899147],[-95.283623,80.949997],[-95.241096,81.006104],[-94.904999,81.05748],[-94.572777,81.038879],[-94.457779,81.012207],[-94.508057,80.979431],[-94.434158,80.965553],[-94.298607,81.008331],[-93.936394,81.017761],[-94.070557,81.041656],[-93.906387,81.040543],[-94.14917,81.056641],[-94.341667,81.109711]]],[[[-101.086098,73.325699],[-101.305,73.361649],[-101.3172,73.401657],[-101.580803,73.450272],[-101.546097,73.459991],[-101.621399,73.490257],[-101.523903,73.489433],[-101.427498,73.5522],[-101.2808,73.552467],[-101.217201,73.604156],[-100.890297,73.5961],[-100.672798,73.464432],[-100.499702,73.412491],[-100.415001,73.418053],[-100.606102,73.497208],[-100.5439,73.556374],[-100.551697,73.598877],[-100.9114,73.622757],[-100.858002,73.667213],[-101.046997,73.673027],[-101.057198,73.69664],[-101.014999,73.712769],[-101.118301,73.723312],[-100.981903,73.763611],[-101.027199,73.775269],[-101.013901,73.797211],[-100.886398,73.827477],[-100.754997,73.812477],[-100.648399,73.848328],[-100.417801,73.845543],[-100.136902,73.795532],[-100.026703,73.729713],[-100.027199,73.763046],[-99.955566,73.813873],[-99.857773,73.842758],[-99.843063,73.878311],[-99.871384,73.898331],[-99.892776,73.891373],[-99.873611,73.866928],[-99.948608,73.87886],[-100.0494,73.832764],[-100.249397,73.833878],[-100.292198,73.872208],[-100.142502,73.931091],[-99.85611,73.940811],[-99.800827,73.931664],[-99.836121,73.901093],[-99.785278,73.867203],[-99.398064,73.798866],[-99.206673,73.725807],[-99.247772,73.696091],[-99.189163,73.685257],[-99.115013,73.748596],[-98.789719,73.734993],[-98.688316,73.772018],[-98.134171,73.809708],[-97.960281,73.846939],[-97.900284,73.896103],[-97.734444,73.905548],[-97.825012,73.858871],[-97.602493,73.894989],[-97.47139,73.857758],[-97.223618,73.856369],[-96.962219,73.738586],[-96.934723,73.68692],[-96.968613,73.633331],[-97.202499,73.557213],[-97.433884,73.581383],[-97.459732,73.573883],[-97.432503,73.531097],[-97.459732,73.515823],[-97.638062,73.538589],[-97.668327,73.483322],[-97.623322,73.456383],[-97.417221,73.493317],[-97.18306,73.464996],[-97.17305,73.443588],[-97.248894,73.429153],[-97.167503,73.410812],[-97.171944,73.352768],[-97.267227,73.36499],[-97.841377,73.273323],[-97.862503,73.233871],[-98.240829,73.075272],[-98.510277,73.00943],[-98.44249,72.981659],[-98.473618,72.95665],[-98.42749,72.943588],[-98.445831,72.865807],[-98.227219,72.987488],[-97.846947,73.048599],[-97.283333,72.963882],[-97.225014,72.939972],[-97.253891,72.931664],[-97.258057,72.883614],[-97.415283,72.86026],[-97.236389,72.842484],[-97.161118,72.780548],[-97.053047,72.757492],[-97.029716,72.71666],[-97.170547,72.673599],[-97.196663,72.604431],[-97.081009,72.605927],[-96.915558,72.678589],[-96.536667,72.750267],[-96.517502,72.714706],[-96.585007,72.693863],[-96.455276,72.640549],[-96.459732,72.607758],[-96.405273,72.559418],[-96.438599,72.534714],[-96.37471,72.534416],[-96.325562,72.488312],[-96.29834,72.415817],[-96.39917,72.407211],[-96.446114,72.369141],[-96.668327,72.309708],[-96.871933,72.321114],[-96.561111,72.275543],[-96.614723,72.245819],[-96.533333,72.236923],[-96.485001,72.129967],[-96.498337,72.090271],[-96.866943,72.041092],[-96.672501,72.012772],[-96.488602,72.034988],[-96.522507,71.959152],[-96.76445,71.914993],[-96.491669,71.926086],[-96.570847,71.819443],[-96.74472,71.792213],[-96.738052,71.824997],[-96.67778,71.837486],[-96.775284,71.843597],[-96.978058,71.795258],[-97.084167,71.700272],[-97.504997,71.611649],[-97.988052,71.661926],[-98.207497,71.646103],[-98.359734,71.728043],[-98.321404,71.803307],[-98.209167,71.88916],[-98.267227,71.90416],[-98.291382,71.894707],[-98.262787,71.866653],[-98.338608,71.85498],[-98.462509,71.783867],[-98.493881,71.713882],[-98.391113,71.707489],[-98.410278,71.688873],[-98.381378,71.653587],[-98.18277,71.583878],[-98.148621,71.538879],[-98.037514,71.526657],[-98.198036,71.414703],[-98.46611,71.313309],[-98.729721,71.270538],[-98.829453,71.293869],[-98.960281,71.379967],[-99.238052,71.344994],[-99.313606,71.470543],[-99.410278,71.53804],[-99.369164,71.575546],[-99.574173,71.619713],[-99.678329,71.760536],[-99.788597,71.786102],[-99.872498,71.858032],[-100.101898,71.88472],[-100.443604,72.057213],[-100.423302,72.096367],[-100.481697,72.086113],[-100.513298,72.108032],[-100.490799,72.126923],[-100.634499,72.185532],[-100.8853,72.207764],[-100.951401,72.171097],[-101.0214,72.202209],[-101.055603,72.236649],[-101.019203,72.254707],[-101.083298,72.258614],[-101.037498,72.276382],[-101.220596,72.332207],[-101.395599,72.286926],[-101.402496,72.244141],[-101.495003,72.244431],[-101.469498,72.265549],[-101.585602,72.301376],[-101.776901,72.299713],[-101.890297,72.362488],[-101.879997,72.399147],[-101.775803,72.389427],[-101.916397,72.406097],[-101.963303,72.463318],[-101.911697,72.472214],[-102.597801,72.648331],[-102.741699,72.724152],[-102.714996,72.745819],[-102.7631,72.790817],[-102.646698,72.864433],[-102.576698,72.979713],[-102.501099,73.030548],[-102.2761,73.082489],[-101.962196,73.089157],[-101.9683,73.049988],[-101.768898,73.021103],[-101.7911,72.98082],[-101.732803,72.967209],[-101.817802,72.96666],[-101.741096,72.924149],[-101.618103,72.886383],[-101.618896,72.909988],[-101.5411,72.921921],[-101.595299,72.902206],[-101.509697,72.871643],[-101.4506,72.816383],[-101.466698,72.800262],[-101.294403,72.789978],[-101.296402,72.74498],[-101.4133,72.748322],[-101.366699,72.725273],[-100.882202,72.689697],[-100.812202,72.715553],[-100.870796,72.735809],[-100.828102,72.758614],[-100.447998,72.735527],[-100.331703,72.780548],[-100.324402,72.838882],[-100.416702,72.869141],[-100.387199,72.897217],[-100.442497,72.921921],[-100.3881,72.944977],[-100.498901,72.950546],[-100.421898,73.034988],[-100.309402,73.028053],[-100.407799,73.011383],[-100.381104,73],[-100.419998,72.974152],[-100.381401,72.949142],[-100.292801,72.931931],[-100.296997,72.958603],[-100.2556,72.953873],[-100.261101,72.921097],[-100.328598,72.904984],[-100.326103,72.878036],[-100.077499,72.886932],[-100.059402,72.896942],[-100.086899,72.920258],[-100.031403,72.934982],[-100.176399,72.987762],[-100.1064,73.000816],[-100.140602,73.048027],[-100.220596,73.04248],[-100.1772,73.083878],[-100.323898,73.093597],[-100.232201,73.13443],[-100.523903,73.089706],[-100.518303,73.120247],[-100.607803,73.146378],[-100.472801,73.193314],[-100.544701,73.228317],[-100.361099,73.290268],[-100.196701,73.233322],[-100.107803,73.241364],[-100.134697,73.2211],[-100.037498,73.183868],[-99.771667,73.208038],[-100.077499,73.251389],[-100.373901,73.395828],[-100.4058,73.361366],[-100.336098,73.324997],[-100.583603,73.2836],[-100.840599,73.25972],[-101.086098,73.325699]]],[[[-95.60054,73.283913],[-95.590843,73.304428],[-95.650833,73.325272],[-95.60083,73.381653],[-95.683884,73.450272],[-95.626099,73.500549],[-95.652496,73.511383],[-95.632767,73.527771],[-95.700287,73.553864],[-95.631668,73.588318],[-95.541107,73.576103],[-95.723328,73.639977],[-95.676102,73.664993],[-95.716949,73.689423],[-95.656387,73.699417],[-95.681953,73.711929],[-95.65889,73.732483],[-95.299728,73.771103],[-94.956673,73.659149],[-94.618057,73.651382],[-94.866096,73.687187],[-95.075562,73.773323],[-95.116096,73.806641],[-94.982498,73.845543],[-95.154167,73.823608],[-95.304169,73.880814],[-95.324722,73.952477],[-95.24527,74.010269],[-94.732224,74.095261],[-94.17778,74.133614],[-93.914169,74.136108],[-93.765007,74.075821],[-93.721939,74.083054],[-93.758347,74.096939],[-93.730827,74.15416],[-93.515007,74.173027],[-92.796387,74.124977],[-92.748894,74.113312],[-92.761124,74.080551],[-92.711937,74.080551],[-92.638062,74.103043],[-92.334442,74.031372],[-92.273621,73.99054],[-92.327789,73.951393],[-92.309433,73.940811],[-92.132492,73.946373],[-92.094162,73.989151],[-91.925552,74.012772],[-91.570847,74.025818],[-91.065002,74.006104],[-90.406662,73.914703],[-90.31778,73.925262],[-90.204178,73.888321],[-90.275284,73.838593],[-90.316963,73.871368],[-90.376663,73.85582],[-90.372498,73.789703],[-90.765007,73.562187],[-90.989723,73.553307],[-90.930283,73.483871],[-91.180557,73.345833],[-91.262222,73.263893],[-91.634453,73.228867],[-91.367767,73.200821],[-91.642776,73.021103],[-91.646118,72.97998],[-91.818893,72.862198],[-92.066101,72.752487],[-92.393341,72.707207],[-93.222778,72.780823],[-93.311394,72.814697],[-93.603058,72.774986],[-94.29805,72.770264],[-94.334442,72.738037],[-94.3125,72.715553],[-94.142227,72.734993],[-93.902496,72.705833],[-93.775558,72.734993],[-93.81723,72.642212],[-93.568619,72.570831],[-93.463333,72.462196],[-93.628052,72.341927],[-93.819733,72.307213],[-94.014183,72.163879],[-94.080841,72.06694],[-94.228333,72.039978],[-94.153061,72.018883],[-94.022232,72.059418],[-94.069733,72.024147],[-94.029716,71.99942],[-94.063049,71.978317],[-94.449722,72.023323],[-95.175827,71.966927],[-95.10527,71.99498],[-95.207779,71.988876],[-95.196381,72.052467],[-95.083618,72.097763],[-95.196663,72.106644],[-94.752228,72.15332],[-95.171112,72.13916],[-95.161667,72.162773],[-95.214722,72.205261],[-95.159729,72.350807],[-95.236107,72.428589],[-95.145279,72.431374],[-95.196663,72.450821],[-95.133331,72.460274],[-95.200287,72.524429],[-95.316101,72.539703],[-95.346657,72.587486],[-95.313316,72.601089],[-95.364441,72.643333],[-95.602219,72.702209],[-95.599731,72.73526],[-95.513062,72.736923],[-95.570007,72.765823],[-95.55722,72.785538],[-95.666107,72.801376],[-95.656387,72.901093],[-95.622772,72.927467],[-95.718613,72.999153],[-95.655563,73.019989],[-95.642227,73.053307],[-95.688316,73.080551],[-95.657501,73.112198],[-95.5,73.128593],[-95.579453,73.159416],[-95.596947,73.219437],[-95.557503,73.23082],[-95.60054,73.283913]]],[[[-99.45462,75.974808],[-99.863327,75.935532],[-99.905563,75.9561],[-99.87471,75.983871],[-100.035301,76.006943],[-99.995003,76.034149],[-100.077499,76.038879],[-100.1119,76.101379],[-100.220596,76.132202],[-100.031097,76.155548],[-99.714172,76.114433],[-99.414436,76.158333],[-99.716949,76.139709],[-100.001099,76.201927],[-100.438904,76.212486],[-100.512802,76.249153],[-100.464996,76.274986],[-100.074699,76.271927],[-100.203598,76.298866],[-100.186401,76.313873],[-100.029198,76.27916],[-99.848618,76.283867],[-100.0233,76.295822],[-99.92305,76.317757],[-100.153099,76.349152],[-100.179398,76.360809],[-100.147202,76.380257],[-100.694397,76.374977],[-100.982498,76.50499],[-100.7117,76.532211],[-100.723297,76.556091],[-100.653099,76.576393],[-100.318901,76.635536],[-99.837784,76.608597],[-99.684433,76.633331],[-99.551392,76.609154],[-99.676941,76.59166],[-99.522781,76.588318],[-99.291672,76.500267],[-99.143623,76.501663],[-99.25528,76.453598],[-99.079727,76.397217],[-99.122498,76.461113],[-98.980827,76.471649],[-98.925827,76.436096],[-98.846123,76.436096],[-98.889183,76.446373],[-98.86528,76.469147],[-99.050552,76.536102],[-99.027222,76.601089],[-98.814713,76.613602],[-98.743057,76.579987],[-98.725037,76.611542],[-98.538887,76.616379],[-98.509453,76.630539],[-98.537216,76.641937],[-98.483063,76.649147],[-98.744453,76.643883],[-98.852493,76.671654],[-98.480293,76.679153],[-98.403877,76.661377],[-98.419724,76.622482],[-98.151672,76.585823],[-98.395554,76.594437],[-98.357773,76.565536],[-97.662781,76.481087],[-97.695541,76.460823],[-97.662514,76.419434],[-97.727219,76.395538],[-97.783623,76.319717],[-97.509171,76.188873],[-97.494453,76.138893],[-97.588333,76.080833],[-97.58139,76.042213],[-97.656387,75.972763],[-97.558037,75.864433],[-97.664169,75.79332],[-97.938599,75.741364],[-97.386673,75.682747],[-97.369164,75.65332],[-97.411942,75.61554],[-97.422501,75.506378],[-97.378326,75.434143],[-97.280838,75.396942],[-97.469162,75.42276],[-97.496109,75.4422],[-97.487503,75.496094],[-97.711937,75.566673],[-97.762512,75.568047],[-97.752792,75.53804],[-97.841949,75.550812],[-97.856949,75.535538],[-97.789993,75.518883],[-97.74527,75.46666],[-97.835831,75.460823],[-97.847504,75.502213],[-97.932503,75.512497],[-98.043327,75.481369],[-97.949722,75.461113],[-98.055557,75.452477],[-97.774719,75.423027],[-98.036942,75.412201],[-97.876663,75.36499],[-98.069168,75.349716],[-98.107773,75.371918],[-98.164719,75.329163],[-98.080566,75.329987],[-98.129173,75.301933],[-98.04805,75.284714],[-98.006119,75.319717],[-97.894173,75.329437],[-97.995827,75.27887],[-97.913063,75.26416],[-97.922501,75.295258],[-97.887512,75.300537],[-97.873894,75.270264],[-97.743607,75.224991],[-97.736938,75.204437],[-97.800278,75.193863],[-97.69249,75.193863],[-97.654167,75.179703],[-97.676941,75.164146],[-97.567497,75.147491],[-97.619453,75.118591],[-97.862503,75.111099],[-98.024719,75.162491],[-98.025833,75.210823],[-98.098618,75.222763],[-98.07251,75.199142],[-98.146667,75.163879],[-98.090652,75.137299],[-97.966949,75.104156],[-97.938599,75.064987],[-97.949997,75.021103],[-97.982498,75.015266],[-98.748337,74.989967],[-98.84584,75.00972],[-98.859161,75.061653],[-98.960281,75.051933],[-98.928047,75.012207],[-98.956123,75.003601],[-99.376663,74.985527],[-99.406113,74.993317],[-99.37471,75.007767],[-99.387512,75.037773],[-99.281387,75.122482],[-99.496658,75.026382],[-99.426392,74.991364],[-99.538597,74.974152],[-100.347801,75.016937],[-100.393898,75.037201],[-100.378098,75.113312],[-100.430801,75.147217],[-100.398102,75.1586],[-100.538597,75.204712],[-99.987778,75.236099],[-100.393898,75.260269],[-100.257202,75.313309],[-100.523102,75.293053],[-100.7789,75.35054],[-100.4328,75.375259],[-100.6978,75.436371],[-100.011902,75.46138],[-100.306999,75.471649],[-99.951111,75.492477],[-100.283096,75.514999],[-100.155403,75.52359],[-99.845001,75.540817],[-100.039398,75.554153],[-99.712509,75.589157],[-99.66777,75.611099],[-99.863052,75.614433],[-99.809433,75.635536],[-99.817497,75.655258],[-99.033073,75.6772],[-98.889999,75.695251],[-98.971939,75.710274],[-100.559196,75.647217],[-101.365501,75.574158],[-101.377197,75.598877],[-101.495499,75.601929],[-102.668297,75.497208],[-102.671898,75.52832],[-102.7789,75.544434],[-102.728897,75.572487],[-102.8778,75.624687],[-102.632202,75.6147],[-102.701401,75.62886],[-102.666397,75.648613],[-102.689201,75.670532],[-102.531403,75.691093],[-102.583099,75.709991],[-102.538902,75.721367],[-102.009201,75.703049],[-102.236702,75.744141],[-102.093597,75.791092],[-102.366096,75.789978],[-102.290298,75.857208],[-101.864403,75.902206],[-101.459702,75.810806],[-101.459702,75.761108],[-101.254997,75.744713],[-100.911102,75.811653],[-101.347801,75.774986],[-101.323601,75.80748],[-101.363899,75.847763],[-101.537201,75.861366],[-101.597801,75.919708],[-101.302803,76.013046],[-101.678299,75.979713],[-101.8489,76.024696],[-101.907204,76.078598],[-101.888603,76.119141],[-101.761101,76.174149],[-101.385002,76.248871],[-102.133102,76.219994],[-102.165802,76.238312],[-102.063904,76.255257],[-102.059402,76.27916],[-102.194397,76.289429],[-102.041397,76.318604],[-102.097198,76.34166],[-102.064697,76.358322],[-101.957497,76.357483],[-102.050797,76.398041],[-101.862198,76.450272],[-101.315804,76.414429],[-101.058296,76.326927],[-101.140602,76.240257],[-100.751099,76.182213],[-100.625504,76.127472],[-100.727203,76.090553],[-100.417503,76.116379],[-100.621101,76.079712],[-100.315804,76.051376],[-100.171898,75.959717],[-100.071098,75.945534],[-100.145302,75.908043],[-99.983612,75.919434],[-99.981949,75.88472],[-99.930283,75.873596],[-99.45462,75.974808]]],[[[-99.57988,69.04393],[-99.455002,69.137772],[-99.341667,69.123596],[-99.311394,69.158867],[-99.006958,69.136383],[-98.936394,69.172493],[-98.720284,69.193863],[-98.706947,69.261383],[-98.653877,69.294983],[-98.555557,69.275269],[-98.393341,69.308029],[-98.397232,69.338318],[-98.611938,69.444138],[-98.577217,69.479431],[-98.419449,69.471367],[-98.601669,69.520828],[-98.556664,69.580833],[-98.357773,69.559143],[-98.219162,69.473312],[-98.103333,69.459717],[-98.092499,69.424988],[-98.003891,69.435806],[-98.263062,69.578873],[-98.367767,69.601089],[-98.281952,69.751663],[-97.974167,69.892212],[-97.458054,69.76944],[-97.34111,69.706383],[-97.489441,69.673866],[-97.391388,69.593323],[-97.303879,69.698318],[-97.273903,69.694702],[-96.879173,69.491364],[-96.789719,69.495247],[-96.51889,69.418053],[-96.218338,69.311096],[-96.176392,69.269989],[-96.251404,69.15387],[-96.210007,69.123032],[-96.229721,69.054703],[-96.118881,69.025543],[-96.15834,69.086929],[-96.134743,69.125259],[-96.155838,69.168587],[-96.047783,69.228317],[-95.924438,69.089432],[-95.978882,69.043869],[-95.857773,68.972214],[-95.833618,68.872757],[-95.756958,68.891373],[-95.626099,68.82666],[-95.351387,68.899429],[-95.206947,68.850273],[-95.535278,68.671921],[-95.565552,68.674698],[-95.538887,68.723312],[-95.593887,68.752777],[-95.790558,68.737198],[-95.798607,68.693588],[-95.859734,68.65332],[-95.852493,68.608597],[-96.000839,68.619431],[-96.291382,68.473038],[-96.503616,68.446091],[-96.928329,68.521378],[-97.099167,68.587769],[-97.143623,68.584427],[-97.098892,68.528587],[-97.181107,68.511383],[-97.506119,68.541931],[-97.761398,68.653587],[-98.035553,68.694702],[-98.120003,68.670822],[-98.290558,68.755547],[-98.244164,68.82222],[-98.383331,68.859993],[-98.425003,68.84137],[-98.400284,68.770828],[-98.519447,68.747482],[-98.575012,68.786652],[-98.859444,68.829163],[-98.870003,68.874153],[-98.811394,68.915817],[-98.849442,68.933594],[-98.98111,68.950546],[-99.006958,68.907761],[-99.118057,68.921097],[-99.044159,68.859711],[-99.188599,68.824158],[-99.437767,68.891098],[-99.460564,68.950821],[-99.594162,69.015823],[-99.57988,69.04393]]],[[[-104.042198,78.620682],[-103.826103,78.671921],[-103.483597,78.669144],[-103.518097,78.710823],[-103.318901,78.740257],[-103.468102,78.787491],[-103.581398,78.743591],[-103.616402,78.767487],[-103.796097,78.735809],[-103.695297,78.793869],[-103.726898,78.8022],[-103.886101,78.804428],[-103.905296,78.768883],[-103.991096,78.758881],[-104.198898,78.770264],[-104.215302,78.793587],[-104.167198,78.816383],[-103.821701,78.898331],[-104.203598,78.991653],[-104.265602,78.988586],[-104.293098,78.954987],[-104.455002,78.9561],[-104.564201,78.8647],[-104.785797,78.806641],[-105.011902,78.803589],[-105.012199,78.844711],[-104.870796,78.88916],[-104.681099,79.016663],[-104.937202,79.05304],[-105.395302,79.011658],[-105.590797,79.034416],[-105.628601,79.161377],[-105.541702,79.239967],[-105.420502,79.284416],[-105.482803,79.306374],[-105.440002,79.329163],[-105.127197,79.297493],[-104.007202,79.367752],[-103.722504,79.356934],[-102.8769,79.233047],[-102.926697,79.211113],[-102.891701,79.166656],[-102.611702,79.093048],[-102.665604,78.982758],[-102.773598,78.944138],[-102.583603,78.948593],[-102.573097,78.929703],[-102.626099,78.900269],[-102.579498,78.873032],[-102.391998,78.931664],[-102.380501,78.962769],[-102.417198,79.009163],[-102.268097,79.029709],[-101.9422,79.084717],[-101.648903,79.075821],[-101.231697,78.959427],[-101.1408,78.974152],[-100.986702,78.937187],[-101.2006,78.820831],[-101.186401,78.802757],[-100.925598,78.763321],[-100.351097,78.828323],[-100.323303,78.778053],[-99.896393,78.695824],[-100.0625,78.638893],[-100.016701,78.616653],[-99.853333,78.633041],[-99.748337,78.597214],[-99.550278,78.590271],[-99.529716,78.578049],[-99.551941,78.56192],[-99.651398,78.544983],[-99.597778,78.530548],[-99.670273,78.479713],[-99.867767,78.437477],[-99.748337,78.383614],[-99.793877,78.297211],[-99.529449,78.282494],[-99.413887,78.205261],[-98.945831,78.061653],[-98.971657,77.997757],[-99.099167,77.960823],[-99.013344,77.888321],[-99.179993,77.84082],[-99.822243,77.814148],[-99.906952,77.778587],[-100.607498,77.859993],[-100.604202,77.890823],[-100.838303,78.022774],[-100.747803,78.077209],[-100.998596,78.131653],[-101.035599,78.196091],[-101.289398,78.18248],[-101.474197,78.234711],[-102.133102,78.282761],[-102.618599,78.241364],[-102.809402,78.288307],[-102.807999,78.31694],[-102.665802,78.358597],[-102.777802,78.376373],[-103.68,78.31192],[-103.9058,78.272774],[-103.898903,78.245819],[-103.963097,78.233597],[-104.467499,78.265266],[-104.820602,78.35582],[-104.991898,78.437759],[-105.043098,78.505829],[-104.831398,78.569992],[-104.666702,78.579712],[-103.523598,78.496094],[-103.448898,78.534714],[-103.494499,78.566673],[-103.378098,78.586113],[-103.431999,78.598602],[-103.400002,78.61554],[-104.042198,78.620682]]],[[[-80.771667,73.74971],[-80.373322,73.761658],[-80.142227,73.69664],[-80.023064,73.727203],[-79.45195,73.630539],[-78.166397,73.668053],[-77.424438,73.554703],[-77.19194,73.501389],[-77.029449,73.398041],[-77.048889,73.361923],[-76.893341,73.321114],[-76.708054,73.317757],[-76.738602,73.279984],[-76.579727,73.219711],[-76.631668,73.167213],[-76.495537,73.116928],[-76.241096,73.092209],[-76.318069,73.062759],[-76.279449,73.045822],[-76.323624,73.020828],[-76.260277,72.997208],[-76.333069,72.963608],[-76.118607,72.940262],[-76.059433,72.900818],[-76.149986,72.842209],[-76.5625,72.812477],[-77.704178,72.897217],[-78.236359,72.893013],[-79.209167,72.74498],[-79.594162,72.753326],[-79.998611,72.863037],[-80.181381,73.043869],[-80.122772,73.114433],[-80.178329,73.158333],[-80.110001,73.179703],[-80.151947,73.222488],[-80.797501,73.276932],[-80.876099,73.327766],[-80.844162,73.352478],[-80.892502,73.374687],[-80.861938,73.396378],[-80.884453,73.439697],[-80.85556,73.47554],[-80.695267,73.477768],[-80.867218,73.544708],[-80.902222,73.602768],[-80.797501,73.659988],[-80.80249,73.714432],[-80.861717,73.745178],[-80.771667,73.74971]]],[[[-75,68.11969],[-75.05249,68.036652],[-75.164436,67.954163],[-75.104446,67.847488],[-75.044449,67.812477],[-75.066391,67.695534],[-75.025284,67.619431],[-75.071953,67.538879],[-75.388062,67.354713],[-75.517227,67.351646],[-75.59111,67.306641],[-75.908051,67.248596],[-76.242218,67.262207],[-76.66362,67.219994],[-77.044724,67.260536],[-77.175003,67.421097],[-77.246948,67.451927],[-77.256393,67.516388],[-77.22583,67.543869],[-77.32251,67.698029],[-77.220551,67.861923],[-76.865547,68.157761],[-76.606949,68.279427],[-76.281952,68.332764],[-76.235817,68.303307],[-76.083328,68.295258],[-75.917503,68.338318],[-75.726097,68.330276],[-75.134743,68.234711],[-75,68.11969]]],[[[-95.959473,74.856369],[-96.127777,74.915543],[-96.033333,74.949417],[-96.050827,74.972763],[-96.141678,74.957207],[-96.056381,75.010269],[-96.074173,75.023613],[-96.142227,75.017761],[-96.209732,74.915543],[-96.268341,74.90387],[-96.403061,74.925812],[-96.37944,74.943863],[-96.394173,74.978317],[-96.328056,74.974701],[-96.331123,75.004707],[-96.614166,74.984993],[-96.587509,75.031662],[-96.604721,75.063309],[-96.463058,75.193314],[-96.380829,75.175262],[-96.366386,75.193314],[-96.399727,75.204987],[-96.378601,75.21666],[-96.04805,75.238312],[-95.987778,75.25],[-96.08139,75.25],[-96.077789,75.272491],[-95.903343,75.289978],[-96.172501,75.285538],[-95.944443,75.378036],[-95.890556,75.372208],[-95.919998,75.346939],[-95.776947,75.371918],[-96.033333,75.401093],[-96.151108,75.374977],[-96.178879,75.38443],[-96.09584,75.417763],[-95.958344,75.436371],[-95.760834,75.390823],[-95.684723,75.428307],[-95.838058,75.459152],[-95.749733,75.513321],[-95.456673,75.568329],[-95.371109,75.552467],[-95.275284,75.60582],[-95.178596,75.584427],[-94.88266,75.635788],[-94.363892,75.59082],[-93.989723,75.434982],[-93.676941,75.356644],[-93.649727,75.320831],[-93.801102,75.303589],[-93.499161,75.264709],[-93.578339,75.197746],[-93.456673,75.116379],[-93.509171,75.091087],[-93.488892,75.072487],[-93.642776,75.038589],[-93.515289,75.038307],[-93.42778,74.955261],[-93.406387,74.883614],[-93.438889,74.757767],[-93.563606,74.743042],[-93.463058,74.729431],[-93.484734,74.687759],[-93.741379,74.635536],[-94.278061,74.650818],[-94.643341,74.623596],[-94.869453,74.684982],[-94.91362,74.662201],[-95.080002,74.680817],[-95.06778,74.736366],[-95.283333,74.798027],[-95.443878,74.769707],[-95.38028,74.799713],[-95.457497,74.798317],[-95.482773,74.779427],[-95.450562,74.741653],[-95.519173,74.74054],[-95.547501,74.756378],[-95.493057,74.798866],[-95.518066,74.811653],[-95.625816,74.80748],[-95.725014,74.843048],[-95.735001,74.81749],[-95.907784,74.819443],[-95.868881,74.848038],[-95.959473,74.856369]]],[[[-82.185822,62.979988],[-81.911667,62.952221],[-81.865547,62.923321],[-81.90361,62.852779],[-81.949722,62.834991],[-81.938599,62.709991],[-82.13945,62.60638],[-82.369164,62.547489],[-82.442207,62.458599],[-83.001953,62.204441],[-83.136398,62.17305],[-83.198608,62.22221],[-83.337784,62.25222],[-83.703888,62.141659],[-83.731667,62.3036],[-83.945267,62.427219],[-83.90834,62.482769],[-83.704178,62.569439],[-83.570007,62.67527],[-83.527496,62.82111],[-83.374161,62.90694],[-83.21167,62.913601],[-83.142502,62.854439],[-83.041107,62.837212],[-82.694443,62.93943],[-82.420837,62.924999],[-82.29277,62.98333],[-82.185822,62.979988]]],[[[-97.949432,78.816383],[-97.488602,78.796654],[-97.025284,78.741928],[-96.886398,78.69664],[-96.533623,78.676933],[-96.315826,78.618042],[-96.184433,78.628593],[-96.152496,78.611366],[-96.275009,78.533333],[-95.964447,78.483597],[-95.601936,78.519707],[-94.894997,78.395828],[-94.837509,78.347214],[-95.39917,78.231087],[-95.130829,78.194138],[-95.089722,78.154984],[-94.889999,78.108871],[-94.929718,78.08194],[-94.888062,78.058868],[-95.112503,77.951393],[-95.37999,77.966377],[-96.285553,77.859421],[-96.541107,77.897217],[-96.735001,77.866928],[-96.491669,77.870247],[-96.570557,77.851929],[-96.515556,77.845543],[-96.71167,77.839706],[-96.837784,77.805252],[-96.817497,77.791656],[-97.096947,77.803307],[-97.081123,77.843597],[-97.120003,77.870247],[-96.995003,77.921097],[-97.775558,78.034988],[-97.651398,78.051933],[-97.684433,78.073883],[-97.647781,78.09082],[-96.910278,78.079163],[-96.85556,78.104156],[-96.904449,78.113037],[-96.870537,78.133331],[-97.321121,78.207489],[-97.926666,78.217758],[-97.91362,78.244141],[-97.763344,78.244431],[-98.054718,78.301651],[-98.010277,78.333328],[-98.087509,78.375809],[-98.036942,78.397217],[-98.347778,78.443039],[-98.410553,78.490257],[-98.319458,78.51915],[-98.345284,78.534714],[-98.019173,78.542763],[-98.32695,78.650543],[-98.311394,78.699707],[-98.371658,78.719994],[-98.31778,78.746643],[-98.364723,78.768051],[-98.144447,78.816673],[-97.949432,78.816383]]],[[[-105.2258,72.933037],[-105.356102,72.947746],[-105.292503,72.924698],[-105.324203,72.906097],[-105.204201,72.864151],[-105.383102,72.866653],[-105.462502,72.94136],[-105.903603,73.130814],[-105.895798,73.161102],[-106.101402,73.189697],[-106.044403,73.219437],[-106.193604,73.284988],[-106.126099,73.291367],[-106.466103,73.401382],[-107.034203,73.486366],[-106.645798,73.699142],[-106.205597,73.734154],[-105.148598,73.754173],[-104.824203,73.637207],[-104.580803,73.600273],[-104.483101,73.534416],[-104.5756,73.453873],[-104.548599,73.414703],[-104.586899,73.37442],[-104.573303,73.323036],[-104.760002,73.203873],[-104.739403,73.179977],[-104.975601,73.085274],[-104.984703,73.020538],[-105.2258,72.933037]]],[[[-79.541321,61.799789],[-79.60527,61.76527],[-79.656952,61.64249],[-79.761398,61.576939],[-79.846123,61.569988],[-79.959442,61.68721],[-80.275284,61.80666],[-80.292221,61.873051],[-80.257507,61.883881],[-80.295273,61.983601],[-80.268623,62.10722],[-80.180283,62.217491],[-79.94722,62.386108],[-79.714447,62.39777],[-79.700562,62.369991],[-79.561943,62.41721],[-79.442757,62.37999],[-79.359161,62.296101],[-79.260834,62.253609],[-79.261398,62.163601],[-79.333618,62.05471],[-79.315826,61.98888],[-79.381104,62.002781],[-79.541321,61.799789]]],[[[-81.087784,53.17944],[-80.763344,52.931381],[-80.66777,52.771931],[-80.712509,52.689159],[-81.024437,52.750549],[-81.251953,52.8325],[-81.916656,52.961658],[-82.063316,53.026661],[-81.965286,53.122219],[-81.848053,53.18166],[-81.375,53.224991],[-81.087784,53.17944]]],[[[-83.921387,66.00972],[-83.683319,65.910538],[-83.699722,65.851379],[-83.796951,65.811371],[-83.525009,65.737762],[-83.529716,65.708328],[-83.360001,65.727478],[-83.210831,65.705833],[-83.263634,65.688309],[-83.247498,65.659714],[-83.288887,65.632751],[-83.379173,65.61554],[-83.468613,65.654984],[-83.623611,65.661377],[-83.58667,65.703873],[-83.662514,65.676376],[-83.62471,65.646652],[-83.760559,65.670258],[-83.842773,65.649147],[-83.785828,65.724701],[-83.684158,65.744431],[-83.827499,65.748322],[-83.785278,65.788879],[-83.960007,65.737762],[-84.143623,65.76416],[-84.101097,65.819717],[-84.130829,65.909714],[-84.193329,65.929153],[-84.208618,65.977203],[-84.382767,66.000549],[-84.468063,66.064987],[-84.470284,66.133331],[-84.096657,66.056931],[-84.008347,66.077209],[-84.000557,66.02887],[-83.921387,66.00972]]],[[[-93.174713,77.704163],[-93.101936,77.662491],[-93.37944,77.630814],[-93.405563,77.609154],[-93.37999,77.583878],[-93.486389,77.545532],[-93.502502,77.503052],[-93.475281,77.471367],[-93.570557,77.437759],[-94.878326,77.484993],[-95.864166,77.462196],[-96.083328,77.497757],[-96.328888,77.60498],[-96.269173,77.614151],[-96.289169,77.650543],[-96.245003,77.662491],[-96.241096,77.694977],[-95.465286,77.808029],[-95.363892,77.737198],[-95.30278,77.763893],[-95.243057,77.742752],[-94.752228,77.788589],[-94.343887,77.753883],[-94.042503,77.766098],[-93.931381,77.732483],[-93.656952,77.776657],[-93.174713,77.704163]]],[[[-73.655472,68.007713],[-73.411667,67.974991],[-73.430283,67.914146],[-73.405563,67.856934],[-73.348618,67.828049],[-73.449432,67.762497],[-74.48111,67.789429],[-74.684433,67.881927],[-74.772232,67.963318],[-74.778061,68.006104],[-74.731949,68.070831],[-74.456123,68.067207],[-74.339447,68.1772],[-74.212509,68.130539],[-74.266403,68.059418],[-73.974716,68.041092],[-73.794159,67.988586],[-73.655472,68.007713]]],[[[-105.648903,77.748596],[-105.027802,77.546371],[-104.945,77.484993],[-105.0103,77.458603],[-105.0103,77.408043],[-104.741096,77.414429],[-104.706703,77.377762],[-104.425003,77.309708],[-104.472504,77.284149],[-104.395599,77.276382],[-104.3675,77.224426],[-104.472504,77.137497],[-104.740303,77.108597],[-105.044403,77.171371],[-105.226402,77.161102],[-105.261101,77.171654],[-105.248596,77.205551],[-105.396103,77.213043],[-105.323898,77.23027],[-105.550301,77.311653],[-105.573097,77.329437],[-105.544701,77.367477],[-105.657501,77.380257],[-105.631897,77.406937],[-105.689697,77.41748],[-105.655602,77.441933],[-105.764999,77.463882],[-105.687202,77.515549],[-105.856903,77.54332],[-105.8181,77.55748],[-105.834396,77.61026],[-106.091698,77.715271],[-105.913902,77.762497],[-105.648903,77.748596]]],[[[-78.212784,63.496101],[-77.845001,63.47221],[-77.81778,63.454441],[-77.844452,63.437771],[-77.80722,63.425831],[-77.680557,63.434429],[-77.636673,63.402771],[-77.635559,63.358891],[-77.495003,63.265831],[-77.570282,63.206661],[-77.560272,63.18277],[-77.958344,63.093048],[-78.5625,63.395828],[-78.572777,63.440269],[-78.212784,63.496101]]],[[[-78.458618,69.389977],[-78.279716,69.370247],[-78.214447,69.288307],[-78.356377,69.196091],[-78.467216,69.219711],[-78.476097,69.161377],[-78.556381,69.137497],[-78.556664,69.083603],[-78.715012,69.00972],[-78.725281,68.968872],[-78.867493,68.900543],[-79.216949,68.829987],[-79.400284,68.871918],[-79.388062,68.906647],[-79.419159,68.920258],[-79.309433,68.973602],[-79.227219,69.076393],[-78.960281,69.102478],[-78.864166,69.141098],[-78.858887,69.189972],[-78.749161,69.261108],[-78.619453,69.261658],[-78.721939,69.310532],[-78.71611,69.340271],[-78.458618,69.389977]]],[[[-79.768066,69.752777],[-79.68721,69.814697],[-79.476936,69.803589],[-79.329453,69.701393],[-79.631668,69.608871],[-79.91806,69.603592],[-80.059433,69.643883],[-80.078888,69.622208],[-79.935547,69.527206],[-80.011948,69.491653],[-80.229446,69.531097],[-80.219162,69.625259],[-80.325012,69.554977],[-80.353607,69.6147],[-80.492767,69.664993],[-80.809433,69.683037],[-80.725014,69.749153],[-80.649727,69.748596],[-80.462784,69.712769],[-80.400833,69.666092],[-80.419159,69.699142],[-80.375267,69.709717],[-80.448608,69.723877],[-80.504463,69.774986],[-80.388901,69.799988],[-80.329727,69.774147],[-80.18277,69.792763],[-80.120537,69.758614],[-80.146118,69.720833],[-80.085007,69.749153],[-79.964172,69.720833],[-79.768066,69.752777]]],[[[-90,77.547783],[-89.719162,77.458328],[-89.711121,77.365257],[-89.636124,77.339157],[-90,77.213814],[-90.39473,77.199142],[-90.419159,77.208038],[-90.387512,77.227203],[-91.142227,77.360527],[-91.106377,77.374687],[-91.208893,77.414993],[-91.170273,77.449707],[-91.205566,77.518883],[-91.184433,77.608597],[-90.906387,77.653053],[-90.339172,77.623871],[-90,77.547783]]],[[[-97.65361,74.099991],[-97.649437,74.052467],[-97.763634,73.988312],[-98.010559,73.937477],[-98.144997,73.873596],[-98.392776,73.845261],[-98.652222,73.834427],[-98.715286,73.861366],[-98.754181,73.837486],[-98.72084,73.82222],[-98.74028,73.813309],[-98.96167,73.805252],[-99.166397,73.832489],[-98.823624,73.824432],[-98.847778,73.849152],[-99.25,73.852768],[-99.4375,73.896942],[-99.281952,73.938026],[-98.972778,73.951103],[-99.013901,73.984154],[-98.765289,74.031097],[-98.491943,74.034149],[-97.994453,74.109421],[-97.65361,74.099991]]],[[[-104.151802,75.434563],[-103.803299,75.36026],[-103.814201,75.330833],[-103.733902,75.274147],[-103.749702,75.234711],[-103.583099,75.164703],[-103.730301,75.099991],[-104.261101,75.018333],[-104.728104,75.070267],[-104.930801,75.132202],[-104.688004,75.25972],[-104.770302,75.282494],[-104.673599,75.34166],[-104.428001,75.420822],[-104.151802,75.434563]]],[[[-86.434998,68.162491],[-86.426392,68.069153],[-86.368607,67.954712],[-86.396118,67.859711],[-86.571953,67.728867],[-86.690552,67.733871],[-86.858337,67.796944],[-86.945831,67.909416],[-86.940552,67.934418],[-86.843338,67.958603],[-86.836937,68.001099],[-86.988327,68.081673],[-86.897781,68.136108],[-86.906387,68.180267],[-86.711937,68.299149],[-86.458618,68.235527],[-86.402786,68.194427],[-86.434998,68.162491]]],[[[-70.587784,62.774158],[-70.396957,62.723049],[-70.422783,62.709431],[-70.371933,62.687771],[-70.413063,62.650269],[-70.3125,62.65416],[-70.211937,62.57777],[-70.393066,62.53027],[-70.723892,62.55027],[-70.774719,62.569721],[-70.74028,62.592491],[-70.819733,62.60471],[-70.854446,62.713612],[-70.920273,62.740551],[-70.771118,62.76749],[-71.019173,62.811939],[-71.15834,62.797218],[-71.166397,62.81805],[-71.032784,62.822769],[-71.241379,62.881378],[-70.788063,62.836109],[-70.587784,62.774158]]],[[[-104.134201,76.669434],[-103.922501,76.633614],[-104.053902,76.563026],[-103.878899,76.573608],[-103.859398,76.607208],[-103.787498,76.620529],[-103.559402,76.563873],[-103.587799,76.524986],[-103.248596,76.499153],[-103.245003,76.474991],[-103.004501,76.429977],[-103.204697,76.354713],[-103.507004,76.310806],[-104.378899,76.323318],[-104.404404,76.334427],[-104.329697,76.358032],[-104.351097,76.383614],[-104.4608,76.390266],[-104.391998,76.421654],[-104.391098,76.461113],[-104.448898,76.491089],[-104.563904,76.482208],[-104.589699,76.508881],[-104.560799,76.523041],[-104.658897,76.545822],[-104.638603,76.574707],[-104.6828,76.597488],[-104.134201,76.669434]]],[[[-84.910278,66],[-84.860283,65.968323],[-84.883331,65.940811],[-84.752502,65.878036],[-84.638062,65.707207],[-84.58667,65.6922],[-84.604446,65.671921],[-84.576111,65.62915],[-84.66777,65.560532],[-84.784729,65.556641],[-84.840843,65.588043],[-84.878601,65.669144],[-85.118057,65.764709],[-85.143066,65.913307],[-85.181953,65.945534],[-85.17305,65.994713],[-85.08168,66.026657],[-84.910278,66]]],[[[-64.659729,61.588039],[-64.726097,61.542221],[-64.683319,61.531109],[-64.71666,61.511669],[-64.675278,61.50861],[-64.686943,61.465832],[-64.801392,61.412209],[-64.802223,61.372761],[-64.875267,61.322491],[-64.91333,61.355],[-64.977493,61.347771],[-64.980827,61.376099],[-64.932503,61.403599],[-65.060272,61.407211],[-65.119453,61.43277],[-65.090843,61.454441],[-65.151672,61.453049],[-65.195267,61.499161],[-65.372498,61.53722],[-65.487778,61.59943],[-65.435822,61.658039],[-65.036392,61.6936],[-64.719162,61.658039],[-64.791382,61.617489],[-64.725563,61.6311],[-64.734161,61.610821],[-64.659157,61.609989],[-64.659729,61.588039]]],[[[-98.830002,79.664429],[-98.936111,79.719711],[-99.31723,79.758614],[-99.30278,79.787491],[-99.333618,79.80304],[-99.296387,79.839157],[-99.368881,79.857758],[-99.614166,79.893333],[-100.121101,79.886658],[-100.177498,79.909988],[-100.127502,79.961929],[-100.193298,80.033867],[-100.065598,80.089981],[-99.759171,80.149719],[-99.436661,80.107208],[-99.136673,80.133041],[-98.868881,80.077766],[-98.871933,80.044434],[-98.705841,79.96582],[-98.779167,79.902771],[-98.644173,79.800262],[-98.830002,79.664429]]],[[[-102.652199,76.287773],[-102.5308,76.223312],[-102.5839,76.183594],[-102.529198,76.153587],[-102.621399,76.152481],[-102.650597,76.11998],[-102.806396,76.085541],[-103.342201,76.036652],[-103.986099,76.034988],[-103.888603,76.049713],[-104.391098,76.078323],[-104.482803,76.142212],[-104.297997,76.212486],[-103.876404,76.248596],[-103.059998,76.306374],[-102.652199,76.287773]]],[[[-76.68161,63.48135],[-76.541946,63.46249],[-76.650284,63.431381],[-76.631668,63.412491],[-76.692207,63.367771],[-76.973892,63.403599],[-77.243332,63.54361],[-77.42778,63.589161],[-77.400833,63.598331],[-77.439713,63.618599],[-77.333893,63.626942],[-77.45723,63.64333],[-77.343338,63.696098],[-77.116943,63.65416],[-77.121933,63.679722],[-77.061394,63.672771],[-76.616096,63.523319],[-76.68161,63.48135]]],[[[-79.057503,54.91777],[-79.776947,54.778049],[-79.681953,54.810268],[-79.728058,54.812771],[-79.686943,54.838329],[-79.467216,54.888329],[-79.053879,54.946659],[-79.015007,54.932209],[-79.057503,54.91777]]],[[[-64.325562,63.637501],[-64.275284,63.496101],[-64.306664,63.483051],[-64.252502,63.44054],[-64.286942,63.430271],[-64.087509,63.32972],[-64.061111,63.27055],[-64.166656,63.32333],[-64.181953,63.29694],[-64.266953,63.326389],[-64.421944,63.471661],[-64.389183,63.48444],[-64.490547,63.620541],[-64.377213,63.67749],[-64.325562,63.637501]]],[[[-75,68.672241],[-74.938316,68.571663],[-74.768341,68.473312],[-74.906662,68.423027],[-74.776398,68.410538],[-74.863892,68.3797],[-74.816101,68.369713],[-74.81221,68.338043],[-74.855827,68.34137],[-74.811394,68.320541],[-75.002228,68.333603],[-75.037514,68.394707],[-75.241379,68.436371],[-75.416397,68.518051],[-75.398354,68.610527],[-75.280563,68.709717],[-75,68.672241]]],[[[-78.141953,69.742477],[-77.982773,69.694702],[-77.946663,69.646652],[-78.087784,69.576927],[-78.518623,69.480553],[-78.646118,69.509987],[-78.817497,69.452766],[-78.88028,69.476929],[-78.575844,69.636383],[-78.400284,69.643333],[-78.37999,69.698593],[-78.306953,69.686653],[-78.315552,69.659714],[-78.24527,69.663597],[-78.228058,69.677467],[-78.268623,69.732208],[-78.141953,69.742477]]],[[[-90,76.837822],[-89.825844,76.806091],[-89.673889,76.737488],[-89.671661,76.698593],[-89.837219,76.66304],[-89.862778,76.603867],[-89.794449,76.533333],[-89.671387,76.504173],[-89.808609,76.482483],[-89.943329,76.506378],[-89.934433,76.476646],[-90,76.470306],[-90.184433,76.515266],[-90.600281,76.734993],[-90.474716,76.799713],[-90,76.837822]]],[[[-77.113617,69.44165],[-76.923607,69.3936],[-76.7164,69.422211],[-76.64473,69.381363],[-76.646667,69.336929],[-76.939987,69.209152],[-76.944443,69.185257],[-76.858612,69.14888],[-76.922501,69.119713],[-76.897232,69.103867],[-76.958893,69.142487],[-77.213623,69.125809],[-77.301392,69.164146],[-77.381943,69.247482],[-77.335007,69.333878],[-77.359734,69.392761],[-77.113617,69.44165]]],[[[-96.025436,75.602837],[-95.911118,75.554153],[-96.048889,75.525269],[-96.170837,75.458038],[-96.417221,75.523323],[-96.360001,75.568878],[-96.410278,75.580276],[-96.549156,75.519707],[-96.511948,75.455833],[-96.703613,75.423027],[-96.631104,75.393051],[-96.851097,75.350273],[-96.880547,75.379967],[-96.979446,75.386383],[-96.941383,75.407761],[-97.053047,75.492203],[-96.419159,75.588593],[-96.424438,75.635536],[-96.396393,75.649986],[-96.025436,75.602837]]],[[[-101.988602,75.934418],[-102.394203,75.880814],[-102.496902,75.795532],[-102.611702,75.767212],[-103.137802,75.742752],[-103.382797,75.765549],[-103.246902,75.797211],[-103.297798,75.809982],[-103.051399,75.83194],[-103.146698,75.854431],[-103.059402,75.896378],[-102.696098,75.94664],[-102.164703,75.99054],[-101.988602,75.934418]]],[[[-67.948608,60.561378],[-67.798607,60.4575],[-67.853333,60.375271],[-68.177223,60.24305],[-68.387222,60.240829],[-68.377777,60.310268],[-68.12944,60.570549],[-67.948608,60.561378]]],[[[-78.893066,76.11554],[-78.79805,76.08638],[-78.833893,76.052467],[-79.176941,75.946373],[-78.87944,75.844147],[-79.319458,75.873596],[-79.420273,75.848038],[-79.341377,75.824707],[-79.443878,75.791931],[-79.592773,75.817207],[-79.566963,75.845833],[-79.598053,75.861366],[-79.752228,75.878593],[-79.596947,75.902481],[-79.580002,75.945251],[-79.307503,76.013321],[-79.091377,76.114433],[-78.893066,76.11554]]],[[[-101.671898,77.893333],[-101.191399,77.830833],[-100.960602,77.759163],[-100.926399,77.743317],[-100.940598,77.726929],[-101.118301,77.714157],[-101.507004,77.724991],[-101.798897,77.676376],[-102.067802,77.682213],[-102.444397,77.731934],[-102.413597,77.753326],[-102.504501,77.779984],[-102.493896,77.81192],[-102.529701,77.834152],[-102.387802,77.884163],[-101.671898,77.893333]]],[[[-95.488892,69.565536],[-95.359734,69.509163],[-95.402496,69.383331],[-95.515839,69.330833],[-95.736938,69.324432],[-95.713058,69.344711],[-95.727783,69.378593],[-95.648354,69.40332],[-95.689987,69.464706],[-95.669159,69.507492],[-95.708054,69.548866],[-95.815826,69.562759],[-95.822777,69.514427],[-95.781113,69.463043],[-95.866943,69.383041],[-95.862213,69.348038],[-95.990829,69.353317],[-95.993057,69.388603],[-95.945831,69.413879],[-96.009743,69.483047],[-95.952499,69.510536],[-95.919998,69.595261],[-95.789436,69.634163],[-95.612213,69.614433],[-95.488892,69.565536]]],[[[-71.794724,71.05304],[-71.339722,70.991364],[-71.415558,70.907761],[-71.593613,70.90387],[-71.914436,70.848877],[-71.955566,70.818329],[-72.112213,70.811371],[-72.118057,70.85054],[-72.19194,70.877762],[-72.226387,70.930542],[-72.05777,70.933037],[-72.008621,71.049713],[-71.851669,71.07222],[-71.794724,71.05304]]],[[[-102.353302,76.073883],[-102.316399,76.036926],[-102.365799,76.005829],[-103.339401,75.908043],[-103.699699,75.887497],[-103.901901,75.898613],[-103.971703,75.938309],[-102.868301,76.06694],[-102.353302,76.073883]]],[[[-101.693901,68.768051],[-101.682503,68.661652],[-101.701698,68.637772],[-101.824699,68.649719],[-101.795303,68.623596],[-101.8311,68.56694],[-102.349403,68.683037],[-102.092499,68.748871],[-101.998299,68.823036],[-101.693901,68.768051]]],[[[-100.323601,68.996094],[-100.238899,68.924149],[-100.126404,68.905548],[-100.205002,68.846649],[-100.175598,68.794708],[-100.2211,68.799713],[-100.220802,68.764427],[-100.299202,68.773323],[-100.366898,68.710541],[-100.4869,68.753052],[-100.446701,68.774429],[-100.468903,68.797211],[-100.571999,68.75444],[-100.628098,68.766388],[-100.625801,68.912491],[-100.573601,68.936653],[-100.624199,68.996094],[-100.543602,69.036652],[-100.323601,68.996094]]],[[[-100.297203,76.721916],[-101.273903,76.560806],[-101.688301,76.58638],[-100.7164,76.756378],[-100.297203,76.721916]]],[[[-87.26561,70.113564],[-87.102783,70.120819],[-87.145279,70.142761],[-87.091377,70.150269],[-86.798889,70.087196],[-86.639717,70.116653],[-86.456673,70.007492],[-86.662216,69.967484],[-87.002228,70.014999],[-87.104172,69.987762],[-87.376938,70.093323],[-87.26561,70.113564]]],[[[-96.136398,69.546097],[-96.096123,69.468048],[-96.148064,69.421921],[-96.125816,69.393883],[-96.146667,69.345833],[-96.269997,69.370819],[-96.401108,69.453049],[-96.548889,69.474991],[-96.736656,69.57666],[-96.373611,69.560806],[-96.316391,69.526382],[-96.184433,69.567207],[-96.136398,69.546097]]],[[[-79.297234,52.09193],[-79.252792,52.071381],[-79.322243,52.031658],[-79.319733,51.96999],[-79.376663,51.9361],[-79.611656,51.91444],[-79.652786,51.981098],[-79.623322,52.025269],[-79.53833,52.023319],[-79.338333,52.110279],[-79.297234,52.09193]]],[[[-64.382767,62.525829],[-64.363892,62.495831],[-64.481667,62.481659],[-64.394173,62.46138],[-64.504997,62.443321],[-64.477219,62.408039],[-64.590561,62.36721],[-64.926666,62.418331],[-64.965843,62.465832],[-64.79306,62.491379],[-64.862213,62.520828],[-64.815552,62.559719],[-64.682503,62.53249],[-64.549728,62.536381],[-64.549728,62.56221],[-64.466949,62.544159],[-64.463333,62.51416],[-64.382767,62.525829]]],[[[-64.549438,63.895271],[-64.604172,63.838879],[-64.506119,63.838039],[-64.608612,63.783051],[-64.498337,63.7411],[-64.426102,63.777771],[-64.386124,63.70166],[-64.436394,63.673321],[-64.694717,63.784439],[-64.802223,63.764439],[-64.916397,63.806381],[-64.910278,63.837212],[-64.811661,63.877209],[-64.748047,63.828049],[-64.777222,63.86832],[-64.732224,63.86805],[-64.710564,63.908878],[-64.636948,63.914711],[-64.628601,63.881378],[-64.549438,63.895271]]],[[[-73.060547,71.294708],[-73.092773,71.308868],[-73.065552,71.324997],[-73.272507,71.361923],[-73.25473,71.415268],[-73.374161,71.485809],[-73.37999,71.519707],[-73.189987,71.565536],[-73.081123,71.542213],[-73.179718,71.450546],[-73.15834,71.41832],[-72.985283,71.521378],[-72.827499,71.454987],[-73.031113,71.406647],[-73.017227,71.342758],[-72.971939,71.31749],[-73.060547,71.294708]]],[[[-85.924438,79.053864],[-85.321404,79.053864],[-85.167221,79.020828],[-85.301392,78.975273],[-86.388062,78.883041],[-86.484444,78.892761],[-86.346123,78.939697],[-86.29277,79.012207],[-85.924438,79.053864]]],[[[-104.682503,68.573883],[-104.440598,68.476089],[-104.441399,68.417213],[-104.545303,68.396103],[-104.919197,68.459991],[-105.081703,68.546371],[-104.938599,68.583328],[-104.682503,68.573883]]],[[[-96.771942,73.181664],[-96.72583,73.159149],[-96.771118,73.113602],[-96.650284,73.139977],[-96.568619,73.062187],[-96.65834,72.954163],[-96.955276,72.920532],[-97.089722,72.981659],[-97.139717,73.051933],[-97.141113,73.085541],[-97.045547,73.147491],[-96.771942,73.181664]]],[[[-65.068069,61.923882],[-65.016403,61.851662],[-64.964722,61.889992],[-64.953888,61.820549],[-64.893341,61.82999],[-64.828888,61.75222],[-64.95195,61.722488],[-65.210564,61.81694],[-65.251953,61.869709],[-65.24527,61.914711],[-65.170273,61.947769],[-65.068069,61.923882]]],[[[-65.266403,64.693314],[-65.308884,64.660263],[-65.25,64.663597],[-65.213898,64.626083],[-65.428596,64.591087],[-65.363052,64.579987],[-65.397232,64.556374],[-65.539436,64.546944],[-65.460564,64.521103],[-65.689713,64.519989],[-65.660278,64.573883],[-65.449158,64.678864],[-65.414169,64.733597],[-65.380547,64.733871],[-65.401672,64.646103],[-65.296951,64.734154],[-65.266403,64.693314]]],[[[-100.461098,70.659988],[-100.1922,70.577209],[-100.3881,70.578873],[-100.296997,70.540817],[-100.224403,70.45665],[-100.676399,70.563309],[-100.661697,70.633041],[-100.702202,70.682747],[-100.461098,70.659988]]],[[[-78.795273,68.438583],[-78.97084,68.471367],[-78.943329,68.511932],[-78.723892,68.547493],[-78.66861,68.583328],[-78.898064,68.64888],[-78.720001,68.657211],[-78.460564,68.617203],[-78.482224,68.553307],[-78.668877,68.554153],[-78.724716,68.521927],[-78.610817,68.498032],[-78.795273,68.438583]]],[[[-94.481949,75.974426],[-94.420273,75.868591],[-94.287781,75.783867],[-94.353882,75.753883],[-94.777496,75.7686],[-94.825844,75.800812],[-94.829453,75.882751],[-94.906113,75.930817],[-94.523903,75.992477],[-94.481949,75.974426]]],[[[-78.226669,60.80888],[-78.397232,60.743881],[-78.656387,60.70277],[-78.698334,60.721661],[-78.573624,60.784161],[-78.223892,60.83083],[-78.226669,60.80888]]],[[[-73.669449,64.4272],[-73.577217,64.4422],[-73.611938,64.475273],[-73.577499,64.489433],[-73.681953,64.507492],[-73.67778,64.532211],[-73.509171,64.552467],[-73.529167,64.498596],[-73.488327,64.443863],[-73.549988,64.403053],[-73.547234,64.367477],[-73.515839,64.365257],[-73.579727,64.335823],[-73.557503,64.312759],[-73.655563,64.320267],[-73.669449,64.4272]]],[[[-101.053001,69.50444],[-100.970299,69.455551],[-101.063004,69.4561],[-101.099197,69.401932],[-101.194397,69.401932],[-101.230301,69.368591],[-101.279198,69.382477],[-101.231697,69.400818],[-101.245003,69.424988],[-101.300301,69.4422],[-101.228897,69.434708],[-101.186401,69.475273],[-101.387199,69.537773],[-101.349701,69.572487],[-101.261703,69.581673],[-101.243103,69.54248],[-101.1744,69.565811],[-101.053001,69.50444]]],[[[-74.480827,62.740269],[-74.374161,62.681381],[-74.015839,62.664989],[-73.958054,62.612499],[-74.169159,62.602219],[-74.541382,62.668331],[-74.651108,62.71777],[-74.480827,62.740269]]],[[[-74.340843,68.462486],[-74.26973,68.454712],[-74.074722,68.330833],[-74.149727,68.25],[-74.228882,68.250816],[-74.278343,68.294983],[-74.213333,68.319443],[-74.388611,68.398331],[-74.393066,68.445251],[-74.340843,68.462486]]],[[[-79.099442,68.348602],[-78.933319,68.35054],[-78.802223,68.272491],[-79.020554,68.169144],[-79.089722,68.170258],[-79.176941,68.209427],[-79.190552,68.27832],[-79.191101,68.319443],[-79.099442,68.348602]]],[[[-67.86972,69.700821],[-67.72139,69.644707],[-67.83168,69.601929],[-67.920273,69.521927],[-68.309998,69.59082],[-68.063889,69.669983],[-67.827217,69.655548],[-67.971123,69.689697],[-67.86972,69.700821]]],[[[-90.195267,69.416931],[-90.154716,69.350807],[-90.329453,69.235809],[-90.51001,69.334717],[-90.501106,69.372482],[-90.351097,69.424698],[-90.294159,69.433594],[-90.241943,69.389427],[-90.218887,69.401932],[-90.24527,69.4272],[-90.205276,69.445824],[-90.195267,69.416931]]],[[[-62.8946,67.059113],[-62.81028,67.056931],[-62.795559,67.099991],[-62.61972,67.135269],[-62.652222,67.166092],[-62.631939,67.176933],[-62.41806,67.190811],[-62.375271,67.165817],[-62.580002,67.102203],[-62.651661,67.046944],[-62.733608,67.04332],[-62.752499,67.010536],[-62.8946,67.059113]]],[[[-97.368057,74.622757],[-97.256958,74.590553],[-97.387512,74.506378],[-97.652786,74.455833],[-97.792503,74.485809],[-97.631378,74.538307],[-97.616943,74.574997],[-97.532227,74.606369],[-97.368057,74.622757]]],[[[-95.628601,74.640823],[-95.40361,74.603317],[-95.246384,74.521652],[-95.48056,74.5],[-95.845001,74.563873],[-95.628601,74.640823]]],[[[-66.32695,68.147491],[-66.628601,68.182213],[-66.662216,68.208878],[-66.551941,68.201927],[-66.5,68.2397],[-66.348892,68.228592],[-66.283333,68.268333],[-66.198608,68.267487],[-66.269173,68.210541],[-66.256668,68.163597],[-66.32695,68.147491]]],[[[-90.575562,69.198593],[-90.613327,69.207764],[-90.620003,69.251938],[-90.690826,69.227768],[-90.646393,69.259163],[-90.695831,69.277771],[-90.655273,69.304703],[-90.680557,69.311371],[-90.651947,69.350807],[-90.777222,69.272491],[-90.775833,69.329987],[-90.673317,69.373871],[-90.559433,69.347214],[-90.471939,69.281097],[-90.495003,69.241928],[-90.454453,69.226379],[-90.575562,69.198593]]],[[[-82.935547,66.251389],[-82.996384,66.198593],[-83.080292,66.19664],[-83.287216,66.256104],[-83.272232,66.305252],[-83.29834,66.313873],[-83.252228,66.344994],[-83.142227,66.309143],[-83.16806,66.283867],[-83.054993,66.25499],[-82.91333,66.276093],[-82.935547,66.251389]]],[[[-64.954727,63.553879],[-64.881378,63.486382],[-64.847778,63.387501],[-64.942207,63.43082],[-64.971657,63.494709],[-65.053047,63.548328],[-64.986938,63.51527],[-65.007507,63.556381],[-64.954727,63.553879]]],[[[-100.095596,69.117477],[-100.033302,69.094711],[-99.978882,69.013893],[-100.007004,68.939423],[-100.161697,68.96138],[-100.256699,69.026657],[-100.231903,69.087196],[-100.144203,69.140823],[-100.095596,69.117477]]],[[[-85.259743,77.586647],[-85.011124,77.573883],[-84.813889,77.497208],[-85.168327,77.45694],[-85.152786,77.507767],[-85.53833,77.539978],[-85.259743,77.586647]]],[[[-77.625,63.997768],[-77.753342,63.925549],[-77.982498,63.975552],[-77.943604,64.011108],[-77.774437,64.031662],[-77.55722,64.028053],[-77.625,63.997768]]],[[[-107.882797,67.462486],[-107.892799,67.383614],[-107.933899,67.361923],[-107.910797,67.310532],[-108.150803,67.406097],[-108.125298,67.422493],[-108.040802,67.386932],[-108.032501,67.407494],[-108.075302,67.419708],[-108.061096,67.4422],[-107.917801,67.489433],[-107.882797,67.462486]]],[[[-62.25861,65.728592],[-62.297501,65.708603],[-62.18639,65.711929],[-62.167782,65.702766],[-62.19944,65.685532],[-62.12833,65.674149],[-62.215,65.609993],[-62.272221,65.663307],[-62.331951,65.611923],[-62.313061,65.660538],[-62.46611,65.663879],[-62.441669,65.689148],[-62.48444,65.726929],[-62.444439,65.74498],[-62.37389,65.720261],[-62.32,65.74942],[-62.25861,65.728592]]],[[[-79.929993,59.8736],[-79.878883,59.85471],[-79.928047,59.811661],[-80.089722,59.751942],[-80.09111,59.808331],[-80.184158,59.747768],[-80.103058,59.84499],[-80.015007,59.884991],[-79.929993,59.8736]]],[[[-63.926392,67.633331],[-63.76083,67.515266],[-64.025284,67.510536],[-64.034439,67.558594],[-63.97694,67.649429],[-63.926392,67.633331]]],[[[-96.688316,72.883331],[-96.721657,72.829163],[-96.641388,72.782211],[-96.741379,72.72554],[-96.955276,72.734154],[-97.011124,72.775818],[-96.921387,72.795258],[-96.921387,72.835823],[-96.798607,72.881363],[-96.688316,72.883331]]],[[[-95.065277,80.680542],[-94.970551,80.635269],[-95.190277,80.608871],[-96.14917,80.664703],[-95.491379,80.699997],[-95.065277,80.680542]]],[[[-79.784157,56.94083],[-79.717499,56.81361],[-79.757507,56.78194],[-79.79306,56.789989],[-79.811111,56.89222],[-79.897507,56.884991],[-79.858612,56.938599],[-79.784157,56.94083]]],[[[-90.027458,68.753304],[-90.003014,68.807091],[-89.914436,68.853043],[-89.896118,68.829712],[-89.925552,68.804153],[-89.85611,68.822487],[-89.861656,68.79776],[-89.781677,68.766663],[-89.944443,68.662201],[-89.959167,68.6772],[-89.916397,68.704987],[-89.967216,68.694702],[-89.956947,68.724991],[-90.027458,68.753304]]],[[[-107.983299,67.644707],[-107.922203,67.540817],[-108.067497,67.539703],[-108.029999,67.498871],[-108.109398,67.471367],[-108.142799,67.541656],[-108.074203,67.557747],[-108.120003,67.575821],[-108.117798,67.669983],[-107.983299,67.644707]]],[[[-100.479698,75.545822],[-100.319702,75.59082],[-100.885597,75.545822],[-101.039398,75.567207],[-100.235001,75.623032],[-100.157799,75.584991],[-100.479698,75.545822]]],[[[-63.456108,67.264427],[-63.829731,67.284149],[-63.585831,67.353317],[-63.58889,67.305252],[-63.485001,67.341087],[-63.36916,67.302467],[-63.456108,67.264427]]],[[[-74.771942,68.673027],[-74.648354,68.652206],[-74.654167,68.607758],[-74.518341,68.558594],[-74.833893,68.569717],[-74.890289,68.624977],[-74.771942,68.673027]]],[[[-91.535278,69.726929],[-91.73555,69.789146],[-91.523621,69.824707],[-91.483322,69.871918],[-91.419449,69.879967],[-91.502228,69.813873],[-91.454178,69.784988],[-91.463333,69.763611],[-91.535278,69.726929]]],[[[-102.897499,78.26915],[-102.798599,78.250267],[-102.781403,78.204987],[-103.041702,78.122208],[-103.212799,78.120529],[-103.282204,78.157761],[-103.062798,78.258041],[-102.897499,78.26915]]],[[[-79.706673,57.58083],[-79.705002,57.50861],[-79.771118,57.51416],[-79.805557,57.418049],[-79.85556,57.479988],[-79.810547,57.48193],[-79.776672,57.530819],[-79.82695,57.538052],[-79.734161,57.618881],[-79.706673,57.58083]]],[[[-91.072243,77.253326],[-90.815002,77.240257],[-90.713623,77.200821],[-90.868332,77.138321],[-91.184723,77.163597],[-91.299156,77.217758],[-91.072243,77.253326]]],[[[-64.171944,63.63361],[-64.078339,63.550541],[-64.10556,63.532211],[-64.092499,63.481659],[-64.209167,63.575001],[-64.212784,63.6236],[-64.171944,63.63361]]],[[[-64.998894,64.354431],[-64.989166,64.317757],[-65.037514,64.290268],[-64.884743,64.287773],[-64.989166,64.209152],[-65.065552,64.227478],[-65.114723,64.329437],[-64.998894,64.354431]]],[[[-99.528877,76.72554],[-99.433884,76.694702],[-99.58168,76.670258],[-99.65834,76.680542],[-99.551941,76.709717],[-100.128601,76.721916],[-100.037804,76.751389],[-99.528877,76.72554]]],[[[-108.951103,67.973312],[-108.884499,67.948593],[-108.910599,67.924149],[-108.866096,67.900269],[-108.900597,67.869713],[-109.198898,67.972488],[-109.058601,67.951927],[-109.074203,67.974426],[-108.951103,67.973312]]],[[[-72.924713,71.649429],[-72.709167,71.655258],[-72.660553,71.598038],[-72.742493,71.534149],[-72.949997,71.547211],[-73.039993,71.579987],[-72.924713,71.649429]]],[[[-67.440552,69.588318],[-67.310547,69.549149],[-67.545273,69.525818],[-67.492493,69.495529],[-67.749733,69.521103],[-67.550278,69.565536],[-67.518341,69.600273],[-67.440552,69.588318]]],[[[-82.796112,69.805252],[-82.460281,69.761658],[-82.49472,69.752487],[-82.453056,69.720543],[-82.54277,69.704163],[-82.720001,69.733322],[-82.877777,69.774986],[-82.796112,69.805252]]],[[[-65.713623,61.824169],[-65.678596,61.746658],[-65.948036,61.790279],[-65.809433,61.863331],[-65.752228,61.850552],[-65.794724,61.84277],[-65.780563,61.825829],[-65.713623,61.824169]]],[[[-107.581703,67.196373],[-107.319504,67.098877],[-107.527802,67.078049],[-107.629204,67.183319],[-107.581703,67.196373]]],[[[-66.820847,66.388046],[-66.573624,66.310806],[-66.641953,66.279427],[-66.811661,66.316673],[-66.847778,66.342484],[-66.783073,66.339157],[-66.958618,66.406372],[-66.820847,66.388046]]],[[[-93.08667,61.829441],[-93.135834,61.87249],[-93.218887,61.879429],[-93.223618,61.913052],[-93.06221,61.93055],[-92.969452,61.888329],[-93.001678,61.84721],[-93.08667,61.829441]]],[[[-79.95195,53.348331],[-79.957497,53.31221],[-79.911942,53.29055],[-79.942757,53.266941],[-80.018066,53.265831],[-80.085281,53.326939],[-80.061394,53.355549],[-79.944717,53.36805],[-79.95195,53.348331]]],[[[-88.05278,78.445534],[-88.05722,78.407494],[-88.154449,78.36554],[-88.166397,78.308029],[-88.254997,78.247208],[-88.360001,78.237762],[-88.407501,78.264427],[-88.404449,78.298027],[-88.327217,78.336647],[-88.199722,78.354431],[-88.248047,78.373306],[-88.235283,78.426933],[-88.05278,78.445534]]],[[[-107.645302,73.570267],[-107.930603,73.539429],[-108.084999,73.585823],[-108.0075,73.618591],[-107.681099,73.621368],[-107.584702,73.603043],[-107.645302,73.570267]]],[[[-68.4189,68.810257],[-67.661392,68.701927],[-67.86972,68.698593],[-68.451401,68.783867],[-68.4189,68.810257]]],[[[-64.334091,63.852081],[-64.179993,63.865551],[-64.179169,63.8111],[-64.236938,63.79583],[-64.180832,63.785271],[-64.256958,63.774158],[-64.398354,63.845539],[-64.334091,63.852081]]],[[[-78.939987,72.435806],[-78.731667,72.369431],[-78.950287,72.334991],[-79.053047,72.360809],[-79.066673,72.420258],[-78.939987,72.435806]]],[[[-83.576683,69.780823],[-83.708618,69.75943],[-83.655838,69.732208],[-83.688599,69.719437],[-83.917221,69.778587],[-83.886948,69.818604],[-83.832497,69.825272],[-83.576683,69.780823]]],[[[-64.884743,62.594151],[-64.839447,62.57777],[-64.860817,62.561378],[-64.972778,62.52972],[-65.141678,62.54694],[-65.003067,62.598881],[-64.884743,62.594151]]],[[[-110.728302,68.484421],[-111.097504,68.477203],[-110.821701,68.548027],[-110.745796,68.526382],[-110.696098,68.486366],[-110.728302,68.484421]]],[[[-97.327499,69.931664],[-97.347229,69.896652],[-97.23056,69.883331],[-97.269173,69.852478],[-97.492767,69.917763],[-97.453613,69.963043],[-97.327499,69.931664]]],[[[-73.730827,64.386383],[-73.697769,64.269989],[-73.780838,64.283051],[-73.833618,64.331673],[-73.781387,64.405548],[-73.730827,64.386383]]],[[[-83.347778,65.832489],[-83.485283,65.800812],[-83.586121,65.854156],[-83.370003,65.866653],[-83.285278,65.838882],[-83.347778,65.832489]]],[[[-109.447197,68.092209],[-109.3153,68.035812],[-109.314201,67.985809],[-109.538902,68.047493],[-109.470001,68.045258],[-109.5047,68.088882],[-109.447197,68.092209]]],[[[-82.01001,68.332764],[-82.07251,68.30304],[-82.345551,68.367752],[-82.234734,68.354431],[-82.243057,68.383331],[-82.216949,68.384163],[-82.01001,68.332764]]],[[[-79.55249,72.451103],[-79.436394,72.41832],[-79.440552,72.370529],[-79.53389,72.3461],[-79.609444,72.366928],[-79.683319,72.430542],[-79.55249,72.451103]]],[[[-101.520302,69.197479],[-101.495003,69.160263],[-101.563599,69.099991],[-101.698303,69.095261],[-101.601402,69.151657],[-101.710297,69.169144],[-101.695297,69.20694],[-101.520302,69.197479]]],[[[-74.555557,78.776093],[-74.16362,78.716087],[-74.334167,78.675262],[-74.614166,78.702766],[-74.706673,78.737488],[-74.632217,78.777206],[-74.555557,78.776093]]],[[[-94.515007,78.278053],[-94.309158,78.179153],[-94.506119,78.17276],[-94.671112,78.240807],[-94.694153,78.258614],[-94.660828,78.27916],[-94.515007,78.278053]]],[[[-97.337784,67.7211],[-97.327217,67.681664],[-97.370537,67.657761],[-97.502792,67.62442],[-97.551392,67.642761],[-97.529716,67.676376],[-97.560547,67.692749],[-97.337784,67.7211]]],[[[-108.286102,67.533051],[-108.301697,67.491089],[-108.368301,67.467209],[-108.496399,67.524429],[-108.467499,67.540543],[-108.491402,67.563026],[-108.457802,67.568047],[-108.370003,67.543053],[-108.3358,67.565811],[-108.286102,67.533051]]],[[[-111.528603,68.290543],[-111.605301,68.281097],[-111.6717,68.224701],[-111.7789,68.241089],[-111.703903,68.299423],[-111.513603,68.311096],[-111.528603,68.290543]]],[[[-79.843887,56.85833],[-79.813606,56.81694],[-79.876663,56.747768],[-79.941101,56.763611],[-79.945831,56.833599],[-79.843887,56.85833]]],[[[-73.213333,71.698593],[-73.149986,71.674423],[-73.282784,71.637772],[-73.352493,71.55748],[-73.450562,71.584152],[-73.348343,71.658333],[-73.213333,71.698593]]],[[[-108.048599,67.949142],[-108.0914,67.880814],[-108.254204,67.881927],[-108.197998,67.950821],[-108.100601,67.974991],[-108.048599,67.949142]]],[[[-90,73.986359],[-90.285004,74.029709],[-90,74.065613],[-89.901947,74.037773],[-90,73.986359]]],[[[-62.23138,66.26944],[-62.14806,66.207764],[-62.43,66.229156],[-62.23138,66.26944]]],[[[-104.071404,77.161377],[-103.998901,77.123871],[-104.196701,77.077477],[-104.431702,77.098877],[-104.300797,77.155258],[-104.071404,77.161377]]],[[[-77.676102,77.8647],[-77.568619,77.849716],[-77.579178,77.818604],[-77.680557,77.792763],[-77.875267,77.774429],[-77.955002,77.830276],[-77.676102,77.8647]]],[[[-65.648354,68.168587],[-65.502792,68.151093],[-65.495537,68.128311],[-65.686943,68.095833],[-65.716949,68.175812],[-65.648354,68.168587]]],[[[-90.143578,68.967819],[-89.914169,69.006943],[-89.933609,68.950546],[-89.906662,68.922493],[-90.143578,68.967819]]],[[[-95.328613,71.842209],[-95.259743,71.827477],[-95.310547,71.737198],[-95.488327,71.740807],[-95.361107,71.790268],[-95.438889,71.790268],[-95.450287,71.818878],[-95.328613,71.842209]]],[[[-95.372223,77.238037],[-95.2164,77.20166],[-95.206947,77.177757],[-95.24527,77.164146],[-95.639999,77.237762],[-95.372223,77.238037]]],[[[-94.854446,76.136658],[-94.816101,76.101089],[-94.928596,76.051086],[-95.048889,76.050812],[-95.147232,76.116928],[-95.013062,76.10582],[-94.854446,76.136658]]],[[[-82.636398,69.871094],[-82.517227,69.854156],[-82.426102,69.786926],[-82.564438,69.800812],[-82.688599,69.850807],[-82.636398,69.871094]]],[[[-86.06723,72.293869],[-85.863892,72.297211],[-85.837219,72.262772],[-85.90834,72.217758],[-86.09639,72.276382],[-86.06723,72.293869]]],[[[-103.331902,75.871918],[-103.590797,75.8311],[-103.864403,75.871368],[-103.331902,75.871918]]],[[[-97.243057,77.037491],[-97.093063,77.00499],[-97.256393,76.967484],[-97.473053,76.980553],[-97.243057,77.037491]]],[[[-96.455841,75.817757],[-96.553596,75.738586],[-96.717216,75.7397],[-96.660828,75.789429],[-96.455841,75.817757]]],[[[-74.707779,72.207207],[-74.796661,72.168053],[-74.946953,72.173309],[-74.85083,72.217758],[-74.673889,72.23027],[-74.707779,72.207207]]],[[[-101.681702,78.227478],[-101.6036,78.187477],[-101.625801,78.148041],[-101.881897,78.162201],[-101.785301,78.18692],[-101.753304,78.227203],[-101.681702,78.227478]]],[[[-84.097504,76.506653],[-83.908051,76.464996],[-83.986107,76.423309],[-84.109444,76.444427],[-84.103607,76.484154],[-84.13945,76.507217],[-84.097504,76.506653]]],[[[-62.961109,67.054703],[-62.91222,67.014709],[-62.977779,67.006653],[-63.138889,67.059418],[-63.110561,67.080276],[-62.961109,67.054703]]],[[[-66.644447,81.562187],[-66.896667,81.587486],[-66.296661,81.584717],[-66.644447,81.562187]]],[[[-71.044159,71.142761],[-71.112503,71.089432],[-71.25473,71.073883],[-71.200562,71.125809],[-71.044159,71.142761]]],[[[-78.419449,82.899147],[-78.414719,82.941933],[-78.361656,82.958603],[-78.116943,82.9422],[-78.365829,82.883614],[-78.419449,82.899147]]],[[[-91.761673,81.548027],[-91.960564,81.594994],[-91.58223,81.578049],[-91.761673,81.548027]]]]}},{"type":"Feature","id":"CA-Northwest-Territories","properties":{"name":"Northwest Territories","country":"CA"},"geometry":{"type":"MultiPolygon","coordinates":[[[[-110.394402,78.752213],[-109.978409,78.671058],[-109.983902,78.325546],[-110.411903,78.277206],[-110.715599,78.29248],[-111.141403,78.386108],[-111.306396,78.371094],[-111.2397,78.323608],[-111.433601,78.323036],[-111.401901,78.283333],[-111.462502,78.267487],[-111.82,78.273613],[-111.918602,78.332764],[-112.1586,78.36998],[-113.142197,78.268333],[-113.334198,78.332764],[-113.226097,78.356644],[-113.218903,78.40387],[-112.6614,78.494141],[-112.238098,78.547211],[-111.752502,78.550537],[-111.455597,78.592758],[-111.378601,78.617752],[-111.4347,78.643333],[-111.1894,78.688583],[-110.738098,78.75444],[-110.394402,78.752213]]],[[[-109.987239,77.924049],[-110.2211,77.893883],[-110.895798,77.856087],[-110.886398,77.820831],[-110.658897,77.75972],[-110.105003,77.774986],[-110.079498,77.757492],[-110.113899,77.692749],[-110.040604,77.637497],[-110.162804,77.604713],[-110.080299,77.563599],[-110.224998,77.505257],[-110.877197,77.411377],[-111.276703,77.424698],[-112.057198,77.323318],[-112.413101,77.356087],[-112.507797,77.381363],[-112.601097,77.455261],[-112.790802,77.441093],[-112.957802,77.469437],[-113.011703,77.512772],[-113.197998,77.52388],[-113.240303,77.587196],[-113.089203,77.619141],[-113.252197,77.664703],[-113.206902,77.688873],[-113.229401,77.723602],[-113.1875,77.739433],[-113.319702,77.795532],[-113.209702,77.908867],[-112.996101,77.890549],[-112.914703,77.927467],[-112.4142,78.003052],[-111.932503,78.018333],[-111.807999,78.049423],[-111.730598,78.024147],[-111.0933,78.092484],[-110.861099,78.061653],[-110.550003,78.106087],[-109.985789,78.101103],[-109.987239,77.924049]]],[[[-110.008101,74.833102],[-110.065598,74.817757],[-110.345596,74.846939],[-110.410797,74.822487],[-110.318901,74.798027],[-110.665298,74.78804],[-110.596397,74.707764],[-111.6772,74.493317],[-112.541901,74.409416],[-113.471703,74.418907],[-113.696404,74.446091],[-114.298302,74.602768],[-114.443604,74.664146],[-114.394402,74.708328],[-113.709999,74.829712],[-113.207199,74.845261],[-113.322502,74.879967],[-112.8675,74.97554],[-112.014999,75.002487],[-111.753304,74.981659],[-111.551399,75.011383],[-111.4814,75.045822],[-111.5672,75.060257],[-111.306396,75.075272],[-111.290604,75.091087],[-111.351402,75.111649],[-111.266403,75.103043],[-111.029198,75.171097],[-111.068298,75.188583],[-111.001999,75.221367],[-110.920502,75.223602],[-111.0681,75.271927],[-111.230797,75.26416],[-111.391701,75.181091],[-111.608597,75.165543],[-111.577202,75.1436],[-111.695297,75.145828],[-111.760803,75.184708],[-111.900597,75.131927],[-112.409698,75.123596],[-112.470802,75.146378],[-112.412003,75.159012],[-112.294701,75.198029],[-112.387199,75.209427],[-112.339401,75.223602],[-112.408897,75.240807],[-112.461899,75.218872],[-112.432503,75.18692],[-112.592499,75.181664],[-112.637199,75.204987],[-112.594704,75.25],[-112.679199,75.277771],[-112.660599,75.266388],[-112.713097,75.256104],[-112.735802,75.203323],[-112.688599,75.171921],[-112.699997,75.138321],[-112.806999,75.115807],[-113.038902,75.093597],[-113.134201,75.14415],[-113.178001,75.09166],[-113.254501,75.076103],[-113.941399,75.056931],[-113.973099,75.096367],[-113.932503,75.141373],[-113.647499,75.184143],[-113.929398,75.173599],[-113.805801,75.32666],[-113.318901,75.417763],[-113.470596,75.431091],[-113.902199,75.37442],[-113.992203,75.448318],[-114.065002,75.466087],[-114.093903,75.410812],[-114.040604,75.362198],[-114.170799,75.226929],[-114.284698,75.234993],[-114.512802,75.314697],[-114.615303,75.274986],[-114.443001,75.257217],[-114.297203,75.179153],[-114.394997,75.090553],[-114.949203,74.969994],[-115.195297,74.989967],[-115.225304,75.064148],[-115.172798,75.107758],[-115.257004,75.179977],[-115.279198,75.140823],[-115.404198,75.098877],[-115.674202,75.138321],[-115.595299,75.117203],[-115.611397,75.098877],[-115.537498,75.027206],[-115.690598,74.964157],[-116.253899,75.058319],[-116.041702,75.122757],[-116.321098,75.103317],[-116.241096,75.168869],[-116.239197,75.201393],[-116.301399,75.203049],[-116.560501,75.179153],[-116.694199,75.116653],[-117.457802,75.188873],[-117.683899,75.253052],[-117.661903,75.298027],[-117.555603,75.310806],[-117.575302,75.33638],[-117.455299,75.400269],[-117.218903,75.476379],[-115.991402,75.485809],[-115.619698,75.578873],[-115.2686,75.595833],[-115.2883,75.620529],[-115.267799,75.635818],[-114.998001,75.695824],[-115.714401,75.642487],[-116.119202,75.572769],[-116.863098,75.564148],[-117.25,75.586113],[-117.016701,75.737198],[-116.816399,75.796371],[-116.037201,75.809708],[-115.749397,75.85498],[-115.594498,75.833328],[-114.980797,75.853043],[-114.798599,75.892212],[-116.106697,75.864151],[-116.649696,75.884987],[-116.724403,75.906372],[-116.7267,75.951393],[-116.461899,75.974991],[-116.525803,76.002213],[-116.499397,76.026657],[-116.705597,76.039146],[-116.641403,76.113312],[-116.516098,76.157761],[-116.163597,76.197197],[-114.790802,76.151077],[-114.680801,76.164993],[-115.282204,76.233871],[-115.827202,76.239433],[-115.9217,76.281097],[-115.850304,76.324158],[-115.909401,76.345543],[-115.499702,76.454712],[-115.0214,76.474701],[-114.899696,76.516937],[-114.702003,76.515266],[-114.751999,76.487762],[-114.4617,76.501663],[-114.118301,76.435257],[-114.106102,76.355553],[-114.177803,76.344711],[-113.983299,76.261383],[-114.0597,76.217758],[-113.983299,76.190262],[-113.323303,76.262772],[-112.999199,76.267487],[-112.892197,76.253883],[-112.838898,76.214996],[-112.425003,76.167763],[-112.528099,76.103867],[-112.4133,76.04248],[-112.043297,75.998871],[-111.727798,75.921654],[-112.074997,75.873871],[-112.225601,75.811096],[-111.452003,75.836647],[-111.474197,75.810806],[-111.592201,75.80748],[-111.439201,75.776382],[-111.451698,75.742203],[-111.355301,75.724426],[-111.4039,75.684708],[-111.3722,75.645264],[-111.407204,75.61499],[-111.3536,75.572487],[-111.292801,75.57193],[-111.318604,75.545258],[-111.2714,75.522491],[-110.495499,75.569153],[-110.389503,75.534149],[-110.00402,75.532769],[-110.008101,74.833102]]],[[[-110.001897,75.875843],[-110.055603,75.890549],[-110.001757,75.898089],[-110.001897,75.875843]]],[[[-109.999649,76.224774],[-110.201698,76.285538],[-110.372803,76.294434],[-110.329498,76.336647],[-110.377502,76.355553],[-110.383904,76.427467],[-109.997979,76.474992],[-109.999649,76.224774]]],[[[-117.431396,69.99498],[-117.251404,70.072769],[-117.010803,70.116928],[-115.908302,70.228867],[-114.543098,70.313309],[-114.2183,70.316093],[-113.683899,70.263046],[-113.333298,70.277206],[-112.564697,70.198318],[-112.517197,70.207489],[-112.577797,70.216087],[-112.543297,70.237488],[-112.391403,70.225273],[-112.3414,70.234993],[-112.378899,70.256653],[-112.138298,70.271378],[-112.283302,70.299988],[-111.926399,70.252213],[-111.442802,70.290268],[-111.583603,70.301086],[-111.489197,70.324997],[-111.536903,70.349426],[-111.980598,70.370819],[-112.169197,70.497208],[-112.408302,70.507492],[-112.445297,70.534149],[-112.528099,70.51416],[-112.709702,70.56749],[-112.848602,70.567757],[-112.882202,70.538589],[-113.091904,70.608871],[-113.185799,70.603592],[-113.206703,70.64415],[-113.511101,70.677757],[-113.591698,70.646103],[-113.938301,70.715271],[-114.171097,70.664703],[-114.408302,70.673599],[-114.641098,70.622482],[-115.399399,70.60498],[-115.5811,70.573036],[-115.699699,70.598602],[-116.055603,70.57222],[-116.211899,70.602768],[-116.171097,70.626923],[-116.363899,70.63916],[-116.9011,70.597214],[-117.338097,70.598877],[-117.376701,70.625526],[-117.543602,70.595261],[-117.724701,70.641373],[-117.741699,70.661377],[-117.709396,70.693863],[-117.735802,70.711647],[-118.112701,70.811462],[-118.3097,70.897217],[-118.415001,70.998032],[-117.849701,71.156937],[-116.842499,71.247208],[-116.800598,71.286102],[-116.2089,71.364151],[-116.077797,71.365807],[-116.148903,71.341087],[-115.760803,71.365807],[-115.7267,71.381363],[-115.790604,71.396378],[-116.220001,71.424423],[-115.740799,71.503601],[-115.750298,71.481087],[-115.620796,71.498596],[-115.378304,71.449707],[-115.057503,71.523041],[-115.442802,71.488037],[-115.558601,71.508331],[-115.455803,71.532494],[-115.706398,71.555817],[-117.377197,71.382751],[-117.416702,71.391373],[-117.378304,71.454163],[-117.471397,71.454712],[-117.4478,71.473877],[-117.562798,71.49971],[-117.633301,71.461929],[-117.483299,71.43248],[-117.539398,71.372757],[-117.720299,71.400818],[-117.776901,71.368591],[-118.112198,71.373596],[-118.2836,71.404709],[-118.3153,71.439697],[-118.290001,71.481659],[-118.054398,71.543053],[-117.766403,71.522774],[-117.8358,71.554703],[-117.6558,71.57193],[-117.887199,71.614151],[-117.957199,71.598602],[-117.967499,71.626373],[-117.700798,71.671371],[-118.027802,71.671654],[-118.172798,71.628036],[-118.176697,71.596367],[-118.411697,71.57666],[-118.386101,71.619713],[-118.566399,71.662773],[-118.855598,71.662491],[-118.9039,71.6147],[-118.880501,71.577209],[-119.050301,71.626648],[-119.134499,71.765266],[-119.087502,71.908333],[-118.929199,72.000549],[-118.724998,72.06192],[-118.717499,72.116928],[-118.5886,72.176086],[-118.112801,72.231934],[-118.145302,72.326927],[-118.491096,72.353043],[-118.5886,72.416656],[-118.536903,72.493874],[-118.191299,72.628662],[-117.868896,72.699997],[-117.3536,72.916382],[-116.941399,72.956383],[-116.574203,73.054153],[-114.561699,73.375526],[-114.226097,73.318329],[-114.016701,73.206383],[-113.953903,73.125526],[-114.051399,72.959991],[-114.017197,72.925812],[-114.052803,72.872208],[-113.969498,72.813026],[-114.224197,72.794983],[-114.351402,72.747482],[-114.327797,72.688873],[-114.248596,72.688583],[-114.604698,72.601646],[-114.5522,72.585541],[-114.558296,72.560806],[-114.351402,72.55748],[-114.319199,72.589706],[-114.062798,72.640266],[-113.893097,72.660263],[-113.806702,72.63916],[-113.516098,72.701927],[-113.729202,72.61554],[-113.699699,72.604156],[-113.442802,72.672211],[-113.4133,72.734711],[-113.597504,72.754173],[-113.5989,72.782761],[-113.302803,72.948868],[-113.007004,73.008881],[-112.514999,72.951103],[-112.3619,72.904709],[-112.061699,72.889427],[-111.2258,72.722763],[-111.202499,72.670532],[-111.276901,72.56749],[-111.489197,72.50499],[-111.436699,72.488586],[-111.560501,72.429153],[-111.905602,72.349716],[-111.812798,72.323036],[-111.643097,72.348038],[-111.651703,72.319153],[-111.726097,72.300537],[-111.713898,72.274429],[-111.786102,72.222763],[-111.763298,72.198593],[-111.653297,72.29332],[-111.4244,72.337196],[-111.578102,72.339157],[-111.609398,72.367203],[-111.350304,72.453323],[-111.2286,72.465553],[-111.202499,72.460274],[-111.243896,72.434563],[-111.371696,72.403587],[-111.2808,72.397774],[-111.364403,72.342484],[-111.241898,72.365257],[-111.033096,72.281937],[-111.0914,72.401932],[-110.987801,72.434418],[-110.993103,72.476379],[-110.796997,72.472763],[-110.827797,72.525818],[-110.701401,72.575546],[-110.478897,72.5522],[-110.601898,72.493317],[-110.350601,72.42804],[-110.311897,72.434708],[-110.530602,72.502487],[-110.384201,72.555542],[-110.050598,72.433868],[-110.019917,72.442051],[-110.029392,69.995491],[-112.48507,69.993691],[-112.477477,69.892389],[-112.614279,69.896203],[-112.657705,69.834517],[-112.862425,69.840022],[-112.887108,69.991098],[-117.085008,69.999148],[-117.118097,69.891887],[-116.513568,69.634805],[-116.859908,69.637114],[-116.847504,69.648613],[-117.247498,69.756943],[-117.431396,69.99498]]],[[[-110.019692,72.493611],[-110.255798,72.556931],[-110.104202,72.557747],[-110.019536,72.529154],[-110.019692,72.493611]]],[[[-110.01912,72.623398],[-110.2911,72.671097],[-110.178299,72.680817],[-110.212799,72.711647],[-110.188301,72.726089],[-110.078102,72.727074],[-110.018727,72.7117],[-110.01912,72.623398]]],[[[-110.018556,72.749766],[-110.073601,72.755829],[-110.266098,72.734993],[-110.171402,72.774986],[-110.2117,72.818329],[-110.535599,72.847214],[-110.756699,72.971367],[-110.708298,73.002487],[-110.511398,73.015266],[-110.017534,72.974877],[-110.018556,72.749766]]],[[[-102.001701,59.99992],[-104.270699,59.9995],[-104.7099,59.999771],[-105.5411,60],[-105.859001,59.99968],[-106.044403,59.999592],[-106.255997,59.999771],[-107.113602,59.994709],[-110.0009,59.995281],[-119.982903,59.988522],[-123.816902,59.994709],[-123.8769,60.04166],[-124.029198,60.023048],[-123.974197,60.098049],[-124.195297,60.32888],[-124.206398,60.457211],[-124.418297,60.47916],[-124.459396,60.569721],[-124.614197,60.668598],[-124.619202,60.709721],[-124.476898,60.79055],[-124.578903,60.953049],[-124.813004,60.972488],[-124.8778,60.91721],[-124.871696,60.858051],[-125,60.860519],[-125.184196,60.848881],[-125.370003,60.782558],[-125.711998,60.827259],[-125.887199,60.896938],[-125.957001,60.877239],[-126.009201,60.80341],[-126.107201,60.817009],[-126.113602,60.862808],[-126.202202,60.863651],[-126.244698,60.850868],[-126.217499,60.819771],[-126.253601,60.78867],[-126.394501,60.77668],[-126.520302,60.814411],[-126.672203,60.743469],[-126.753304,60.782211],[-126.826103,60.755001],[-126.886902,60.78249],[-126.8797,60.82999],[-126.925301,60.862209],[-126.898903,60.941662],[-126.9394,61.002491],[-126.935303,61.059158],[-127.055801,61.039989],[-127.101898,61.070831],[-127.0131,61.12804],[-127.031403,61.150539],[-127.007004,61.18499],[-127.059402,61.363049],[-127.125,61.4011],[-127.141701,61.46666],[-127.2883,61.519161],[-127.550301,61.511379],[-127.972801,61.688599],[-128.006104,61.732491],[-128.080597,61.849159],[-128.196701,61.844151],[-128.279205,61.948879],[-128.388107,61.993881],[-128.375305,62.02721],[-128.546997,62.122219],[-128.677505,62.125271],[-128.765305,62.058331],[-128.984207,62.136108],[-129.122803,62.116661],[-129.2939,62.156101],[-129.199203,62.21693],[-129.282196,62.267208],[-129.310501,62.326389],[-129.215805,62.377491],[-129.308304,62.421379],[-129.172195,62.481659],[-129.417801,62.584991],[-129.567795,62.57444],[-129.487793,62.618881],[-129.523895,62.64333],[-129.516998,62.672489],[-129.625305,62.70499],[-129.630798,62.76083],[-129.773895,62.874439],[-129.702499,62.89222],[-129.726105,62.91415],[-129.705795,62.952221],[-129.598907,63.051929],[-129.637207,63.08028],[-129.847198,63.086941],[-129.835297,63.114719],[-129.900299,63.197208],[-129.978607,63.203609],[-130.044495,63.269989],[-130.151093,63.265831],[-130.138306,63.310268],[-130.073593,63.33696],[-129.919205,63.372761],[-129.897202,63.452221],[-129.819504,63.48333],[-129.898102,63.57222],[-129.957993,63.58527],[-129.948593,63.613609],[-130.093002,63.63055],[-130.110794,63.66444],[-130.082504,63.68832],[-130.109695,63.703609],[-130.251999,63.66666],[-130.321106,63.69582],[-130.282501,63.73777],[-130.103897,63.76416],[-130.119705,63.808041],[-130.3703,63.84388],[-130.522202,63.93499],[-130.5811,63.92416],[-130.7556,63.986938],[-130.778595,64.009163],[-130.751404,64.046097],[-130.863907,64.043053],[-130.853607,64.072487],[-130.9478,64.137207],[-130.867203,64.187759],[-130.937195,64.209991],[-130.979706,64.265549],[-131.060501,64.279427],[-131.001999,64.330276],[-131.141693,64.424423],[-131.388596,64.467209],[-131.427505,64.416382],[-131.593002,64.368591],[-131.8181,64.378311],[-131.803894,64.438026],[-131.687805,64.498596],[-131.702805,64.535538],[-131.915802,64.582489],[-132.046402,64.695534],[-132.163605,64.70166],[-132.368896,64.77832],[-132.570602,64.772491],[-132.622498,64.826927],[-132.487503,64.870819],[-132.507507,64.964432],[-132.333298,65.034714],[-132.381699,65.084991],[-132.539993,65.093872],[-132.556107,65.118042],[-132.527496,65.162773],[-132.576401,65.190536],[-132.701904,65.15387],[-132.787796,65.187759],[-132.714203,65.199417],[-132.780594,65.229713],[-132.555298,65.2836],[-132.521393,65.363037],[-132.327805,65.434708],[-132.273605,65.546944],[-132.174194,65.59137],[-132.286102,65.71582],[-132.573303,65.848602],[-132.525803,65.897774],[-132.334396,65.94664],[-132.342804,65.981934],[-132.5103,65.978867],[-132.542496,66.021378],[-132.605804,66.031662],[-132.869003,65.910477],[-132.993896,65.923027],[-132.908401,65.996933],[-132.939697,66.02887],[-133.147507,66.024696],[-133.407501,65.943863],[-133.629395,65.974426],[-133.603302,66.051651],[-133.704697,66.07193],[-133.673096,66.116928],[-133.563904,66.155823],[-133.570007,66.27832],[-133.824707,66.316673],[-133.768097,66.373032],[-133.750305,66.447746],[-133.629395,66.445251],[-133.690308,66.531937],[-133.5867,66.564697],[-133.771896,66.64415],[-133.757202,66.685257],[-133.840302,66.727768],[-133.763901,66.806931],[-133.908096,66.908867],[-134.092499,66.955261],[-134.046097,66.984421],[-133.8311,67.003326],[-136.164505,67.003601],[-136.222198,67.064148],[-136.198898,67.143333],[-136.236404,67.173866],[-136.134506,67.226379],[-136.0914,67.302467],[-136.142807,67.359421],[-136.116394,67.382751],[-136.205307,67.406937],[-136.157806,67.507767],[-136.241104,67.620529],[-136.421097,67.655258],[-136.445007,67.715553],[-136.446106,68.873032],[-136.419998,68.90052],[-136.027802,68.873032],[-135.799194,68.822487],[-135.725296,68.772491],[-135.519699,68.745819],[-135.399399,68.670258],[-135.286407,68.684143],[-135.160004,68.657211],[-135.506104,68.832489],[-135.337997,68.834991],[-135.623596,68.886108],[-135.241699,68.926933],[-135.172501,68.886383],[-134.977493,68.878311],[-134.845596,68.929428],[-134.669495,68.873306],[-134.626099,68.808319],[-134.5,68.756943],[-134.446396,68.700272],[-134.219498,68.692513],[-134.287506,68.753601],[-134.406403,68.801086],[-134.629196,69.008881],[-134.537506,69.093872],[-134.338898,69.106369],[-134.1539,69.258881],[-133.905594,69.287491],[-133.859695,69.337486],[-133.688904,69.336929],[-133.661102,69.348602],[-133.691101,69.359154],[-133.670303,69.386658],[-133.550598,69.405823],[-133.217499,69.396378],[-133.046707,69.433319],[-133.052505,69.466087],[-132.966095,69.511658],[-132.951904,69.569153],[-132.988602,69.595261],[-132.893906,69.65387],[-132.417496,69.635536],[-132.333603,69.68248],[-132.449402,69.654427],[-132.423294,69.683319],[-132.441101,69.702477],[-132.622498,69.679703],[-132.540604,69.740807],[-132.259201,69.772491],[-132.480804,69.732208],[-132.303101,69.733597],[-132.310303,69.710541],[-132.133896,69.686653],[-132.107193,69.723602],[-131.845306,69.765266],[-131.645004,69.86499],[-131.418594,69.901932],[-131.4478,69.918587],[-131.410294,69.957207],[-131.237198,69.9272],[-131.201401,69.883881],[-131.220596,69.843048],[-131.184998,69.824158],[-131.152496,69.854156],[-131.185501,69.863312],[-131.170303,69.881927],[-131.080597,69.884987],[-131.0047,70.003883],[-130.930603,70.021378],[-131.019501,70.027771],[-130.892197,70.099152],[-130.897507,70.065811],[-130.713593,70.125526],[-130.748306,70.08194],[-130.720596,70.076103],[-130.657501,70.096939],[-130.656998,70.134163],[-130.472198,70.173866],[-130.522202,70.158867],[-130.535599,70.107483],[-130.477203,70.110527],[-130.504196,70.13443],[-130.411407,70.131927],[-130.386703,70.165543],[-130.324997,70.134163],[-130.331696,70.105263],[-130.285294,70.101646],[-130.336105,70.083054],[-130.279495,70.082657],[-130.170807,70.105263],[-130.195297,70.062759],[-130.168594,70.053307],[-130.104996,70.109711],[-130.074707,70.106369],[-130.082794,70.073883],[-129.951096,70.099426],[-129.990295,70.068878],[-129.8936,70.077766],[-129.854996,70.10054],[-129.853302,70.149147],[-129.7883,70.177757],[-129.832504,70.195534],[-129.730804,70.218597],[-129.740005,70.248032],[-129.673096,70.266937],[-129.591904,70.188583],[-129.629395,70.160812],[-129.459198,70.147491],[-129.502808,70.115257],[-129.473297,70.092758],[-129.404694,70.123032],[-129.459396,70.053307],[-129.553604,70.042763],[-129.497498,70.020538],[-130.521896,69.782494],[-130.578293,69.708038],[-130.780304,69.676933],[-130.844101,69.599716],[-130.928604,69.563309],[-131.039703,69.601646],[-131.039993,69.640823],[-131.331696,69.603317],[-131.332794,69.574707],[-131.645599,69.577209],[-131.667801,69.571663],[-131.657196,69.531662],[-131.755905,69.56694],[-132.006393,69.527206],[-132.080002,69.48082],[-132.042496,69.448868],[-132.098907,69.451103],[-132.094101,69.418053],[-132.141693,69.412773],[-132.097504,69.396057],[-132.094696,69.362762],[-132.339401,69.311096],[-132.315796,69.247757],[-132.381393,69.305252],[-132.435806,69.298599],[-132.434204,69.250267],[-132.483902,69.236366],[-132.495499,69.159416],[-132.513306,69.263046],[-132.545593,69.283333],[-132.717804,69.266388],[-132.837997,69.217209],[-132.8228,69.1922],[-132.907196,69.12442],[-132.829697,69.106934],[-132.901901,69.071663],[-132.888306,68.979713],[-132.922806,68.985809],[-132.946106,69.037491],[-132.919205,69.074997],[-133.016693,69.044983],[-133.098602,69.06694],[-133.200806,69.032494],[-133.198898,68.977203],[-133.251099,68.963608],[-133.210495,68.944138],[-133.233597,68.9086],[-133.334702,68.866089],[-133.399399,68.881363],[-133.3694,68.910538],[-133.466095,68.888321],[-133.425598,68.857483],[-133.484695,68.850273],[-133.463898,68.79332],[-133.054199,68.69136],[-132.918304,68.690262],[-132.933594,68.709717],[-133.152496,68.720833],[-133.266098,68.77887],[-133.139694,68.766937],[-133.251999,68.797981],[-133.335495,68.789703],[-133.380295,68.844711],[-133.237793,68.861099],[-133.121902,68.805817],[-132.938004,68.795822],[-132.962204,68.8461],[-132.936707,68.85498],[-132.707199,68.786652],[-132.733307,68.830833],[-132.491898,68.801086],[-132.422699,68.835831],[-132.397003,68.8647],[-132.553299,68.916092],[-132.492493,68.877197],[-132.598602,68.89415],[-132.665298,68.841927],[-132.787201,68.847488],[-132.705002,68.880814],[-132.833298,68.923599],[-132.675797,68.926651],[-132.855804,68.984421],[-132.867996,69.026932],[-132.827194,69.040268],[-132.865494,69.068329],[-132.496094,69.132202],[-132.425003,69.233597],[-132.404205,69.216377],[-132.423904,69.150269],[-132.467499,69.107208],[-132.384995,69.13916],[-132.320602,69.233871],[-132.291702,69.203873],[-132.342194,69.188873],[-132.289993,69.1772],[-132.197006,69.212196],[-132.237198,69.161102],[-132.222504,69.141663],[-132.163605,69.24054],[-132.076096,69.226089],[-131.953293,69.260269],[-131.9095,69.309708],[-131.876907,69.310806],[-131.913895,69.280823],[-131.865005,69.283051],[-131.714401,69.397774],[-131.849701,69.369141],[-131.887497,69.405258],[-131.970001,69.406372],[-131.846603,69.426086],[-131.645798,69.421654],[-131.679993,69.451927],[-131.652206,69.471916],[-131.416107,69.435532],[-131.486099,69.402206],[-131.480804,69.358597],[-131.525803,69.329437],[-131.412796,69.366653],[-131.405594,69.41832],[-131.358307,69.419983],[-131.370804,69.454437],[-131.330795,69.442467],[-131.321899,69.493317],[-131.241898,69.406372],[-131.274704,69.49498],[-131.245804,69.498322],[-131.212997,69.387497],[-131.414505,69.296944],[-131.160599,69.388603],[-131.1642,69.495529],[-131.247803,69.583054],[-131.113602,69.513321],[-131.128296,69.361923],[-131.062195,69.510269],[-131.196106,69.589981],[-131.093597,69.609421],[-131.104401,69.571663],[-131.027802,69.463882],[-131.116394,69.322487],[-131.030899,69.371918],[-130.962997,69.472214],[-130.990295,69.539429],[-130.946396,69.539146],[-130.932495,69.419144],[-131.047806,69.336113],[-131.016998,69.30748],[-130.935501,69.388321],[-130.897797,69.385818],[-130.906403,69.328873],[-130.9991,69.268333],[-130.989197,69.236649],[-131.024704,69.209717],[-131.014206,69.136932],[-130.922806,69.135269],[-130.956696,69.161926],[-130.941696,69.270538],[-130.794495,69.346367],[-130.813004,69.3797],[-130.660294,69.429428],[-130.652802,69.457764],[-130.748306,69.453598],[-130.443893,69.582489],[-130.452194,69.613312],[-130.333893,69.681374],[-130.365295,69.694427],[-129.602203,69.818878],[-129.099396,69.858871],[-128.9319,69.971649],[-128.900299,69.971878],[-128.854706,69.954712],[-128.898895,69.962769],[-128.8983,69.914429],[-128.9561,69.889709],[-128.934402,69.844147],[-129.169495,69.824707],[-129.1297,69.74942],[-129.149994,69.695534],[-128.977493,69.674698],[-128.921402,69.687187],[-128.970795,69.711113],[-128.961395,69.732758],[-128.795807,69.756943],[-128.587997,69.872208],[-128.324203,69.948318],[-128.308594,70.008041],[-128.369705,70.095833],[-128.343002,70.116928],[-128.109207,70.182213],[-127.514999,70.221649],[-128.028397,70.286377],[-128.112198,70.359711],[-127.959999,70.347488],[-127.915604,70.396652],[-128.192795,70.386932],[-128.135803,70.523041],[-127.996696,70.590553],[-127.463097,70.409149],[-127.173599,70.272217],[-126.893303,70.008881],[-126.7742,69.974426],[-126.795303,69.943863],[-126.765602,69.928307],[-126.811897,69.905258],[-126.705803,69.766098],[-126.255798,69.526657],[-125.910599,69.405548],[-125.6689,69.389969],[-125.426399,69.31218],[-125.365501,69.342468],[-125.457802,69.384407],[-125.456902,69.410248],[-125.165298,69.381638],[-125.1119,69.415817],[-125.135803,69.439133],[-125.089401,69.449707],[-125.266403,69.442177],[-125.295303,69.47081],[-125.622498,69.418587],[-125.578102,69.471649],[-125.498596,69.474693],[-125.511101,69.491928],[-125.464699,69.512207],[-125.313301,69.497742],[-125.324203,69.523857],[-125.118103,69.485786],[-125.292801,69.549133],[-125.225304,69.586639],[-125.437202,69.608871],[-125.372803,69.6147],[-125.413597,69.638321],[-125.365501,69.690262],[-125.241096,69.686371],[-125.016998,69.740517],[-124.967499,69.726929],[-124.925003,69.644707],[-124.861702,69.688583],[-124.871101,69.713882],[-124.821999,69.714996],[-124.897499,69.750549],[-125.241402,69.760246],[-125.276398,69.808243],[-125.184402,69.855797],[-125.165001,69.795502],[-125.058601,69.789688],[-125.0214,69.864967],[-124.893303,69.940262],[-124.629997,69.979431],[-124.684196,70.01915],[-124.764503,69.970833],[-124.852501,69.986099],[-124.795303,70.008881],[-124.976402,70.007217],[-125.121101,69.967506],[-125.111397,69.94194],[-125.206703,69.933228],[-125.188301,70.009033],[-125,70.079987],[-124.986702,70.041656],[-125.047997,70.023041],[-125,70.018646],[-124.863297,70.027206],[-124.956902,70.032211],[-124.834198,70.068047],[-124.645302,70.07193],[-124.584702,70.011932],[-124.5336,70.01944],[-124.556702,70.036377],[-124.526398,70.053589],[-124.436096,70.036377],[-124.418098,70.046371],[-124.449402,70.080276],[-124.577797,70.0811],[-124.519997,70.103867],[-124.735802,70.089432],[-124.6847,70.108322],[-124.752502,70.121643],[-124.680298,70.149719],[-124.385803,70.144707],[-124.446098,70.108871],[-124.361397,70.073608],[-124.376701,70.023323],[-124.488899,70.016098],[-124.417801,69.989433],[-124.537804,69.963882],[-124.438599,69.952766],[-124.441902,69.920258],[-124.5056,69.903053],[-124.403297,69.857758],[-124.501701,69.784416],[-124.479401,69.755547],[-124.500603,69.725807],[-124.294998,69.695251],[-124.201401,69.729431],[-124.069702,69.723602],[-124.035301,69.678864],[-124.203598,69.619713],[-124.240501,69.550262],[-124.419998,69.470261],[-124.414398,69.412773],[-124.518898,69.40416],[-124.446701,69.367203],[-124.263603,69.348602],[-124.095299,69.35498],[-124.053001,69.386932],[-124.006104,69.344711],[-124.016403,69.37915],[-123.984703,69.404984],[-123.889503,69.365257],[-123.817001,69.388893],[-123.68,69.353317],[-123.477798,69.381088],[-123.380798,69.410538],[-123.450798,69.44693],[-123.400002,69.490257],[-123.168602,69.495247],[-123.126701,69.571114],[-123.162201,69.618591],[-123.096397,69.670532],[-123.108902,69.747757],[-123.152199,69.768051],[-122.959198,69.833603],[-122.807999,69.793587],[-122.754997,69.799149],[-122.741898,69.830276],[-122.202797,69.794983],[-121.930603,69.814423],[-121.443001,69.765549],[-120.881104,69.638893],[-120.66524,69.551327],[-120.664292,69.542782],[-120.658461,68.001268],[-112.498556,65.506191],[-110.651709,65.499518],[-109.387397,64.826919],[-101.984001,64.21341],[-102.001701,59.99992]]],[[[-119.744797,74.025513],[-119.750603,74.09137],[-119.611397,74.128593],[-119.465302,74.2211],[-119.121101,74.199707],[-119.090797,74.150818],[-119.131104,74.126083],[-119.0653,74.103317],[-119.147202,74.062187],[-119.187202,73.994141],[-119.167503,73.987198],[-119.073898,74.015266],[-118.973099,74.000267],[-118.790298,74.107758],[-118.881104,74.17804],[-118.673897,74.219994],[-118.101898,74.276382],[-117.438599,74.229431],[-116.785004,74.059708],[-115.894402,73.718597],[-115.614197,73.668053],[-115.366898,73.545822],[-115.323097,73.474426],[-115.834702,73.339981],[-116.4561,73.257492],[-117.244202,73.054703],[-117.466103,73.036377],[-118.366096,72.824432],[-118.496101,72.763611],[-118.753098,72.736923],[-119.137497,72.632477],[-119.183601,72.595543],[-119.170799,72.542763],[-119.309402,72.438873],[-119.332497,72.387207],[-119.311096,72.352203],[-119.801399,72.221367],[-120.029198,72.219147],[-120.1847,72.232758],[-120.139999,72.267761],[-120.251099,72.258614],[-120.258598,72.234154],[-120.180298,72.203873],[-120.144997,72.1436],[-120.194199,72.078323],[-120.449203,71.94693],[-120.379204,71.883881],[-120.426399,71.744431],[-120.3769,71.688026],[-120.543297,71.516663],[-120.877197,71.44136],[-121.429199,71.378311],[-121.603104,71.399429],[-121.531998,71.417763],[-121.569702,71.45166],[-121.743896,71.453323],[-122.121696,71.267212],[-122.605003,71.174988],[-122.781097,71.086113],[-123.095001,71.079987],[-123.223297,71.114151],[-123.403297,71.211929],[-123.665802,71.496368],[-123.801697,71.535538],[-123.948898,71.658333],[-125.236397,71.94191],[-124.953903,71.938026],[-124.939697,71.95694],[-125,71.970657],[-125.761398,71.950821],[-125.997803,71.973602],[-125.7789,71.986366],[-125.715302,72.090271],[-125.7883,72.118317],[-125.566399,72.178864],[-125.660004,72.19136],[-125.6567,72.251083],[-125.501701,72.266373],[-125.478302,72.299133],[-125.532204,72.30191],[-125.391998,72.396637],[-125.436699,72.409126],[-125.343597,72.414978],[-125.358597,72.447189],[-125.300598,72.483307],[-125,72.560463],[-124.947998,72.570541],[-124.968903,72.60498],[-125.098099,72.630814],[-124.940598,72.702477],[-125.0186,72.702759],[-124.971901,72.755829],[-125.0261,72.821091],[-125.114403,72.861649],[-124.943001,72.854156],[-124.4758,72.9272],[-124.522499,72.952766],[-124.4972,72.977203],[-124.624702,73.020538],[-124.726097,73.006653],[-124.868896,73.080551],[-124.785004,73.138893],[-124.644699,73.156372],[-124.668098,73.192749],[-124.482498,73.346649],[-124.4039,73.371918],[-124.433098,73.421371],[-124.068604,73.535812],[-124.038902,73.586929],[-124.078598,73.622757],[-124.067802,73.654709],[-123.8442,73.696091],[-123.838303,73.743874],[-123.774696,73.764427],[-123.847801,73.825272],[-124.217499,73.872757],[-124.195801,73.916382],[-124.352501,73.976379],[-124.381104,74.037773],[-124.462502,74.069717],[-124.469704,74.101089],[-124.426697,74.109711],[-124.535301,74.20665],[-124.516403,74.25],[-124.693001,74.26944],[-124.604202,74.312477],[-124.762497,74.315536],[-124.770798,74.340271],[-123.253899,74.444138],[-122.337502,74.4711],[-121.5186,74.548866],[-121.150803,74.509987],[-121.002197,74.467758],[-120.971703,74.418053],[-120.217201,74.282494],[-119.525002,74.229713],[-119.6633,74.223877],[-119.651398,74.181664],[-119.824203,74.094711],[-119.827202,74.059143],[-119.744797,74.025513]]],[[[-116.144997,77.023323],[-115.7314,76.949707],[-115.903297,76.893883],[-116.365303,76.926376],[-116.183601,76.845833],[-116.000298,76.811371],[-115.996696,76.770828],[-115.896698,76.69165],[-116.011101,76.676376],[-116.093102,76.619141],[-116.322502,76.5811],[-117.040001,76.537491],[-117.076401,76.508881],[-116.983597,76.454987],[-117.002502,76.431931],[-116.940804,76.386932],[-116.938599,76.346367],[-117.319702,76.257767],[-117.603104,76.27388],[-117.657799,76.29332],[-117.655296,76.31749],[-117.813599,76.318329],[-118.059998,76.409149],[-118.0289,76.424149],[-118.044998,76.447197],[-117.990799,76.462486],[-118.020599,76.492752],[-117.904198,76.52832],[-117.953903,76.562759],[-117.908096,76.578598],[-117.973297,76.596367],[-117.900002,76.636658],[-117.919197,76.688026],[-117.734398,76.77832],[-117.798897,76.817757],[-117.8881,76.818878],[-118.029701,76.758614],[-118.337502,76.768333],[-118.300301,76.73526],[-118.312202,76.705261],[-118.495003,76.712196],[-118.458603,76.6922],[-118.474701,76.679703],[-118.3414,76.6436],[-118.304199,76.552467],[-118.4347,76.548866],[-118.570801,76.499153],[-118.841698,76.554977],[-118.773598,76.527206],[-118.9758,76.498871],[-118.681999,76.445251],[-118.567497,76.336647],[-118.655602,76.284149],[-118.9114,76.265549],[-118.9422,76.210541],[-118.887497,76.173866],[-118.964203,76.160812],[-118.964996,76.126648],[-119.071404,76.117477],[-119.075798,76.083328],[-119.282501,76.127472],[-119.301697,76.19136],[-119.4561,76.255547],[-119.499397,76.361099],[-119.562798,76.320831],[-119.713898,76.331673],[-119.652802,76.29776],[-119.658302,76.268883],[-119.705002,76.262207],[-119.565804,76.175262],[-119.701103,76.150818],[-119.552803,76.117752],[-119.805,76.108871],[-119.491402,76.035538],[-119.481102,75.970833],[-119.636902,75.992203],[-119.7033,75.942749],[-119.606903,75.911102],[-119.710602,75.921654],[-119.870003,75.857483],[-120.069504,75.838882],[-120.1492,75.896378],[-120.288902,75.816093],[-120.454498,75.815811],[-120.4897,75.849991],[-120.463097,75.916382],[-120.384499,75.967758],[-120.445297,75.976646],[-120.4589,76.011658],[-120.578102,76.002777],[-120.563301,75.985527],[-120.593903,75.978043],[-120.696701,76.013893],[-120.731102,76.057747],[-120.648598,76.099716],[-120.751099,76.10582],[-120.659203,76.142487],[-120.883598,76.198318],[-121.012497,76.13916],[-120.995003,76.103592],[-121.022797,76.059143],[-120.931999,75.959991],[-120.980797,75.94165],[-121.017197,75.948029],[-120.999199,75.994431],[-121.113899,75.991653],[-121.259499,75.964432],[-121.294998,75.907494],[-121.423302,75.933868],[-121.4953,75.984421],[-121.864998,76.042213],[-122.134201,76.036377],[-122.132797,75.974152],[-122.1978,75.977478],[-122.416397,75.928589],[-122.696404,75.955551],[-122.728897,75.973038],[-122.560501,76.020538],[-122.698898,76.018333],[-122.5439,76.046944],[-122.4711,76.11026],[-122.699997,76.112198],[-122.489998,76.141098],[-122.6203,76.174423],[-122.842201,76.148613],[-122.901901,76.098038],[-123.037804,76.084717],[-122.905602,76.155258],[-122.9422,76.182213],[-122.848602,76.184708],[-122.828903,76.233871],[-122.707497,76.226089],[-122.636101,76.264709],[-122.617798,76.342209],[-121.983902,76.444138],[-121.781998,76.420258],[-121.533096,76.437187],[-121.413902,76.500549],[-121.411903,76.553864],[-121.216904,76.618591],[-121.1903,76.680542],[-120.900299,76.693314],[-120.812202,76.737198],[-120.5811,76.74942],[-120.401703,76.797211],[-120.365303,76.836113],[-120.418098,76.875259],[-120.176697,76.919708],[-120.188599,76.942749],[-120.091103,76.963608],[-120.0914,77.003052],[-119.949997,77.012497],[-119.8125,77.096649],[-119.389198,77.184418],[-119.295799,77.276657],[-119.153297,77.325821],[-117.867203,77.388603],[-117.934998,77.358597],[-117.801903,77.367203],[-117.253601,77.285538],[-117.023102,77.290817],[-117.060799,77.32666],[-117.181999,77.340271],[-117.158897,77.358871],[-116.795799,77.31749],[-116.810799,77.340553],[-116.651703,77.388046],[-116.994698,77.39444],[-117.150002,77.457207],[-116.785301,77.499153],[-116.769402,77.516388],[-116.900299,77.532211],[-116.416901,77.556931],[-116.090599,77.491089],[-116.065804,77.47998],[-116.108299,77.461113],[-115.753304,77.419708],[-115.389198,77.312187],[-115.8778,77.215271],[-116.269203,77.190262],[-116.290604,77.14888],[-116.400002,77.133881],[-116.295303,77.113602],[-116.269203,77.055817],[-116.144997,77.023323]]],[[[-135.850098,69.007401],[-135.648895,68.991928],[-135.517807,69.02388],[-135.690598,69.012497],[-135.758606,69.060257],[-135.934692,69.095543],[-135.967194,69.214706],[-135.914993,69.257492],[-135.656693,69.1436],[-135.411407,69.097488],[-135.6306,69.151382],[-135.810806,69.242752],[-135.855804,69.284714],[-135.803894,69.316673],[-135.6595,69.316673],[-135.585297,69.223312],[-135.548904,69.23526],[-135.610504,69.319717],[-135.571899,69.338593],[-135.170593,69.257767],[-135.158401,69.274429],[-135.240799,69.308319],[-135.287201,69.419144],[-135.150803,69.476929],[-135.107803,69.457764],[-134.790604,69.498322],[-134.468597,69.444427],[-134.407806,69.474152],[-134.417801,69.500549],[-134.507004,69.515549],[-134.548599,69.472763],[-134.596405,69.514427],[-134.576401,69.54776],[-134.468903,69.542763],[-134.492798,69.560532],[-134.401703,69.638321],[-134.491104,69.722214],[-134.312195,69.7211],[-134.351395,69.668869],[-134.203903,69.668869],[-134.147003,69.6297],[-134.242203,69.568047],[-134.191101,69.59082],[-134.127106,69.542862],[-134.020004,69.559418],[-134.001404,69.546371],[-134.048096,69.526932],[-133.918304,69.508331],[-133.805603,69.539429],[-133.827194,69.559982],[-133.778397,69.576393],[-133.748306,69.542213],[-133.789703,69.531097],[-133.778107,69.487762],[-134.029694,69.382477],[-134.097504,69.328598],[-134.099197,69.293869],[-134.211105,69.276093],[-134.275604,69.226089],[-134.280304,69.180267],[-134.383606,69.118317],[-134.5681,69.106644],[-134.675797,69.011383],[-134.666702,68.9561],[-134.488602,68.870247],[-134.417206,68.784416],[-134.287506,68.750816],[-134.227295,68.696426],[-134.457504,68.719147],[-134.467804,68.762497],[-134.559402,68.798866],[-134.606903,68.862762],[-134.834198,68.987488],[-134.914703,68.96666],[-134.920303,68.914703],[-134.961105,68.892487],[-135.141998,68.901382],[-135.201706,68.932747],[-135.421402,68.928864],[-135.4608,68.942749],[-135.455307,68.977768],[-135.534698,68.944702],[-135.522202,68.908043],[-135.807999,68.895264],[-136.005295,68.951927],[-135.9189,68.958603],[-135.987503,69.011932],[-135.968597,69.044434],[-135.850098,69.007401]]],[[[-117.623001,76.114433],[-117.471397,76.088882],[-117.489197,76.046944],[-117.681099,75.921097],[-117.838303,75.859993],[-117.823898,75.83194],[-117.952202,75.771927],[-117.927498,75.734421],[-118.263603,75.616928],[-118.203903,75.598877],[-118.604698,75.496368],[-118.927498,75.529427],[-118.873596,75.547493],[-118.928001,75.562759],[-119.196999,75.562477],[-119.408096,75.60582],[-118.619202,75.915543],[-118.367798,75.966377],[-118.152199,75.971367],[-118.071404,76.034149],[-117.933601,76.047493],[-117.7789,76.108597],[-117.623001,76.114433]]],[[[-114.193001,77.698029],[-114.634697,77.757767],[-114.521698,77.771103],[-115.116096,77.958328],[-114.952202,77.949417],[-114.6875,78.024696],[-114.286903,78.066093],[-114.350601,78.032494],[-114.270599,78.012772],[-114.311096,78.004707],[-114.089203,77.986366],[-113.958298,77.914993],[-113.706398,77.891663],[-113.677498,77.846367],[-113.576103,77.814148],[-113.7883,77.745247],[-114.193001,77.698029]]],[[[-114.054703,76.703598],[-114.875801,76.770828],[-114.6064,76.865807],[-113.807503,76.889427],[-113.498001,76.833328],[-113.453903,76.772774],[-113.652496,76.704437],[-114.054703,76.703598]]],[[[-120.867798,75.913307],[-120.898399,75.825821],[-121.032799,75.737762],[-121.2883,75.752777],[-121.029404,75.811371],[-120.998299,75.867752],[-121.047501,75.899986],[-120.997803,75.926376],[-120.8778,75.936096],[-120.867798,75.913307]]],[[[-112.237198,70.362488],[-111.6717,70.306641],[-112.090302,70.295822],[-112.317802,70.345543],[-112.237198,70.362488]]],[[[-109.882797,68.114151],[-109.932198,68.079163],[-110.258598,68.041931],[-109.9217,68.134163],[-109.882797,68.114151]]],[[[-128.120193,70.597214],[-128.144196,70.568047],[-128.2314,70.598328],[-128.242203,70.570267],[-128.341705,70.542213],[-128.234207,70.656097],[-128.094696,70.620529],[-128.120193,70.597214]]],[[[-117.183296,70.537491],[-117.301697,70.56192],[-117.199402,70.59166],[-116.879402,70.547493],[-117.183296,70.537491]]],[[[-135.297501,69.304977],[-135.565598,69.390549],[-135.337799,69.388603],[-135.339401,69.351089],[-135.272202,69.358322],[-135.297501,69.304977]]],[[[-122.633301,75.919708],[-122.324203,75.899719],[-122.340797,75.862762],[-122.398598,75.859421],[-122.691704,75.900269],[-122.633301,75.919708]]],[[[-124.307503,73.632202],[-124.113899,73.564148],[-124.343597,73.559982],[-124.358597,73.630257],[-124.307503,73.632202]]],[[[-113.778603,77.104156],[-113.931396,77.1297],[-113.699203,77.144707],[-113.6642,77.123032],[-113.778603,77.104156]]]]}},{"type":"Feature","id":"CA-New-Brunswick","properties":{"name":"New Brunswick","country":"CA"},"geometry":{"type":"MultiPolygon","coordinates":[[[[-64.482773,47.91777],[-64.514717,47.8325],[-64.605003,47.748329],[-64.646667,47.72887],[-64.690552,47.753052],[-64.646118,47.788601],[-64.702789,47.823608],[-64.667503,47.86694],[-64.609161,47.88694],[-64.533333,47.864159],[-64.482773,47.91777]]],[[[-69.039711,47.29715],[-68.576111,47.424709],[-68.38028,47.558601],[-68.378052,47.65416],[-68.372772,47.924709],[-68.12027,47.926659],[-68.116096,48.001942],[-67.612213,47.99749],[-67.604172,47.9361],[-67.364166,47.841381],[-67.322777,47.896389],[-67.188599,47.883881],[-67.047234,47.93082],[-66.946953,47.899158],[-66.943604,47.963051],[-66.843697,47.996651],[-66.75,47.979988],[-66.356659,48.07333],[-66.339172,48.013611],[-65.79361,47.890831],[-65.628601,47.66972],[-65.671387,47.651661],[-65.634743,47.620831],[-65.606659,47.659988],[-65.476387,47.68082],[-65.240829,47.80666],[-65.044724,47.84444],[-64.976936,47.838039],[-65.071953,47.776939],[-64.823624,47.811378],[-64.786118,47.772221],[-64.846947,47.744438],[-64.791382,47.742222],[-64.770279,47.706661],[-64.733322,47.76194],[-64.676666,47.73555],[-64.8125,47.674999],[-64.818619,47.608051],[-64.89389,47.556938],[-64.901108,47.513329],[-64.87027,47.51083],[-64.928329,47.450829],[-64.866943,47.484718],[-64.880829,47.432499],[-64.910004,47.35305],[-64.904167,47.393051],[-64.941101,47.373878],[-64.96611,47.28944],[-65.370003,47.086651],[-65.204727,47.087769],[-65.212509,47.044998],[-65.025284,47.09193],[-64.979446,47.05555],[-64.93277,47.08416],[-64.798607,47.07999],[-64.825844,47.049999],[-64.803329,46.987499],[-64.88028,46.93055],[-64.904999,46.851101],[-64.873047,46.782211],[-64.788597,46.724159],[-64.853333,46.70499],[-64.854446,46.672218],[-64.817497,46.696381],[-64.752792,46.663601],[-64.748611,46.70277],[-64.711121,46.679989],[-64.723618,46.580551],[-64.673317,46.500832],[-64.711403,46.479988],[-64.611938,46.40971],[-64.631943,46.338039],[-64.701683,46.32666],[-64.579178,46.328049],[-64.551666,46.363331],[-64.517227,46.320831],[-64.568619,46.287498],[-64.559433,46.21999],[-64.518341,46.242771],[-64.253891,46.23444],[-64.154167,46.19305],[-64.146118,46.157211],[-64.116943,46.181938],[-64.081947,46.151379],[-64.057503,46.180271],[-63.970829,46.18055],[-63.77639,46.121101],[-63.919449,46.053051],[-64.068069,46.059429],[-64.093887,46.02166],[-64.042793,45.991901],[-64.154999,45.96888],[-64.272926,45.835751],[-64.361389,45.879162],[-64.339722,45.859718],[-64.481949,45.72332],[-64.538887,45.723049],[-64.488052,45.801102],[-64.534157,45.898048],[-64.549728,45.86805],[-64.576401,45.885551],[-64.681381,45.994709],[-64.690552,46.050831],[-64.754463,46.089161],[-64.699432,46.035],[-64.70639,45.994709],[-64.573624,45.863331],[-64.672501,45.750271],[-64.642227,45.717209],[-64.693047,45.716099],[-64.778343,45.60722],[-64.904167,45.627769],[-65.015007,45.548882],[-65.326683,45.4575],[-65.739723,45.24527],[-65.799156,45.25666],[-65.918877,45.2061],[-65.999161,45.2286],[-66.039169,45.28833],[-66.126389,45.304161],[-66.015289,45.377769],[-66.002502,45.461658],[-66.088333,45.35527],[-66.193329,45.333599],[-66.145279,45.27916],[-66.05777,45.2575],[-66.21666,45.159161],[-66.245537,45.208889],[-66.321953,45.19804],[-66.253342,45.191662],[-66.25,45.161381],[-66.34584,45.14444],[-66.440552,45.07333],[-66.496384,45.149719],[-66.648064,45.083599],[-66.722229,45.089161],[-66.75473,45.05555],[-66.796951,45.05888],[-66.790558,45.102779],[-66.87999,45.057209],[-66.907784,45.111382],[-66.84584,45.132488],[-66.949432,45.187489],[-66.987213,45.153881],[-67.027222,45.168049],[-67.033333,45.0886],[-67.122223,45.1586],[-67.127213,45.220268],[-67.182503,45.244709],[-67.15123,45.12191],[-67.166473,45.156189],[-67.274658,45.182709],[-67.346169,45.122181],[-67.439987,45.18951],[-67.478508,45.280209],[-67.419113,45.375778],[-67.504662,45.485748],[-67.416641,45.50349],[-67.439857,45.592491],[-67.615692,45.605129],[-67.718582,45.68124],[-67.753502,45.659229],[-67.803978,45.678051],[-67.803596,45.794449],[-67.759911,45.82774],[-67.795113,45.878422],[-67.756157,45.916519],[-67.78083,45.94701],[-67.79155,47.060959],[-68.231323,47.352112],[-68.335327,47.35733],[-68.391769,47.285061],[-68.515182,47.296921],[-68.895393,47.18222],[-69.037231,47.257332],[-69.039711,47.29715]]]]}},{"type":"Feature","id":"CA-Nova-Scotia","properties":{"name":"Nova Scotia","country":"CA"},"geometry":{"type":"MultiPolygon","coordinates":[[[[-60.910278,45.546101],[-61.000278,45.45583],[-61.021111,45.46888],[-60.99889,45.49361],[-61.072231,45.502491],[-61.108341,45.540829],[-61.01722,45.575272],[-60.90028,45.57555],[-60.878609,45.55582],[-60.910278,45.546101]]],[[[-66.764717,44.801102],[-66.734734,44.72916],[-66.761124,44.676102],[-66.900284,44.613331],[-66.858612,44.74305],[-66.764717,44.801102]]],[[[-60.59639,46.196098],[-60.46806,46.316669],[-60.416389,46.328049],[-60.419998,46.279991],[-60.64584,46.106098],[-60.870281,46.051659],[-60.84972,46.07888],[-60.880001,46.079159],[-60.97472,45.988331],[-61.11306,45.955269],[-61.125561,45.923611],[-60.993328,45.94138],[-60.875561,46.036942],[-60.734169,46.047489],[-60.80389,45.9786],[-60.807499,45.93111],[-61.066391,45.893879],[-61.043892,45.88472],[-61.08778,45.847488],[-60.96806,45.883331],[-60.917782,45.847488],[-60.97028,45.856659],[-60.940552,45.821659],[-61.01083,45.820271],[-61.118061,45.763611],[-61.142502,45.696381],[-61.070839,45.689991],[-60.91444,45.753609],[-60.797779,45.707211],[-60.844158,45.64138],[-60.76112,45.69054],[-60.733608,45.67416],[-60.74889,45.74194],[-60.719719,45.78833],[-60.39584,45.996101],[-60.686111,45.88694],[-60.785278,45.946381],[-60.305,46.210548],[-60.29528,46.232208],[-60.372768,46.22332],[-60.547501,46.10416],[-60.656109,46.067768],[-60.347778,46.310551],[-60.285278,46.321381],[-60.203331,46.235271],[-60.28944,46.154709],[-60.24028,46.173611],[-60.199169,46.143608],[-60.194439,46.20277],[-60.131939,46.2486],[-60.041672,46.227772],[-60.076389,46.199162],[-59.95055,46.201389],[-59.94138,46.151661],[-59.810551,46.162769],[-59.88805,46.088879],[-59.809719,46.10638],[-59.959999,46.02055],[-59.82362,45.99749],[-59.818611,45.929161],[-59.973331,45.901379],[-59.99416,45.8661],[-60.13028,45.867771],[-60.160549,45.835548],[-60.07362,45.796391],[-60.17445,45.763889],[-60.233891,45.701099],[-60.673061,45.564159],[-60.853889,45.603882],[-60.871498,45.639721],[-61.168331,45.55138],[-61.14584,45.579441],[-61.21722,45.606941],[-61.285,45.5425],[-61.45472,45.705551],[-61.547501,46.025551],[-61.482769,46.066669],[-61.438889,46.159431],[-61.283329,46.23888],[-61.089439,46.45805],[-61.033058,46.561661],[-61.058048,46.5961],[-61.034451,46.628601],[-61.013889,46.59166],[-60.892231,46.77388],[-60.704441,46.89138],[-60.640282,47],[-60.591942,47.033329],[-60.488609,46.99416],[-60.39806,47.023319],[-60.384998,46.996101],[-60.498051,46.89666],[-60.45084,46.89777],[-60.445271,46.86166],[-60.326111,46.86832],[-60.302219,46.83749],[-60.346951,46.685551],[-60.396111,46.665821],[-60.35445,46.648609],[-60.384731,46.635551],[-60.345001,46.60638],[-60.589439,46.255001],[-60.59639,46.196098]]],[[[-64.042793,45.991901],[-63.913059,45.979988],[-63.80389,45.88583],[-63.725769,45.869961],[-63.749168,45.835819],[-63.682499,45.848598],[-63.664162,45.815269],[-63.66222,45.870541],[-63.482498,45.877209],[-63.403881,45.854439],[-63.482769,45.858051],[-63.428612,45.823608],[-63.51556,45.807209],[-63.235001,45.808601],[-63.380001,45.766109],[-63.294449,45.721931],[-63.186939,45.772221],[-63.18972,45.73444],[-63.065552,45.75555],[-63.10778,45.80888],[-62.672779,45.767769],[-62.753891,45.758049],[-62.63612,45.714439],[-62.775002,45.671101],[-62.791111,45.638329],[-62.743061,45.654991],[-62.743889,45.611111],[-62.703892,45.652489],[-62.650829,45.62804],[-62.675282,45.671379],[-62.60944,45.684158],[-62.47361,45.655548],[-62.509731,45.6161],[-62.486389,45.603611],[-62.356949,45.67194],[-62.424721,45.673321],[-62.250278,45.708328],[-61.9175,45.885551],[-61.88139,45.686649],[-61.724998,45.620831],[-61.6325,45.637772],[-61.65556,45.624161],[-61.618061,45.61055],[-61.564999,45.673882],[-61.471378,45.682499],[-61.332779,45.540829],[-61.22916,45.501942],[-61.249729,45.447491],[-61.48167,45.367771],[-61.457218,45.343609],[-61.257778,45.33416],[-60.970551,45.321659],[-60.97028,45.269711],[-61.036388,45.293049],[-61.02306,45.25639],[-61.077782,45.21944],[-61.139721,45.210819],[-61.121941,45.27166],[-61.171391,45.255268],[-61.1675,45.20388],[-61.204441,45.246101],[-61.268059,45.254711],[-61.360001,45.209991],[-61.349442,45.174438],[-61.458611,45.144711],[-61.595829,45.143051],[-61.69611,45.177769],[-61.63805,45.12027],[-61.672501,45.114159],[-61.642231,45.08416],[-61.819729,45.104439],[-61.81361,45.073879],[-61.85944,45.075001],[-61.834999,45.051102],[-61.88306,45.024441],[-61.932499,45.046391],[-62.051109,45.00639],[-61.98138,44.983051],[-62.240002,44.95805],[-62.337219,44.921101],[-62.338612,44.888599],[-62.381111,44.913601],[-62.457218,44.82972],[-62.476391,44.89555],[-62.515011,44.85194],[-62.551392,44.861382],[-62.535561,44.798611],[-62.61195,44.839161],[-62.65361,44.791382],[-62.801109,44.778599],[-62.825562,44.744438],[-62.796108,44.723881],[-62.840279,44.711109],[-62.928612,44.733879],[-62.99778,44.703609],[-63.003059,44.765831],[-63.055561,44.77277],[-63.011951,44.70805],[-63.054722,44.673321],[-63.118889,44.786659],[-63.14278,44.688599],[-63.163891,44.725552],[-63.212219,44.673611],[-63.245831,44.732491],[-63.240002,44.676941],[-63.283058,44.627209],[-63.40361,44.641659],[-63.406391,44.683331],[-63.451389,44.672218],[-63.41222,44.63221],[-63.439991,44.590832],[-63.658329,44.715],[-63.64056,44.67305],[-63.562222,44.63221],[-63.520279,44.507771],[-63.570839,44.461941],[-63.59972,44.483601],[-63.631111,44.435822],[-63.633888,44.473881],[-63.713058,44.454159],[-63.763618,44.49749],[-63.79834,44.46944],[-63.783329,44.527489],[-63.8675,44.489429],[-63.932499,44.513329],[-63.937771,44.621658],[-63.887218,44.69054],[-64.059433,44.638329],[-64.063889,44.590549],[-64.009171,44.513329],[-64.046951,44.518879],[-64.083069,44.46666],[-64.121658,44.485271],[-64.121658,44.544159],[-64.170273,44.586109],[-64.224442,44.533878],[-64.301941,44.561378],[-64.324448,44.47332],[-64.297501,44.463879],[-64.355827,44.44276],[-64.330841,44.408878],[-64.256958,44.408039],[-64.305267,44.376099],[-64.211403,44.361938],[-64.346123,44.35722],[-64.335564,44.32666],[-64.260559,44.324169],[-64.289993,44.301929],[-64.239441,44.294159],[-64.258057,44.269989],[-64.319458,44.264721],[-64.430557,44.338039],[-64.358612,44.28833],[-64.363617,44.25666],[-64.428047,44.228321],[-64.494164,44.14027],[-64.604172,44.156651],[-64.616386,44.133049],[-64.543327,44.11639],[-64.556381,44.077221],[-64.715561,44.052219],[-64.663063,44.02388],[-64.666397,43.990269],[-64.845284,43.92194],[-64.785553,43.867771],[-64.820847,43.864719],[-64.835007,43.825001],[-64.907784,43.87833],[-64.880547,43.833881],[-64.906387,43.800541],[-64.96611,43.872761],[-64.928596,43.802219],[-64.965286,43.751659],[-65.040283,43.82666],[-65.008347,43.746941],[-65.025558,43.70805],[-65.074448,43.698879],[-65.083618,43.752491],[-65.122498,43.69305],[-65.12471,43.670551],[-65.152786,43.68721],[-65.138901,43.74416],[-65.180557,43.706661],[-65.237213,43.798611],[-65.256668,43.770828],[-65.223618,43.7075],[-65.285004,43.66972],[-65.32695,43.697491],[-65.332497,43.7686],[-65.337784,43.73555],[-65.368332,43.734989],[-65.325844,43.674999],[-65.360001,43.60527],[-65.338608,43.549438],[-65.450287,43.59972],[-65.404449,43.502781],[-65.449158,43.559719],[-65.486938,43.5186],[-65.481377,43.464439],[-65.568619,43.570271],[-65.657501,43.490269],[-65.72583,43.502491],[-65.739166,43.573051],[-65.755569,43.54916],[-65.783333,43.57111],[-65.775558,43.68832],[-65.793327,43.61166],[-65.818336,43.630268],[-65.860817,43.80444],[-65.87471,43.763611],[-65.93277,43.827221],[-65.962784,43.774712],[-65.982224,43.843319],[-66.004997,43.840549],[-65.965843,43.73082],[-66.020554,43.691101],[-66.033623,43.740269],[-66.062767,43.716381],[-66.080841,43.768051],[-66.123047,43.740551],[-66.136948,43.799999],[-66.108337,43.841099],[-66.147232,43.824169],[-66.16806,43.863049],[-66.149727,44.011108],[-66.21167,44.095268],[-66.134453,44.22971],[-66.118607,44.338039],[-65.841377,44.574169],[-65.943047,44.57777],[-66.190552,44.383331],[-66.191101,44.423321],[-66.103058,44.5],[-65.785004,44.69054],[-65.753067,44.605831],[-65.684998,44.61694],[-65.428329,44.776661],[-65.721657,44.66777],[-65.75473,44.67749],[-65.741096,44.707211],[-64.861938,45.139721],[-64.434433,45.2575],[-64.393066,45.303322],[-64.489166,45.33527],[-64.327499,45.303322],[-64.368881,45.197491],[-64.353882,45.165272],[-64.385834,45.14555],[-64.359734,45.097488],[-64.324387,45.139339],[-64.244164,45.123878],[-64.157227,45.056938],[-64.156387,44.978321],[-64.103882,44.992222],[-64.098892,45.057499],[-64.198608,45.11721],[-64.152786,45.19276],[-63.854721,45.269161],[-63.78973,45.311661],[-63.539169,45.333328],[-63.470829,45.29055],[-63.46666,45.326389],[-63.360828,45.360821],[-63.755562,45.398048],[-63.883888,45.350552],[-63.923611,45.388329],[-64.069733,45.410271],[-64.385559,45.3661],[-64.563316,45.411659],[-64.701401,45.368599],[-64.698608,45.326099],[-64.76001,45.28944],[-64.763062,45.326099],[-64.815826,45.348598],[-64.93721,45.326939],[-64.909157,45.418049],[-64.458054,45.674438],[-64.436661,45.73999],[-64.375549,45.7925],[-64.296661,45.8186],[-64.335564,45.740829],[-64.266663,45.761108],[-64.30249,45.772491],[-64.272926,45.835751],[-64.154999,45.96888],[-64.042793,45.991901]]]]}},{"type":"Feature","id":"CA-Saskatchewan","properties":{"name":"Saskatchewan","country":"CA"},"geometry":{"type":"MultiPolygon","coordinates":[[[[-102.001701,59.99992],[-102.0009,59.918839],[-102.001503,58.12854],[-102.001297,58.034302],[-102.001297,57.868439],[-102.0009,57.49725],[-102.001297,57.25964],[-102.001099,57.013351],[-102.000999,56.366421],[-102.001404,56.221241],[-102.0009,55.830151],[-101.967598,55.76067],[-101.967201,55.67194],[-101.967201,55.467468],[-101.925797,55.466381],[-101.925598,55.117489],[-101.883598,55.116661],[-101.883904,54.76749],[-101.851402,54.766392],[-101.851799,54.53513],[-101.851898,54.41721],[-101.811401,54.41666],[-101.810799,54.066101],[-101.7714,54.06638],[-101.772102,54.00256],[-101.742798,53.369438],[-101.700798,53.368881],[-101.672203,52.67083],[-101.639999,52.671101],[-101.639503,52.32222],[-101.612503,52.32222],[-101.613297,51.96999],[-101.567001,51.970829],[-101.544998,50.950001],[-101.514702,50.949429],[-101.514999,50.595539],[-101.484703,50.589989],[-101.483597,50.24192],[-101.4533,50.241661],[-101.453598,49.888599],[-101.426102,49.888599],[-101.425598,49.5341],[-101.400299,49.533051],[-101.400299,49.177761],[-101.3675,49.17749],[-101.367203,49],[-101.5,49],[-102.021797,49],[-102.9375,49],[-104.0625,49],[-105.0625,49],[-106.125,49],[-107.1875,49],[-108.25,49],[-109.5,49],[-110.001404,49],[-110.000504,54.00573],[-110.000702,54.44952],[-110.000603,54.624401],[-110.000801,54.769001],[-110.000603,56.276039],[-110.0009,56.36282],[-110.000801,58.968639],[-110.000504,59.309391],[-110.0009,59.995281],[-107.113602,59.994709],[-106.255997,59.999771],[-106.044403,59.999592],[-105.859001,59.99968],[-105.5411,60],[-104.7099,59.999771],[-104.270699,59.9995],[-102.001701,59.99992]]]]}},{"type":"Feature","id":"CA-Alberta","properties":{"name":"Alberta","country":"CA"},"geometry":{"type":"MultiPolygon","coordinates":[[[[-114.060303,49],[-114.035301,49.031109],[-114.1567,49.103611],[-114.154198,49.148048],[-114.225304,49.188599],[-114.372803,49.204159],[-114.376701,49.25639],[-114.429398,49.265549],[-114.476097,49.341381],[-114.576401,49.389992],[-114.599998,49.442211],[-114.576401,49.556099],[-114.6894,49.547218],[-114.738297,49.608601],[-114.679703,49.63221],[-114.636101,49.727772],[-114.626099,49.797218],[-114.6875,49.913601],[-114.684998,49.9575],[-114.643303,49.977772],[-114.658897,50.065269],[-114.724197,50.125549],[-114.754997,50.288891],[-114.793602,50.334721],[-114.770302,50.35833],[-114.8367,50.39666],[-115.016998,50.575001],[-115.1017,50.588329],[-115.218903,50.54694],[-115.320602,50.638599],[-115.283096,50.658878],[-115.311699,50.706661],[-115.346703,50.732208],[-115.395798,50.71693],[-115.419197,50.754169],[-115.527802,50.791939],[-115.647202,50.85471],[-115.571999,50.90332],[-115.618599,50.969151],[-115.759697,51.035831],[-115.776703,51.073608],[-115.957802,51.103882],[-116.016098,51.138329],[-116.0261,51.21693],[-116.060501,51.24638],[-116.262199,51.316669],[-116.306099,51.388329],[-116.305,51.461658],[-116.3797,51.488602],[-116.399696,51.54472],[-116.466103,51.56638],[-116.488098,51.613049],[-116.595001,51.65749],[-116.597504,51.716381],[-116.658897,51.796661],[-116.746101,51.79916],[-116.815804,51.750549],[-116.812798,51.715271],[-116.919197,51.70916],[-117.0392,51.908039],[-117.269997,52.044998],[-117.318901,52.181938],[-117.363098,52.138599],[-117.600304,52.13055],[-117.6875,52.196098],[-117.760002,52.200829],[-117.829697,52.27277],[-117.7314,52.344151],[-117.7547,52.403599],[-117.902802,52.424999],[-118.0056,52.48777],[-118.047501,52.404991],[-118.145798,52.39888],[-118.223099,52.365551],[-118.259697,52.442211],[-118.208298,52.48082],[-118.286903,52.527771],[-118.2817,52.565269],[-118.349998,52.61805],[-118.305,52.674709],[-118.3461,52.74332],[-118.428902,52.78611],[-118.415604,52.83638],[-118.491402,52.89777],[-118.625,52.884159],[-118.679703,52.970539],[-118.669998,53.034439],[-118.781097,53.05582],[-118.759697,53.12471],[-118.9786,53.237209],[-119.012199,53.223049],[-119.013603,53.144711],[-119.045502,53.137772],[-119.265602,53.196659],[-119.348099,53.275269],[-119.385803,53.36166],[-119.606102,53.37804],[-119.738098,53.395],[-119.778099,53.446941],[-119.842499,53.518051],[-119.902496,53.520271],[-119.882797,53.560268],[-119.932198,53.60722],[-119.7686,53.603321],[-119.735298,53.634991],[-119.810303,53.707771],[-119.921097,53.718319],[-119.904701,53.778599],[-120.000801,53.808041],[-120.000801,54.005871],[-119.982903,59.988522],[-110.0009,59.995281],[-110.000504,59.309391],[-110.000801,58.968639],[-110.0009,56.36282],[-110.000603,56.276039],[-110.000801,54.769001],[-110.000603,54.624401],[-110.000702,54.44952],[-110.000504,54.00573],[-110.001404,49],[-110.75,49],[-111.281898,49],[-112.1875,49],[-114.060303,49]]]]}},{"type":"Feature","id":"CA-Prince-Edward-Island","properties":{"name":"Prince Edward Island","country":"CA"},"geometry":{"type":"MultiPolygon","coordinates":[[[[-63.98917,46.393608],[-64.13501,46.416382],[-64.105827,46.445541],[-64.113327,46.534721],[-64.058037,46.569439],[-64.071404,46.63583],[-64.133331,46.591381],[-64.223618,46.629711],[-64.387512,46.620831],[-64.416656,46.68111],[-64.226936,46.906101],[-63.99889,47.061661],[-63.967499,46.891659],[-64.091667,46.778599],[-64.067497,46.749161],[-63.97472,46.742489],[-63.980831,46.714161],[-63.882221,46.64555],[-63.904171,46.603882],[-63.8325,46.61721],[-63.833328,46.577492],[-63.9375,46.47665],[-63.831669,46.516392],[-63.811668,46.49527],[-63.840839,46.464439],[-63.709438,46.437489],[-63.700279,46.466381],[-63.740002,46.496101],[-63.70055,46.515549],[-63.723331,46.54361],[-63.647221,46.567211],[-63.490841,46.524712],[-63.496948,46.488331],[-63.45472,46.461658],[-63.422501,46.495831],[-63.4575,46.509991],[-63.320278,46.492771],[-63.238892,46.399719],[-63.210831,46.429161],[-62.587502,46.42527],[-62.692501,46.4561],[-62.477219,46.477772],[-62.166389,46.486111],[-61.970551,46.45694],[-62.173328,46.34943],[-62.285839,46.377491],[-62.272221,46.338329],[-62.35778,46.355831],[-62.334721,46.311939],[-62.400551,46.306938],[-62.35973,46.282768],[-62.37389,46.262211],[-62.494999,46.271381],[-62.437222,46.251659],[-62.424721,46.215549],[-62.58527,46.232208],[-62.498051,46.182499],[-62.589439,46.206379],[-62.56834,46.186649],[-62.603889,46.177219],[-62.534168,46.16777],[-62.542229,46.12249],[-62.478329,46.120831],[-62.513889,46.14222],[-62.473049,46.150269],[-62.446949,46.090549],[-62.573891,46.034721],[-62.459171,46.00639],[-62.74667,45.94833],[-62.882771,45.995541],[-62.935001,46.045551],[-62.896111,46.064991],[-63.03083,46.060822],[-62.922501,46.092491],[-62.868061,46.13472],[-62.885281,46.155819],[-62.959171,46.128601],[-62.94416,46.189991],[-62.985001,46.19582],[-62.983891,46.173882],[-63.122219,46.211658],[-62.96278,46.319988],[-63.122768,46.237209],[-63.195,46.269989],[-63.172501,46.224159],[-63.27306,46.195271],[-63.219158,46.181938],[-63.173061,46.211109],[-63.14056,46.186378],[-63.261669,46.13805],[-63.48138,46.21777],[-63.591942,46.211941],[-63.698608,46.249161],[-63.812771,46.332211],[-63.785561,46.339989],[-63.800831,46.372761],[-63.714722,46.35416],[-63.76556,46.380268],[-63.744999,46.394711],[-63.889999,46.397491],[-63.929729,46.424999],[-63.98917,46.393608]]]]}},{"type":"Feature","id":"CA-Yukon-Territory","properties":{"name":"Yukon Territory","country":"CA"},"geometry":{"type":"MultiPolygon","coordinates":[[[[-139.121094,69.52916],[-139.252197,69.579712],[-139.332504,69.566093],[-139.133102,69.647774],[-138.867203,69.588318],[-139.023102,69.580833],[-139.121094,69.52916]]],[[[-123.816902,59.994709],[-125.000801,60.003868],[-133.791199,60],[-134.151703,59.999722],[-134.639297,60.000198],[-134.906601,60],[-138.938599,59.997551],[-139.188904,60.088879],[-139.0681,60.352219],[-139.676697,60.340549],[-139.979401,60.187771],[-140.450806,60.309719],[-140.521393,60.22221],[-140.995499,60.307209],[-140.996857,61.894802],[-141.000046,65.840279],[-141.00206,68.428207],[-141.003006,69.642357],[-140.396103,69.5961],[-139.888306,69.616653],[-139.272797,69.508614],[-139.143097,69.510818],[-138.957504,69.407494],[-138.751404,69.346367],[-138.600601,69.236649],[-138.5186,69.25444],[-138.449997,69.229156],[-138.395599,69.293053],[-138.446106,69.288589],[-138.378296,69.304703],[-138.329407,69.234711],[-138.1772,69.159988],[-137.378296,69.001389],[-137.419205,68.988876],[-137.255005,68.948318],[-137.0103,68.947479],[-136.745499,68.875259],[-136.419998,68.90052],[-136.446106,68.873032],[-136.445007,67.715553],[-136.421097,67.655258],[-136.241104,67.620529],[-136.157806,67.507767],[-136.205307,67.406937],[-136.116394,67.382751],[-136.142807,67.359421],[-136.0914,67.302467],[-136.134506,67.226379],[-136.236404,67.173866],[-136.198898,67.143333],[-136.222198,67.064148],[-136.164505,67.003601],[-133.8311,67.003326],[-134.046097,66.984421],[-134.092499,66.955261],[-133.908096,66.908867],[-133.763901,66.806931],[-133.840302,66.727768],[-133.757202,66.685257],[-133.771896,66.64415],[-133.5867,66.564697],[-133.690308,66.531937],[-133.629395,66.445251],[-133.750305,66.447746],[-133.768097,66.373032],[-133.824707,66.316673],[-133.570007,66.27832],[-133.563904,66.155823],[-133.673096,66.116928],[-133.704697,66.07193],[-133.603302,66.051651],[-133.629395,65.974426],[-133.407501,65.943863],[-133.147507,66.024696],[-132.939697,66.02887],[-132.908401,65.996933],[-132.993896,65.923027],[-132.869003,65.910477],[-132.605804,66.031662],[-132.542496,66.021378],[-132.5103,65.978867],[-132.342804,65.981934],[-132.334396,65.94664],[-132.525803,65.897774],[-132.573303,65.848602],[-132.286102,65.71582],[-132.174194,65.59137],[-132.273605,65.546944],[-132.327805,65.434708],[-132.521393,65.363037],[-132.555298,65.2836],[-132.780594,65.229713],[-132.714203,65.199417],[-132.787796,65.187759],[-132.701904,65.15387],[-132.576401,65.190536],[-132.527496,65.162773],[-132.556107,65.118042],[-132.539993,65.093872],[-132.381699,65.084991],[-132.333298,65.034714],[-132.507507,64.964432],[-132.487503,64.870819],[-132.622498,64.826927],[-132.570602,64.772491],[-132.368896,64.77832],[-132.163605,64.70166],[-132.046402,64.695534],[-131.915802,64.582489],[-131.702805,64.535538],[-131.687805,64.498596],[-131.803894,64.438026],[-131.8181,64.378311],[-131.593002,64.368591],[-131.427505,64.416382],[-131.388596,64.467209],[-131.141693,64.424423],[-131.001999,64.330276],[-131.060501,64.279427],[-130.979706,64.265549],[-130.937195,64.209991],[-130.867203,64.187759],[-130.9478,64.137207],[-130.853607,64.072487],[-130.863907,64.043053],[-130.751404,64.046097],[-130.778595,64.009163],[-130.7556,63.986938],[-130.5811,63.92416],[-130.522202,63.93499],[-130.3703,63.84388],[-130.119705,63.808041],[-130.103897,63.76416],[-130.282501,63.73777],[-130.321106,63.69582],[-130.251999,63.66666],[-130.109695,63.703609],[-130.082504,63.68832],[-130.110794,63.66444],[-130.093002,63.63055],[-129.948593,63.613609],[-129.957993,63.58527],[-129.898102,63.57222],[-129.819504,63.48333],[-129.897202,63.452221],[-129.919205,63.372761],[-130.073593,63.33696],[-130.138306,63.310268],[-130.151093,63.265831],[-130.044495,63.269989],[-129.978607,63.203609],[-129.900299,63.197208],[-129.835297,63.114719],[-129.847198,63.086941],[-129.637207,63.08028],[-129.598907,63.051929],[-129.705795,62.952221],[-129.726105,62.91415],[-129.702499,62.89222],[-129.773895,62.874439],[-129.630798,62.76083],[-129.625305,62.70499],[-129.516998,62.672489],[-129.523895,62.64333],[-129.487793,62.618881],[-129.567795,62.57444],[-129.417801,62.584991],[-129.172195,62.481659],[-129.308304,62.421379],[-129.215805,62.377491],[-129.310501,62.326389],[-129.282196,62.267208],[-129.199203,62.21693],[-129.2939,62.156101],[-129.122803,62.116661],[-128.984207,62.136108],[-128.765305,62.058331],[-128.677505,62.125271],[-128.546997,62.122219],[-128.375305,62.02721],[-128.388107,61.993881],[-128.279205,61.948879],[-128.196701,61.844151],[-128.080597,61.849159],[-128.006104,61.732491],[-127.972801,61.688599],[-127.550301,61.511379],[-127.2883,61.519161],[-127.141701,61.46666],[-127.125,61.4011],[-127.059402,61.363049],[-127.007004,61.18499],[-127.031403,61.150539],[-127.0131,61.12804],[-127.101898,61.070831],[-127.055801,61.039989],[-126.935303,61.059158],[-126.9394,61.002491],[-126.898903,60.941662],[-126.925301,60.862209],[-126.8797,60.82999],[-126.886902,60.78249],[-126.826103,60.755001],[-126.753304,60.782211],[-126.672203,60.743469],[-126.520302,60.814411],[-126.394501,60.77668],[-126.253601,60.78867],[-126.217499,60.819771],[-126.244698,60.850868],[-126.202202,60.863651],[-126.113602,60.862808],[-126.107201,60.817009],[-126.009201,60.80341],[-125.957001,60.877239],[-125.887199,60.896938],[-125.711998,60.827259],[-125.370003,60.782558],[-125.184196,60.848881],[-125,60.860519],[-124.871696,60.858051],[-124.8778,60.91721],[-124.813004,60.972488],[-124.578903,60.953049],[-124.476898,60.79055],[-124.619202,60.709721],[-124.614197,60.668598],[-124.459396,60.569721],[-124.418297,60.47916],[-124.206398,60.457211],[-124.195297,60.32888],[-123.974197,60.098049],[-124.029198,60.023048],[-123.8769,60.04166],[-123.816902,59.994709]]]]}},{"type":"Feature","id":"CA-Manitoba","properties":{"name":"Manitoba","country":"CA"},"geometry":{"type":"MultiPolygon","coordinates":[[[[-102.001701,59.99992],[-100.039001,59.999722],[-99.626953,59.999729],[-94.800491,59.999569],[-94.82251,59.954159],[-94.768341,59.78249],[-94.819168,59.636379],[-94.761673,59.570271],[-94.793877,59.541939],[-94.727783,59.446659],[-94.710831,59.37138],[-94.736656,59.34222],[-94.658623,59.350552],[-94.775009,59.293331],[-94.794724,59.087212],[-94.934433,59.084991],[-94.996109,59.053879],[-94.804443,59.061378],[-94.804718,59.014721],[-94.679993,58.971371],[-94.74527,58.83305],[-94.675827,58.87804],[-94.586403,58.874989],[-94.482224,58.8111],[-94.421661,58.716381],[-94.32695,58.721661],[-94.276947,58.780548],[-94.203056,58.804161],[-94.239723,58.738602],[-94.202499,58.67944],[-94.271667,58.633881],[-94.306381,58.563881],[-94.287216,58.438042],[-94.328613,58.39333],[-94.363327,58.21888],[-94.228607,58.396099],[-94.246109,58.586651],[-94.140556,58.73333],[-94.177223,58.771381],[-93.501953,58.771099],[-93.46666,58.719711],[-93.400284,58.700272],[-93.319168,58.75861],[-93.152222,58.73777],[-93.118057,58.508888],[-92.931107,58.211658],[-92.852493,58.16415],[-92.868881,58.143051],[-92.803329,58.057209],[-92.749161,57.860279],[-92.781113,57.834721],[-92.728333,57.820549],[-92.600281,57.648609],[-92.554169,57.539719],[-92.450844,57.44249],[-92.418877,57.33749],[-92.441101,57.230549],[-92.576401,57.056938],[-92.715843,56.947491],[-92.876099,56.90749],[-92.691101,56.933601],[-92.443047,57.04472],[-92.212219,57.058041],[-92.4664,56.932499],[-92.180283,57.030819],[-91.001678,57.261379],[-90.451111,57.193878],[-90,57.01683],[-89.179642,56.86895],[-89.305557,56.627209],[-90.843887,55.66777],[-92.388641,54.62793],[-92.476593,54.56694],[-92.60231,54.478489],[-92.698143,54.410931],[-93.272087,53.998859],[-93.652222,53.72221],[-95.150284,52.826389],[-95.154327,49.576729],[-95.153877,49.452019],[-95.151627,49.371731],[-95.157516,49],[-95.276421,49],[-96.406616,49],[-97.229103,49],[-97.9375,49],[-99,49],[-99.53315,49],[-100.1875,49],[-101.367203,49],[-101.3675,49.17749],[-101.400299,49.177761],[-101.400299,49.533051],[-101.425598,49.5341],[-101.426102,49.888599],[-101.453598,49.888599],[-101.4533,50.241661],[-101.483597,50.24192],[-101.484703,50.589989],[-101.514999,50.595539],[-101.514702,50.949429],[-101.544998,50.950001],[-101.567001,51.970829],[-101.613297,51.96999],[-101.612503,52.32222],[-101.639503,52.32222],[-101.639999,52.671101],[-101.672203,52.67083],[-101.700798,53.368881],[-101.742798,53.369438],[-101.772102,54.00256],[-101.7714,54.06638],[-101.810799,54.066101],[-101.811401,54.41666],[-101.851898,54.41721],[-101.851799,54.53513],[-101.851402,54.766392],[-101.883904,54.76749],[-101.883598,55.116661],[-101.925598,55.117489],[-101.925797,55.466381],[-101.967201,55.467468],[-101.967201,55.67194],[-101.967598,55.76067],[-102.0009,55.830151],[-102.001404,56.221241],[-102.000999,56.366421],[-102.001099,57.013351],[-102.001297,57.25964],[-102.0009,57.49725],[-102.001297,57.868439],[-102.001297,58.034302],[-102.001503,58.12854],[-102.0009,59.918839],[-102.001701,59.99992]]]]}},{"type":"Feature","id":"CA-Ontario","properties":{"name":"Ontario","country":"CA"},"geometry":{"type":"MultiPolygon","coordinates":[[[[-79.547096,51.460129],[-79.539436,51.191662],[-79.537804,50.982368],[-79.624969,51.0355],[-79.678047,51.05471],[-79.752228,51.184429],[-79.680557,51.29805],[-79.698036,51.401379],[-79.547096,51.460129]]],[[[-79.537613,50.958599],[-79.520683,48.764679],[-79.519012,48.605289],[-79.511322,47.565571],[-79.576401,47.441929],[-79.439438,47.26527],[-79.443878,47.11055],[-79.305557,46.94054],[-79.155563,46.812489],[-78.950562,46.511669],[-78.75528,46.400539],[-78.703613,46.337212],[-77.680557,46.183601],[-77.554993,46.151932],[-77.321953,46.026661],[-77.278877,45.937771],[-77.206123,45.877209],[-77.002792,45.790279],[-76.920837,45.806381],[-76.910553,45.889992],[-76.804718,45.864719],[-76.783333,45.76194],[-76.710564,45.712769],[-76.666397,45.590549],[-76.607773,45.55249],[-76.337784,45.45583],[-76.184433,45.521099],[-76.076683,45.513889],[-75.847229,45.37249],[-75.453339,45.523609],[-74.875839,45.64159],[-74.646118,45.635551],[-74.396667,45.564159],[-74.479172,45.316669],[-74.324722,45.201099],[-74.433609,45.149441],[-74.506393,45.071659],[-74.736481,44.99287],[-74.968819,44.948578],[-75.329201,44.81057],[-75.758972,44.517475],[-75.759117,44.517273],[-75.778252,44.519852],[-75.976936,44.38361],[-76.503067,44.227489],[-76.688316,44.21693],[-76.984161,44.071381],[-77.070007,44.09222],[-76.886673,44.17749],[-77.046661,44.129429],[-77.011398,44.211109],[-77.55722,44.12138],[-77.575562,44.07888],[-77.314438,44.15221],[-77.31778,44.08971],[-77.076683,44.17944],[-77.127777,44.033611],[-77.015793,44.047249],[-76.941109,44.071049],[-76.846657,44.11832],[-77.042221,43.94833],[-76.848053,43.943321],[-77.134453,43.855549],[-77.232773,43.87999],[-77.170273,43.954159],[-77.275284,43.910549],[-77.327789,43.953609],[-77.25473,43.96888],[-77.48555,43.942211],[-77.580841,44.002781],[-77.538887,44.01944],[-77.703613,44.041111],[-77.736938,44.023609],[-77.678329,44.000832],[-77.804718,44.016941],[-79.092499,43.826389],[-79.362503,43.64333],[-79.467773,43.646938],[-79.587784,43.564709],[-79.775833,43.319988],[-79.703613,43.244438],[-79.345284,43.188042],[-79.073982,43.267471],[-79.065811,43.101341],[-79.078613,43.081669],[-79.031113,43.05666],[-79.040833,43.007771],[-78.92495,42.91011],[-79.098892,42.840271],[-79.454727,42.877491],[-80.204178,42.790279],[-80.450562,42.612209],[-80.114441,42.541382],[-80.521942,42.573051],[-80.925003,42.665539],[-81.333069,42.651379],[-81.785278,42.39777],[-81.856377,42.25639],[-81.894173,42.257221],[-81.857498,42.320831],[-81.921112,42.260281],[-82.071953,42.253052],[-82.388062,42.1236],[-82.479721,42.03249],[-82.505836,41.913319],[-82.627777,42.035271],[-82.890556,41.982208],[-83.123894,42.069721],[-83.030457,42.313221],[-82.493057,42.312771],[-82.427223,42.353882],[-82.418877,42.498329],[-82.595284,42.509991],[-82.638443,42.54705],[-82.586403,42.558601],[-82.518883,42.633781],[-82.473328,42.762859],[-82.472038,42.898651],[-82.419701,42.972679],[-82.175552,43.071659],[-81.745537,43.345829],[-81.697769,43.48777],[-81.745003,44.083881],[-81.615547,44.219151],[-81.580566,44.346661],[-81.405273,44.437771],[-81.268066,44.616661],[-81.349731,44.973049],[-81.433884,44.982491],[-81.591377,45.15221],[-81.576111,45.19276],[-81.720001,45.215832],[-81.695267,45.264721],[-81.283623,45.249161],[-81.325562,45.15749],[-81.265556,45.10416],[-81.253616,45.001659],[-81.110283,44.96027],[-81.150284,44.911381],[-80.948608,44.963612],[-81.132767,44.758049],[-80.997772,44.809158],[-80.892776,44.791111],[-80.942207,44.595268],[-80.805557,44.702492],[-80.649986,44.726101],[-80.584442,44.612209],[-80.089722,44.468048],[-79.997498,44.556938],[-79.987503,44.68277],[-80.113327,44.752491],[-80.103882,44.819988],[-79.945831,44.865551],[-79.877487,44.76833],[-79.659729,44.751659],[-79.721657,44.78722],[-79.68306,44.879162],[-79.736938,44.865551],[-79.737778,44.8036],[-79.783623,44.817501],[-79.828613,44.9361],[-79.914169,44.94471],[-79.934998,45.013329],[-80.099991,45.123322],[-79.988602,45.148331],[-80.12944,45.237499],[-80.037514,45.314159],[-80.059433,45.382771],[-80.127777,45.411659],[-80.19249,45.375549],[-80.164719,45.33971],[-80.233322,45.341099],[-80.335831,45.435551],[-80.349991,45.382771],[-80.400284,45.606659],[-80.501404,45.569439],[-80.748337,45.921379],[-81.043327,45.9561],[-81.155273,45.925831],[-81.168877,46.017769],[-81.250557,45.9575],[-81.497498,45.974991],[-81.497772,46.020271],[-81.670273,45.946381],[-81.576111,45.996941],[-81.64473,46.014999],[-81.503891,46.04166],[-81.703888,46.0186],[-81.543327,46.05999],[-81.621384,46.123051],[-81.743332,46.06805],[-81.761124,46.01305],[-81.777222,46.06332],[-81.714447,46.10416],[-82.13501,46.11694],[-82.369453,46.165821],[-82.322243,46.190269],[-82.674156,46.16444],[-82.63028,46.21777],[-82.986938,46.172218],[-83.865547,46.29583],[-83.883331,46.334991],[-84.049728,46.326099],[-84.119453,46.375271],[-84.075012,46.503609],[-84.127129,46.529591],[-84.136177,46.534111],[-84.17305,46.55249],[-84.412132,46.50367],[-84.433167,46.499371],[-84.517227,46.482208],[-84.590286,46.56583],[-84.421944,46.696098],[-84.465843,46.758331],[-84.54834,46.699429],[-84.544159,46.825001],[-84.393066,46.8325],[-84.351097,46.882771],[-84.446663,46.938881],[-84.576401,46.943878],[-84.603607,46.901932],[-84.777786,46.981659],[-84.653877,47.225819],[-84.578888,47.288891],[-84.62471,47.361111],[-85.027786,47.611382],[-84.967499,47.68082],[-84.991096,47.71693],[-84.892502,47.789719],[-84.931671,47.85527],[-84.844452,47.949162],[-85.557503,47.925549],[-85.860283,47.985271],[-86.131378,48.241379],[-86.262787,48.584431],[-86.434723,48.77721],[-86.55249,48.732208],[-86.703056,48.810268],[-86.85556,48.750832],[-86.970551,48.809719],[-87.003067,48.77499],[-87.289719,48.76749],[-87.443604,48.84388],[-87.547234,48.833599],[-87.575844,48.88583],[-87.649986,48.863049],[-87.955841,48.95055],[-88.035553,49.022221],[-88.183319,48.965832],[-88.261093,48.99295],[-88.253891,48.872219],[-88.10527,48.787498],[-88.103333,48.711658],[-88.204453,48.606659],[-88.252792,48.59499],[-88.229446,48.636662],[-88.283623,48.603882],[-88.332497,48.657211],[-88.3125,48.581669],[-88.391113,48.540829],[-88.430283,48.573608],[-88.482773,48.470539],[-88.559723,48.430271],[-88.590561,48.490269],[-88.556381,48.546101],[-88.350281,48.678051],[-88.313889,48.760551],[-88.360817,48.83638],[-88.480293,48.854439],[-88.547501,48.764721],[-88.509453,48.716381],[-88.551666,48.698601],[-88.539993,48.645271],[-88.624443,48.62471],[-88.632767,48.522491],[-88.693047,48.507771],[-88.74028,48.369709],[-88.938599,48.314442],[-88.759453,48.580551],[-89.138611,48.48444],[-89.243057,48.388329],[-89.198883,48.32444],[-89.337784,48.1161],[-89.530586,48.00177],[-89.749222,48.0266],[-89.900299,47.992619],[-89.986931,48.02367],[-90.026611,48.086189],[-90.14518,48.112881],[-90.556732,48.092861],[-90.567352,48.121811],[-90.743263,48.088551],[-90.864388,48.254311],[-91.027039,48.19545],[-91.239326,48.081409],[-91.571442,48.043678],[-91.568657,48.104561],[-91.703613,48.114941],[-91.711807,48.19688],[-91.788689,48.206249],[-91.979401,48.2505],[-92.035049,48.35561],[-92.125816,48.366859],[-92.275993,48.352421],[-92.300133,48.298409],[-92.276772,48.244438],[-92.369957,48.220871],[-92.473167,48.35759],[-92.456192,48.40226],[-92.497383,48.44017],[-92.70649,48.460461],[-92.698669,48.49482],[-92.626228,48.502918],[-92.64167,48.54044],[-92.728851,48.54031],[-92.946777,48.628441],[-93.091301,48.626659],[-93.304092,48.63723],[-93.457619,48.59277],[-93.465187,48.54958],[-93.513977,48.534328],[-93.780937,48.511639],[-93.812523,48.525459],[-93.843727,48.624779],[-94.230637,48.65202],[-94.292137,48.707741],[-94.430443,48.710819],[-94.570107,48.713699],[-94.694221,48.777641],[-94.681038,48.877178],[-94.83181,49.330811],[-95.151627,49.371731],[-95.153877,49.452019],[-95.154327,49.576729],[-95.150284,52.826389],[-93.652222,53.72221],[-93.272087,53.998859],[-92.698143,54.410931],[-92.60231,54.478489],[-92.476593,54.56694],[-92.388641,54.62793],[-90.843887,55.66777],[-89.305557,56.627209],[-89.179642,56.86895],[-89.037781,56.836109],[-88.87944,56.858051],[-88.654716,56.696381],[-88.48999,56.64222],[-88.353607,56.553322],[-87.975563,56.437489],[-87.943047,56.377491],[-87.723892,56.20388],[-87.708054,56.156101],[-87.583618,56.076099],[-87.615829,56.002781],[-87.548607,56.049999],[-87.351936,55.992771],[-87.362503,55.946659],[-86.979446,55.93166],[-86.958893,55.905819],[-86.477783,55.80888],[-86.277222,55.72887],[-85.944443,55.697769],[-85.577789,55.562771],[-85.393341,55.408878],[-85.128883,55.346378],[-85.121933,55.303322],[-85.214172,55.273319],[-85.398064,55.10083],[-85.383057,55.063049],[-85.423889,54.990551],[-85.194153,55.24416],[-85.001953,55.296661],[-84.599167,55.241661],[-84.322777,55.289989],[-84.092216,55.27166],[-83.920273,55.31916],[-83.730003,55.259441],[-83.736938,55.215],[-83.686943,55.24416],[-83.601387,55.224159],[-83.561943,55.130821],[-83.583618,55.22916],[-83.698608,55.283051],[-83.179718,55.197208],[-82.964722,55.233601],[-82.895279,55.171661],[-82.946663,55.10638],[-82.884171,55.15332],[-82.650284,55.16972],[-82.555557,55.139721],[-82.536667,55.16444],[-82.319458,55.064159],[-82.338608,55.09943],[-82.308037,55.121929],[-82.340561,55.164711],[-82.245827,55.102779],[-82.287216,55.036659],[-82.254997,54.975269],[-82.270844,54.931381],[-82.195267,54.844711],[-82.358887,54.500271],[-82.441101,54.36166],[-82.434158,54.209431],[-82.362778,54.143608],[-82.381378,54.118881],[-82.321953,54.123878],[-82.243881,54.06805],[-82.12999,53.79916],[-82.21666,53.603882],[-82.114723,53.273609],[-82.250557,53.211941],[-82.301666,52.961109],[-82.101669,52.87999],[-81.973618,52.780548],[-81.988892,52.762211],[-81.921387,52.682209],[-81.558037,52.4561],[-81.553047,52.352489],[-81.478058,52.302219],[-81.561394,52.31638],[-81.747498,52.251389],[-81.82251,52.25444],[-81.883621,52.187489],[-81.758347,52.239429],[-81.501678,52.23333],[-81.352783,52.101101],[-80.988327,52.008049],[-80.899986,51.895271],[-80.815277,51.87999],[-80.599167,51.713329],[-80.515007,51.524441],[-80.436394,51.464161],[-80.424438,51.363609],[-80.487503,51.336651],[-80.652496,51.278332],[-80.75029,51.17749],[-80.844727,51.150269],[-81.015007,51.028332],[-80.93277,51.049721],[-80.943878,51.0075],[-80.862213,51.1161],[-80.694443,51.156101],[-80.530563,51.283611],[-80.392227,51.3386],[-79.996384,51.254711],[-79.741096,51.1236],[-79.684998,51.045551],[-79.537613,50.958599]]],[[[-82.878601,45.968601],[-82.809998,45.992489],[-82.842216,45.920269],[-82.757507,45.844151],[-82.592216,45.849998],[-82.539169,45.785549],[-82.509171,45.848598],[-82.586937,45.902489],[-82.299438,45.99194],[-82.167503,45.837769],[-82.048607,45.96471],[-81.92778,45.978039],[-81.888344,45.949429],[-81.90834,45.891941],[-81.820282,45.880268],[-81.847229,45.785271],[-81.799988,45.732208],[-81.683609,45.904991],[-81.655838,45.861111],[-81.70723,45.798328],[-81.587219,45.799999],[-81.719452,45.606098],[-81.863327,45.52055],[-81.99472,45.559719],[-81.898064,45.577492],[-81.761124,45.701099],[-82.065826,45.55888],[-82.689163,45.793049],[-83.213333,45.873878],[-83.186943,45.96471],[-83.091377,45.919441],[-83.054993,45.960548],[-82.983887,45.930271],[-82.878601,45.968601]]]]}}]}